ascii_name	country_code
'Abas Abad	IR
'Abasan al Kabirah	PS
'Afak	IQ
'Ain Abid	DZ
'Ain Azel	DZ
'Ain Benian	DZ
'Ain Boucif	DZ
'Ain Deheb	DZ
'Ain Merane	DZ
'Ain el Bell	DZ
'Ain el Berd	DZ
'Ain el Hadjar	DZ
'Ain el Hammam	DZ
'Ain el Melh	DZ
'Ain el Turk	DZ
'Ajlun	JO
'Alem Ketema	ET
'Alem T'ena	ET
'Alemaya	ET
'Ali al Gharbi	IQ
'Amran	YE
'Amuda	SY
'Anah	IQ
'Anat al Qadimah	IQ
'Anata	PS
'Anbarabad	IR
'Aqrah	IQ
'Ar'ara	IL
'Ar'ara BaNegev	IL
'Ardamata	SD
'Atarut	PS
'Attil	PS
'Ayn al 'Arab	SY
'Ein Mahil	IL
'Ewa Beach	US
'Ewa Gentry	US
'Ibri	OM
'Inak	SA
'Irqah	SA
'Isfiya	IL
'Izbat 'Ali as Sayyid	EG
'Uyun al Jiwa'	SA
's-Gravenland	NL
's-Gravenzande	NL
's-Hertogenbosch	NL
6th of October City	EG
A Coruna	ES
A Estrada	ES
A Yun Pa	VN
AEaenekoski	FI
AElajaervi	FI
AEnew	TM
AEngelholm	SE
AEussere Neustadt	DE
ALdinigila wad dhahi	SD
Aabenraa	DK
Aachen	DE
Aajaltoun	LB
Aalanden	NL
Aalborg	DK
Aalen	DE
Aalsmeer	NL
Aalst	BE
Aalten	NL
Aalter	BE
Aarau	CH
Aarschot	BE
Aartselaar	BE
Ab Sard	IR
Aba	NG
Abadan	IR
Abadeh	IR
Abadia de Goias	BR
Abadla	DZ
Abaete	BR
Abaetetuba	BR
Abaiara	BR
Abak	NG
Abakaliki	NG
Abakan	RU
Abakumova	UA
Abala	ET
Abalak	NE
Abancay	PE
Abano Terme	IT
Abaran	ES
Abare	BR
Abashiri	JP
Abasolo	MX
Abay	KZ
Abaza	RU
Abbaspur	IN
Abbeville	FR
Abbey Road	GB
Abbey Wood	GB
Abbiategrasso	IT
Abbots Langley	GB
Abbotsford	CA
Abbottabad	PK
Abdanan	IR
Abdel Begrou	ML
Abderafi	ET
Abdu Rahiman Nagar	IN
Abdul Khel	PK
Abdulino	RU
Abeche	TD
Abejorral	CO
Abelardo Luz	BR
Abengourou	CI
Abensberg	DE
Abeokuta	NG
Abepura	ID
Abercarn	GB
Aberdare	GB
Aberdeen	GB
Aberfoyle Park	AU
Abergavenny	GB
Abergele	GB
Aberkenfig	GB
Abertillery	GB
Aberystwyth	GB
Abha	SA
Abhanpur	IN
Abhar	IR
Abhayapuri	IN
Abidjan	CI
Abiko	JP
Abilene	US
Abim	UG
Abingdon	GB
Abington	US
Abinsk	RU
Abiy Adi	ET
Abnub	EG
Abobo	CI
Abohar	IN
Aboisso	CI
Aboisso Comoe	CI
Aboka	CI
Abomey	BJ
Abomey-Calavi	BJ
Abomsa	ET
Abong Mbang	CM
Abongoua	CI
Abony	HU
Abou Deia	TD
Abou el Hassan	DZ
Aboude	CI
Abovyan	AM
Abqaiq	SA
Abram	GB
Abrama	IN
Abrantes	ES
Abre Campo	BR
Abrego	CO
Abrera	ES
Abreu e Lima	BR
Abreus	CU
Abrisham	IR
Abu	IN
Abu Dhabi	AE
Abu Dis	PS
Abu Ghurayb	IQ
Abu Hammad	EG
Abu Hayl	AE
Abu Hummus	EG
Abu Jibeha	SD
Abu Kabir	EG
Abu Qurqas	EG
Abu Road	IN
Abu Sinan	IL
Abu Suweir-el-Mahatta	EG
Abu Tij	EG
Abu Tisht	EG
Abu Zabad	SD
Abu Zayyan	LY
Abu `Arish	SA
Abu al Matamir	EG
Abu an Numrus	EG
Abucay	PH
Abuja	NG
Abuko	GM
Aburi	GH
Abuyog	PH
Abyei	SD
Abyek	IR
Acacias	CO
Acailandia	BR
Acajete	MX
Acajutiba	BR
Acajutla	SV
Acala	MX
Acambaro	MX
Acanceh	MX
Acaponeta	MX
Acapulco de Juarez	MX
Acara	BR
Acarape	BR
Acarau	BR
Acari	BR
Acarigua	VE
Acarlar	TR
Acatenango	GT
Acatic	MX
Acatlan de Juarez	MX
Acatlan de Osorio	MX
Acatzingo	MX
Acayucan	MX
Accokeek	US
Accra	GH
Accrington	GB
Acerra	IT
Achaguas	VE
Achalpur	IN
Achampet	IN
Achanputtur	IN
Acharapakkam	IN
Acharipallam Vaniyakudi	IN
Acharnes	GR
Acheng	CN
Acheres	FR
Achern	DE
Achhibal	IN
Achhnera	IN
Achim	DE
Achinsk	RU
Achkhoy-Martan	RU
Achocalla	BO
Aci Castello	IT
Aci Catena	IT
Aci Sant'Antonio	IT
Acilia-Castel Fusano-Ostia Antica	IT
Acipayam	TR
Acireale	IT
Acocks Green	GB
Aconibe	GQ
Acopiara	BR
Acornhoek	ZA
Acoyapa	NI
Acquaviva delle Fonti	IT
Acqui Terme	IT
Acre	IL
Acrelandia	BR
Acreuna	BR
Acton	GB
Actopan	MX
Acu	BR
Acuitlapilco	MX
Acushnet	US
Acworth	US
Ad Dabbah	SD
Ad Dali`	YE
Ad Dana	SY
Ad Darbasiyah	SY
Ad Darwa	MA
Ad Dasmah	KW
Ad Dawadimi	SA
Ad Dawhah al Jadidah	QA
Ad Dilam	SA
Ad Dilinjat	EG
Ad Dindar	SD
Ad Dir'iyah	SA
Ad Douiem	SD
Ad Dujayl	IQ
Ad Duraykish	SY
Ad-Damazin	SD
Ad-Damir	SD
Ad-Dindar	SD
Ada	US
Adachi	JP
Adahidoukou	CI
Adalaj	IN
Adam	OM
Adamantina	BR
Adampur	IN
Adams Morgan	US
Adana	TR
Adanattutekkumuri Kizhakku	IN
Adapazari	TR
Adda-Doueni	KM
Addanki	IN
Addis Ababa	ET
Addison	US
Addlestone	GB
Adebaye	ET
Adeje	ES
Adelaide	AU
Adelaide Hills	AU
Adelaide city centre	AU
Adelanto	US
Adelfas	ES
Adelfia	IT
Adelphi	US
Aden	YE
Adenta	GH
Adet	ET
Adh Dhayd	AE
Adi Keyh	ER
Adiake	CI
Adichanallur	IN
Adigaratti	IN
Adigrat	ET
Adilabad	IN
Adilcevaz	TR
Adirampattinam	IN
Adis 'Alem	ET
Adis K'idame	ET
Adis Zemen	ET
Adiwerna	ID
Adiyaman	TR
Adiyanuthu	IN
Adjamene	CI
Adjaouere	BJ
Adjarra	BJ
Adjud	RO
Adjumani	UG
Adler	RU
Adlershof	DE
Adliswil	CH
Admiralteisky	RU
Admiralty	SG
Ado-Ekiti	NG
Ado-Odo	NG
Adolfo Ruiz Cortines	MX
Adoni	IN
Adra	ES
Adrano	IT
Adrar	DZ
Adrasmon	TJ
Adre	TD
Adria	IT
Adrian	US
Adriano	IT
Adrogue	AR
Adur	IN
Adustina	BR
Aduthurai	IN
Adwa	ET
Adwick le Street	GB
Adygeysk	RU
Adzope	CI
Aerzen	DE
Aesch	CH
Affery	CI
Affoltern am Albis	CH
Affton	US
Afgooye	SO
Afif	SA
Afikpo	NG
Afipskiy	RU
Aflao	GH
Aflou	DZ
Afogados da Ingazeira	BR
Afonso Bezerra	BR
Afonso Claudio	BR
Afourer	MA
Afragola	IT
Afranio	BR
Afsin	TR
Afua	BR
Afula	IL
Afurada de Baixo	PT
Afyonkarahisar	TR
Afzalgarh	IN
Afzalpur	IN
Aga	EG
Agadez	NE
Agadir	MA
Agaie	NG
Agano	JP
Agar	IN
Agaram	IN
Agareb	TN
Agaro	ET
Agartala	IN
Agate Beach	US
Agats	ID
Agawam	US
Agbaou	CI
Agbor	NG
Agboville	CI
Agdam	AZ
Agdas	AZ
Agde	FR
Agdz	MA
Agdzhabedy	AZ
Agen	FR
Agenebode	NG
Ageo	JP
Aghajari	IR
Aghstafa	AZ
Aghsu	AZ
Agia Paraskevi	GR
Agia Varvara	GR
Agidel'	RU
Agincourt North	CA
Agincourt South-Malvern West	CA
Aginskoye	RU
Agioi Anargyroi	GR
Agios Athanasios	GR
Agios Dimitrios	GR
Agios Dometios	CY
Agios Ioannis Rentis	GR
Agios Nikolaos	GR
Aglantzia	CY
Agliana	IT
Aglipay	PH
Agnibilekrou	CI
Agnita	RO
Ago-Are	NG
Agogo	GH
Agoo	PH
Agoura	US
Agoura Hills	US
Agourai	MA
Agra	IN
Agrahara Samakkulam	IN
Agrate Brianza	IT
Agrestina	BR
Agri	TR
Agrigento	IT
Agrinio	GR
Agrolandia	BR
Agropoli	IT
Agryz	RU
Agua Azul do Norte	BR
Agua Boa	BR
Agua Branca	BR
Agua Caliente	US
Agua Clara	BR
Agua Doce do Maranhao	BR
Agua Doce do Norte	BR
Agua Dulce	MX
Agua Fria	BR
Agua Preta	BR
Agua Prieta	MX
Agua Rasa	BR
Agua de Dios	CO
Aguachica	CO
Aguada de Pasajeros	CU
Aguadas	CO
Aguadilla	PR
Aguadulce	ES
Aguai	BR
Aguas Belas	BR
Aguas Claras	BR
Aguas Formosas	BR
Aguas Lindas de Goias	BR
Aguas Santas	PT
Aguas Vermelhas	BR
Aguas de Lindoia	BR
Aguascalientes	MX
Aguaytia	PE
Aguazul	CO
Agudo	BR
Agudos	BR
Agudos do Sul	BR
Agueda	PT
Aguelmous	MA
Agui	JP
Aguie	NE
Aguilar	ES
Aguilares	AR
Aguilas	ES
Aguimes	ES
Aguisan	PH
Agulu	NG
Agusan	PH
Agustin Codazzi	CO
Agutaya	PH
Ah Lel	MM
Ah Pyin Pa Dan	MM
Ah Twin Pa Dan	MM
Ahar	IR
Ahaus	DE
Ahero	KE
Ahfir	MA
Ahigbe Koffikro	CI
Ahilyanagar	IN
Ahiri	IN
Ahirkheri	IN
Ahiwara	IN
Ahlat	TR
Ahlem	DE
Ahlen	DE
Ahlone	MM
Ahmadbayli	AZ
Ahmadpur	IN
Ahmadpur East	PK
Ahmadpur Sial	PK
Ahmed Bel Hadj	DZ
Ahmedabad	IN
Ahmedgarh	IN
Ahmetli	TR
Ahoada	NG
Ahome	MX
Ahor	IN
Ahouanou	CI
Ahraura	IN
Ahrensburg	DE
Ahu	CN
Ahuachapan	SV
Ahualulco de Mercado	MX
Ahuntsic-Cartierville	CA
Ahvaz	IR
Ahwa	IN
Ahwatukee Foothills	US
Ahwiaa	GH
Aibak	AF
Aichach	DE
Aigaleo	GR
Aigio	GR
Aigle	CH
Aihara	JP
Aihui	CN
Aiken	US
Aikou	CN
Aileu	TL
Aimogasta	AR
Aimores	BR
Ain Arnat	DZ
Ain Attig	MA
Ain Beida	DZ
Ain Beni Mathar	MA
Ain Bessem	DZ
Ain Cheggag	MA
Ain Defla	DZ
Ain El Aouda	MA
Ain Fakroun	DZ
Ain Harrouda	MA
Ain Kercha	DZ
Ain Lechiakh	DZ
Ain M'Lila	DZ
Ain Oulmene	DZ
Ain Oussera	DZ
Ain Sefra	DZ
Ain Smara	DZ
Ain Sukhna	EG
Ain Taoujdat	MA
Ain Taya	DZ
Ain Temouchent	DZ
Ain Touta	DZ
Ain el Bya	DZ
Ain el Hadjel	DZ
Ainaro	TL
Ainring	DE
Aioi	JP
Aira	JP
Airdrie	CA
Aire-sur-la-Lys	FR
Airoli	IN
Airport	US
Aisai	JP
Aiseau	BE
Aistala	IN
Ait Melloul	MA
Ait Ourir	MA
Ait Yazza	MA
Aiuaba	BR
Aiud	RO
Aix-en-Provence	FR
Aix-les-Bains	FR
Aizawl	IN
Aizu-Wakamatsu	JP
Aizu-misato Machi	JP
Ajab Shir	IR
Ajaccio	FR
Ajaigarh	IN
Ajalpan	MX
Ajanur	IN
Ajaokuta	NG
Ajapnyak	AM
Ajara	IN
Ajasse Ipo	NG
Ajax	CA
Ajdabiya	LY
Ajeetgarh	IN
Ajegunle	NG
Ajijic	MX
Ajiki	JP
Ajim	TN
Ajjampur	IN
Ajka	HU
Ajman	AE
Ajmer	IN
Ajnala	IN
Ajuda	PT
Ak-Dovurak	RU
Ak-Suu	KG
Akabane	JP
Akabira	JP
Akademgorodok	RU
Akademicheskoe	RU
Akademmistechko	UA
Akaike	JP
Akaiwa	JP
Akalkot	IN
Akalkuva	IN
Akaltara	IN
Akanda	GA
Akasaka	JP
Akashi	JP
Akatsi	GH
Akatsuka	JP
Akbarpur	IN
Akbez	TR
Akbou	DZ
Akcaabat	TR
Akcadag	TR
Akcakale	TR
Akcakoca	TR
Akcapinar	TR
Akdagmadeni	TR
Akdepe	TM
Akersberga	SE
Akesalayi	CN
Aketi	CD
Akhaltsikhe	GE
Akhisar	TR
Akhmim	EG
Akhnur	IN
Akhtubinsk	RU
Akhty	RU
Akhtyrskiy	RU
Aki	JP
Aki-takata	JP
Akihabara	JP
Akil	MX
Akim Oda	GH
Akim Swedru	GH
Akiruno	JP
Akishima	JP
Akita	JP
Akitsu	JP
Akividu	IN
Akjoujt	MR
Akkarampalle	IN
Akkol'	KZ
Akkus	TR
Aklera	IN
Aklim	MA
Akluj	IN
Akoda	IN
Akodia	IN
Akola	IN
Akonolinga	CM
Akora Khattak	PK
Akot	IN
Akouda	TN
Akoupe	CI
Akowonjo	NG
Akron	US
Akropong	GH
Aksaray	TR
Aksay	RU
Aksehir	TR
Akseki	TR
Aksu	KZ
Aksum	ET
Aktau	KZ
Aktobe	KZ
Aku	NG
Akune	JP
Akure	NG
Akureyri	IS
Akwanga	NG
Akwatia	GH
Akyazi	TR
Akyurt	TR
Al 'Amarah	IQ
Al 'Aqiq	SA
Al 'Ashir min Ramadan	EG
Al 'Awwamiyah	SA
Al 'Ayn as Sukhnah	EG
Al 'Ayyat	EG
Al 'Ayzariyah	PS
Al 'Aziziyah	LY
Al 'Idwah	EG
Al 'Ubaydiyah	PS
Al 'Unayzah	QA
Al Aaroui	MA
Al Abyar	LY
Al Ahmadi	KW
Al Ain City	AE
Al Ajaylat	LY
Al Asabi'ah	LY
Al Awjam	SA
Al Azraq ash Shamali	JO
Al Bab	SY
Al Bada'a	AE
Al Bada'i' al Wusta	SA
Al Badari	EG
Al Badrashayn	EG
Al Bahah	SA
Al Bajur	EG
Al Balyana	EG
Al Basaliyah Bahri	EG
Al Basrah al Qadimah	IQ
Al Battaliyah	SA
Al Bawiti	EG
Al Bayadiyah	EG
Al Bayda	YE
Al Bayda'	LY
Al Birah	PS
Al Brouj	MA
Al Bukayriyah	SA
Al Burayj	PS
Al Buraymi	OM
Al Burayqah	LY
Al Burj	EG
Al Diwaniyah	IQ
Al Fahahil	KW
Al Fallujah	IQ
Al Farwaniyah	KW
Al Fashn	EG
Al Faw	IQ
Al Fayyum	EG
Al Fintas	KW
Al Fqih Ben Calah	MA
Al Fuhays	JO
Al Fulah	SD
Al Furjan	AE
Al Ghanayim	EG
Al Ghanim	QA
Al Ghayzah	YE
Al Ghurayfah	LY
Al Hadd	BH
Al Hamidiyah	AE
Al Hammam	EG
Al Hamul	EG
Al Harithah	IQ
Al Hasaheisa	SD
Al Hasakah	SY
Al Hawamidiyah	EG
Al Hawatah	SD
Al Hayy	IQ
Al Hazm	YE
Al Hilal al Gharbiyah	QA
Al Hilal ash Sharqiyah	QA
Al Hilaliyya	SD
Al Hillah	IQ
Al Hindiyah	IQ
Al Hirak	SY
Al Hoceima	MA
Al Hudaydah	YE
Al Hufuf	SA
Al Hurshah	LY
Al Husayniyah	EG
Al Ibrahimiyah	EG
Al Jadid	LY
Al Jahra'	KW
Al Jammaliyah	EG
Al Jawf	LY
Al Jazeera Aba	SD
Al Jazirah al Hamra'	AE
Al Jubayhah	JO
Al Jubayl	SA
Al Jumayl	LY
Al Jumum	SA
Al Jurf	AE
Al Karama	AE
Al Kawa	SD
Al Khabra'	SA
Al Khaburah	OM
Al Khafji	SA
Al Khankah	EG
Al Kharj	SA
Al Kharjah	EG
Al Khawaneej 1	AE
Al Khawr	QA
Al Khums	LY
Al Khusus	EG
Al Kiswah	SY
Al Lagowa	SD
Al Lith	SA
Al Madinah	IQ
Al Mahallah al Kubra	EG
Al Mahawil	IQ
Al Mahbulah	KW
Al Mahmudiyah	IQ
Al Mahwit	YE
Al Majaridah	SA
Al Majaz	AE
Al Malikiyah	SY
Al Manaqil	SD
Al Manqaf	KW
Al Mansurah	EG
Al Manzalah	EG
Al Maraghah	EG
Al Marj	LY
Al Markhiyah	QA
Al Matar al 'Atiq	QA
Al Matariyah	EG
Al Mawsil al Jadidah	IQ
Al Mayadin	SY
Al Mayah	LY
Al Mijlad	SD
Al Minshah	EG
Al Miqdadiyah	IQ
Al Mishkhab	IQ
Al Mithnab	SA
Al Mizhar First	AE
Al Mizhar Second	AE
Al Mubarraz	SA
Al Muharraq	BH
Al Munayzilah	SA
Al Murar al Qadim	AE
Al Musayfirah	SY
Al Musayyib	IQ
Al Muteena	AE
Al Qa'im	IQ
Al Qabil	OM
Al Qadarif	SD
Al Qahirah al Jadidah	EG
Al Qamishli	SY
Al Qanatir al Khayriyah	EG
Al Qanayat	EG
Al Qantarah	EG
Al Qararah	PS
Al Qaryatayn	SY
Al Qassasin	EG
Al Qatif	SA
Al Qawasim	LY
Al Qitena	SD
Al Qubbah	LY
Al Qunaytirah	SY
Al Qurayn	EG
Al Qurnah	IQ
Al Qusais 1	AE
Al Qusais Second	AE
Al Qusayr	SY
Al Qusiyah	EG
Al Qutayfah	SY
Al Safa	AE
Al Sajaah	AE
Al Shamkhah City	AE
Al Twar 3	AE
Al Twar First	AE
Al Wafrah	KW
Al Waheda	AE
Al Wajh	SA
Al Wakrah	QA
Al Waqf	EG
Al Warqaa	AE
Al Wasitah	EG
Al Wasl	AE
Al Yamun	PS
Al'burikent	RU
Al'met'yevsk	RU
Al-'Aluas	LY
Al-'Ubur	EG
Al-Barka	PH
Al-Fashaqah	SD
Al-Faw	SD
Al-Hamdaniya	IQ
Al-Junaynah	SD
Al-Kharijah	EG
Al-Kut	IQ
Al-Minya al-Jadidah	EG
Al-Qutaynah	SD
Al-Tabqa	SY
Al-`Ula	SA
AlZwya	IQ
Ala	IN
Ala Moana - Kaka'ako	US
Ala'er	CN
Ala-Buka	KG
Alabaster	US
Alabel	PH
Alaca	TR
Alafaya	US
Alaghsas	NE
Alagir	RU
Alagoa Grande	BR
Alagoa Nova	BR
Alagoinha	BR
Alagoinhas	BR
Alahabad	PK
Alajuela	CR
Alajuelita	CR
Alam Damai	MY
Alamaiti	CN
Alamar	CU
Alamata	ET
Alameda	US
Alameda de Osuna	ES
Alaminos	PH
Alamo	MX
Alamogordo	US
Alampalaiyam	IN
Alampur	IN
Aland	IN
Alandi	IN
Alandur	IN
Alang	IN
Alangad	IN
Alanganallur	IN
Alangayam	IN
Alangudi	IN
Alangulam	IN
Alankod	IN
Alanya	TR
Alapakam	IN
Alapayevsk	RU
Alapli	TR
Alappuzha	IN
Alaquas	ES
Alarobia	MG
Alasehir	TR
Alassio	IT
Alatri	IT
Alattur	IN
Alatyr'	RU
Alausi	EC
Alaverdi	AM
Alavijeh	IR
Alavus	FI
Alba	IT
Alba Adriatica	IT
Alba Iulia	RO
Albacete	ES
Albaderia	GN
Albal	ES
Albania	CO
Albano Laziale	IT
Albany	US
Albany Creek	AU
Albany Park	US
Albardon	AR
Albatera	ES
Albemarle	US
Albenga	IT
Alberic	ES
Albert	FR
Albert Lea	US
Albert Park	CA
Albertirsa	HU
Alberton	ZA
Albertslund	DK
Albertville	US
Albi	FR
Albignasego	IT
Albino	IT
Albion	CA
Albion Park	AU
Alblasserdam	NL
Albolote	ES
Alborada Jaltenco	MX
Alboraya	ES
Albox	ES
Albstadt	DE
Albu Kamal	SY
Albufeira	PT
Albuquerque	US
Alby	SE
Alcabideche	PT
Alcala de Guadaira	ES
Alcala de Henares	ES
Alcala del Rio	ES
Alcala la Real	ES
Alcalde Diaz	PA
Alcamo	IT
Alcaniz	ES
Alcantara	PT
Alcantaras	BR
Alcantarilla	ES
Alcaudete	ES
Alcazar de San Juan	ES
Alchevsk	UA
Alcobaca	BR
Alcobendas	ES
Alcorcon	ES
Alcoy	ES
Alcudia	ES
Aldaia	ES
Aldama	MX
Aldan	RU
Aldeia de Paio Pires	PT
Aldeias Altas	BR
Alderetes	AR
Aldergrove	CA
Aldershot	GB
Alderwood	CA
Aldine	US
Aldinga Beach	AU
Aldoar	PT
Aldrich Bay	HK
Aldridge	GB
Aleg	MR
Alegre	BR
Alegrete	BR
Aleksandriyskaya	RU
Aleksandrov	RU
Aleksandrovsk	RU
Aleksandrovsk-Sakhalinskiy	RU
Aleksandrovskoye	RU
Aleksandrow Kujawski	PL
Aleksandrow Lodzki	PL
Alekseyevka	RU
Aleksin	RU
Aleksotas	LT
Alem Paraiba	BR
Alencon	FR
Alengad	IN
Alenquer	BR
Alepe	CI
Aleppo	SY
Ales	FR
Alesd	RO
Aleshtar	IR
Alessandria	IT
Alesund	NO
Alexander City	US
Alexandra	ZA
Alexandra Estate	SG
Alexandra Hills	AU
Alexandreia	GR
Alexandria	EG
Alexandroupoli	GR
Alexania	BR
Alexeyevka	RU
Aley	LB
Aleysk	RU
Alfafar	ES
Alfeld	DE
Alfena	PT
Alfenas	BR
Alfornelos	PT
Alfortville	FR
Alfragide	PT
Alfredo Baquerizo Moreno	EC
Alfredo Chaves	BR
Alfredo V. Bonfil	MX
Alfredo Wagner	BR
Alfreton	GB
Alfter	DE
Algarrobo	CL
Algeciras	ES
Algemesi	ES
Alges	PT
Algete	ES
Alghero	IT
Algiers	DZ
Alginet	ES
Algonquin	US
Algorta	ES
Algueirao	PT
Alhama de Murcia	ES
Alhambra	US
Alhandra	BR
Alhaurin de la Torre	ES
Alhaurin el Grande	ES
Alhos Vedros	PT
Ali	IN
Ali Mendjeli	DZ
Ali Sabih	DJ
Aliade	NG
Aliaga	TR
Aliamanu / Salt Lakes / Foster Village	US
Alianca	BR
Aliayabiagba	NG
Alibag	IN
Alicante	ES
Alice	US
Alice Springs	AU
Alicia	PH
Alief	US
Aliganj	IN
Aligarh	IN
Aligudarz	IR
Alijo	PT
Alimos	GR
Alimosho	NG
Alindao	CF
Alingsas	SE
Alipur	PK
Alipur Duar	IN
Alirajpur	IN
Aliso Viejo	US
Aliwal North	ZA
Aliyabad	IN
Aljaraque	ES
Alken	BE
Alkhan-Kala	RU
Alkmaar	NL
Allada	BJ
Allahganj	IN
Allanridge	ZA
Allapalli	IN
Allapattah	US
Allapuram	IN
Allauch	FR
Allegheny West	US
Allemansdrif	ZA
Allen	US
Allen Park	US
Allendale	US
Allende	MX
Allentown	US
Allerod	DK
Alleroy	RU
Allerton	GB
Alliance	US
Allinagaram	IN
Allipur	IN
Allison Park	US
Alliston	CA
Alloa	GB
Allonnes	FR
Allouez	US
Allschwil	CH
Allston	US
Alma	CA
Almada	PT
Almafuerte	AR
Almagro	ES
Almancil	PT
Almansa	ES
Almassora	ES
Almaty	KZ
Almecatla	MX
Almeirim	BR
Almelo	NL
Almenara	BR
Almendares	CU
Almendralejo	ES
Almendrales	ES
Almere Stad	NL
Almeria	ES
Almirante Tamandare	BR
Almis du Guigou	MA
Almolonga	GT
Almonte	ES
Almora	IN
Almoradi	ES
Almozara	ES
Almunecar	ES
Alnavar	IN
Aloha	US
Along	IN
Alor Gajah	MY
Alor Setar	MY
Alora	ES
Alot	IN
Alotau	PG
Alotenango	GT
Alovera	ES
Alpedrete	ES
Alpen	DE
Alpena	US
Alpharetta	US
Alphen aan den Rijn	NL
Alpignano	IT
Alpine	US
Alpinopolis	BR
Alppiharju	FI
Alquizar	CU
Alsager	GB
Alsdorf	DE
Alsergrund	AT
Alsfeld	DE
Alsip	US
Alsterdorf	DE
Alt-Hohenschoenhausen	DE
Alt-Treptow	DE
Alta	NO
Alta Floresta d'Oeste	BR
Alta Gracia	AR
Alta Vista	CA
Altadena	US
Altagracia de Orituco	VE
Altai	MN
Altamira	BR
Altamont	US
Altamonte Springs	US
Altamura	IT
Altavilla Vicentina	IT
Altay	KZ
Altayskoye	RU
Altdorf	DE
Altdorf bei Nuernberg	DE
Altea	ES
Altena	DE
Altenburg	DE
Altenstadt	DE
Altensteig	DE
Altepexi	MX
Alterosa	BR
Altes Lager	DE
Altglienicke	DE
Altinekin	TR
Altinho	BR
Altinoluk	TR
Altinopolis	BR
Altinsehir	TR
Alto Alegre	BR
Alto Alegre do Maranhao	BR
Alto Alegre do Pindare	BR
Alto Alegre dos Parecis	BR
Alto Araguaia	BR
Alto Barinas	VE
Alto De Pinheiros	BR
Alto Garcas	BR
Alto Hama	AO
Alto Hospicio	CL
Alto Longa	BR
Alto Lucero	MX
Alto Molocue	MZ
Alto Paraiso	BR
Alto Paraiso de Goias	BR
Alto Parana	BR
Alto Parnaiba	BR
Alto Rio Doce	BR
Alto Santo	BR
Alto Taquari	BR
Alto do Rodrigues	BR
Altoetting	DE
Alton	US
Altona	DE
Altona Meadows	AU
Altona North	AU
Altona-Altstadt	DE
Altona-Nord	DE
Altonia	BR
Altoona	US
Altos	BR
Altotonga	MX
Altpinar	TR
Altrincham	GB
Altstadt	DE
Altstadt Nord	DE
Altstadt Sud	DE
Altstatten	CH
Altuf'yevskiy	RU
Altunizade	TR
Altus	US
Altyn asyr	TM
Aluche	ES
Alum Rock	US
Aluminio	BR
Alur	IN
Alushta	UA
Aluva	IN
Alvalade	PT
Alvand	IR
Alvarado	MX
Alvaraes	BR
Alvares Machado	BR
Alvaro Obregon	MX
Alvin	US
Alvinopolis	BR
Alvorada	BR
Alvorada d'Oeste	BR
Alvorada do Sul	BR
Alwar	IN
Alwarkurichchi	IN
Alwaye	IN
Alytus	LT
Alzano Lombardo	IT
Alzenau in Unterfranken	DE
Alzey	DE
Alzira	ES
Am Hagenring	DE
Am Timan	TD
Ama	JP
Amadeo	PH
Amadora	PT
Amady Ounare	SN
Amaga	CO
Amagasaki	JP
Amagi	JP
Amahai	ID
Amaigbo	NG
Amajari	BR
Amaji	JP
Amakusa	JP
Amalapuram	IN
Amaliada	GR
Amalner	IN
Amambai	BR
Amami	JP
Amancio	CU
Amandelbult	ZA
Amanfrom	GH
Amanganj	IN
Amangarh	PK
Amanpur	IN
Amaraji	BR
Amarante	BR
Amarante do Maranhao	BR
Amarapura	MM
Amaravati	IN
Amargadhi	NP
Amargosa	BR
Amarillo	US
Amarpatan	IN
Amarpur	IN
Amarwara	IN
Amasya	TR
Amatitan	MX
Amatitlan	GT
Amatura	BR
Amay	BE
Amba Giorgis	ET
Ambad	IN
Ambah	IN
Ambahta	IN
Ambaji	IN
Ambajogai	IN
Ambala	IN
Ambala Sadar	IN
Ambalangoda	LK
Ambalantota	LK
Ambalavao	MG
Amballur	IN
Ambam	CM
Ambanja	MG
Ambarakaraka	MG
Ambarawa	ID
Ambares-et-Lagrave	FR
Ambarnath	IN
Ambasa	IN
Ambasamudram	IN
Ambato	EC
Ambato Boeny	MG
Ambatofinandrahana	MG
Ambatolampy	MG
Ambatondrazaka	MG
Ambattur	IN
Amberg	DE
Amberieu-en-Bugey	FR
Ambicapur Pt VIII	IN
Ambikapur	IN
Ambikapur Part-X	IN
Ambikapuram	IN
Ambilobe	MG
Ambleside	CA
Amboanjo	MG
Amboasary	MG
Ambodifotatra	MG
Ambodimanga II	MG
Ambodivoara	MG
Ambohidratrimo	MG
Ambohimahasoa	MG
Ambohitrolomahitsy	MG
Amboise	FR
Ambon	ID
Ambositra	MG
Ambovombe	MG
Ambriz	AO
Ambur	IN
Amdjarass	TD
Ameca	MX
Amecameca	MX
Amelekia	CI
Amelia Rodrigues	BR
America Dourada	BR
American Canyon	US
American Fork	US
Americana	BR
Americo Brasiliense	BR
Americus	US
Amersfoort	NL
Amersham	GB
Amersham on the Hill	GB
Ames	US
Amesbury	US
Amet	IN
Amethi	IN
Amgaon	IN
Amherst	US
Amherst Center	US
Amherstburg	CA
Ami	JP
Amiens	FR
Amilly	FR
Amin'yevo	RU
Amingarh	IN
Aminpur	IN
Amir Kola	IR
Amirdzhan	AZ
Amizmiz	MA
Amizour	DZ
Amla	IN
Amlagora	IN
Amlai	IN
Amlapura	ID
Amlapura city	ID
Amlash	IR
Amli	IN
Amloh	IN
Ammainaickanur	IN
Amman	JO
Ammanford	GB
Ammapettai	IN
Ammavarikuppam	IN
Ammi Moussa	DZ
Ammon	US
Ammur	IN
Amnat Charoen	TH
Amneville	FR
Amod	IN
Amol	IR
Amondara	TJ
Amontada	BR
Amora	PT
Amorebieta	ES
Amos	CA
Amozoc de Mota	MX
Ampahana	MG
Ampang	MY
Ampanihy	MG
Ampara	LK
Amparafaravola	MG
Amparo	BR
Ampasimanolotra	MG
Amper	NG
Ampere	BR
Amphoe Sikhiu	TH
Ampil Pram Daeum	KH
Ampliacion San Mateo	MX
Amposta	ES
Ampthill	GB
Amravati	IN
Amreli	IN
Amriswil	CH
Amritsar	IN
Amroha	IN
Amroli	IN
Amstelveen	NL
Amsterdam	NL
Amsterdam-Zuidoost	NL
Amstetten	AT
Amta	IN
Amu'er Jingtao Shequ	CN
Amudalavalasa	IN
Amudat	UG
Amungan	PH
Amuntai	ID
Amuquhu	CN
Amur	IN
Amurrio	ES
Amursk	RU
Amvrosiivka	UA
An Hai	VN
An Khe	VN
An Muileann gCearr	IE
An Nabk	SY
An Najmah	QA
An Nasiriyah	EG
An Nhon	VN
An Nimas	SA
An Nu'maniyah	IQ
An Nubariyah	EG
An Nuhud	SD
An Nusayrat	PS
An Trach	VN
An-Najaylah	EG
Anaco	VE
Anacortes	US
Anacostia	US
Anadia	BR
Anadyr	RU
Anage	BR
Anaheim	US
Anahuac	MX
Anaimalai	IN
Anaime	CO
Anaiyur	IN
Anajas	BR
Anajatuba	BR
Anak	KP
Anak Bukit	SG
Anaka	UG
Anakapalle	IN
Anakaputhur	IN
Analalava	MG
Anama	BR
Anamizu	JP
Anamur	TR
Anan	JP
Ananas	BR
Anand	IN
Anandanagar	IN
Anandnagar	IN
Anandpar	IN
Anandpur	IN
Ananguie	CI
Ananindeua	BR
Anantapur	IN
Anantnag	IN
Anapa	RU
Anapolis	BR
Anapskaya	RU
Anapu	BR
Anapurus	BR
Anar	IR
Anar Darah	AF
Anastacio	BR
Anastasiyevskaya	RU
Anatuya	AR
Anbu	CN
Anbyon-up	KP
Ancaster	CA
Ancharakandy	IN
Anchau	NG
Anchieta	BR
Anchorage	US
Ancien-Prozi	CI
Ancon	PA
Ancona	IT
Ancud	CL
Anda	CN
Andacollo	CL
Andada	IN
Andahuaylas	PE
Andalgala	AR
Andalucia	CO
Andapa	MG
Andarai	BR
Ande	CI
Andenne	BE
Anderlecht	BE
Anderlues	BE
Andernach	DE
Andernos-les-Bains	FR
Anderson	US
Andes	CO
Andijon	UZ
Andilamena	MG
Andimeshk	IR
Andipalayam	IN
Andippatti	IN
Andira	BR
Andisheh	IR
Andkhoy	AF
Andoain	ES
Andol	IN
Andong	KR
Andorinha	BR
Andorra la Vella	AD
Andoung Khmaer	KH
Andover	GB
Andovoranto	MG
Andradas	BR
Andradina	BR
Andratx	ES
Andrelandia	BR
Andresy	FR
Andrews	US
Andreyevskoye	RU
Andria	IT
Andritz	AT
Andrott	IN
Andrychow	PL
Andujar	ES
Andulo	AO
Aneho	TG
Anekal	IN
Anenecuilco	MX
Anfu	CN
Ang Mo Kio New Town	SG
Ang Thong	TH
Angamali	IN
Angarsk	RU
Angat	PH
Angatuba	BR
Angel R. Cabada	MX
Angeles City	PH
Angelim	BR
Angermuende	DE
Angers	FR
Angical	BR
Angicos	BR
Angk Tasaom	KH
Anglet	FR
Angleton	US
Angleur	BE
Angoche	MZ
Angol	CL
Angono	PH
Angouleme	FR
Angra do Heroismo	PT
Angra dos Reis	BR
Angren	UZ
Angri	IT
Anguera	BR
Anguillara Sabazia	IT
Angul	IN
Anguo	CN
Angus	CA
Angyalfoeld	HU
Anhanguera	BR
Anhua	CN
Aniassue	CI
Aniche	FR
Anicuns	BR
Anie	TG
Anisoc	GQ
Anjad	IN
Anjala	FI
Anjangaon	IN
Anjar	IN
Anjiang	CN
Anjo	JP
Anjozorobe	MG
Anju	KP
Anjugramam	IN
Anjur	IN
Anka	NG
Ankang	CN
Ankara	TR
Ankazoabo	MG
Ankazobe	MG
Ankazondandy	MG
Ankeny	US
Anklam	DE
Anklav	IN
Ankleshwar	IN
Anklesvar INA	IN
Ankola	IN
Ankpa	NG
Anlan	CN
Anliu	CN
Anloga	GH
Anlong	CN
Anlong Veaeng	KH
Anlu	CN
Ann	MM
Ann Arbor	US
Anna	RU
Anna Regina	GY
Annaba	DZ
Annaberg-Buchholz	DE
Annabichl	AT
Annaka	JP
Annal Agraharam	IN
Annamalainagar	IN
Annandale	US
Annapolis	US
Annecy	FR
Annecy-le-Vieux	FR
Annemasse	FR
Annerley	AU
Annex	CA
Annfield Plain	GB
Annigeri	IN
Anning	CN
Annino	RU
Anniston	US
Annoeullin	FR
Annonay	FR
Annur	IN
Ano Liosia	GR
Anoka	US
Anolaima	CO
Anonkoua	CI
Anori	BR
Anpachi	JP
Anping	CN
Anqing	CN
Anqiu	CN
Anroechte	DE
Ans	BE
Ansan-si	KR
Ansbach	DE
Anseong	KR
Anserma	CO
Ansermanuevo	CO
Anshan	CN
Anshing	IN
Anshun	CN
Ansonia	US
Anta	IN
Antakalnis	LT
Antakotako	MG
Antakya	TR
Antalaha	MG
Antalya	TR
Antananarivo	MG
Antanandava	MG
Antanifotsy	MG
Antarjal	IN
Antas	BR
Antelope	US
Antequera	ES
Anthem	US
Anthiyur	IN
Antibes	FR
Antigua	ES
Antigua Guatemala	GT
Antiguo Cuscatlan	SV
Antioch	US
Antipolo	PH
Antofagasta	CL
Antonina	BR
Antonio Cardoso	BR
Antonio Carlos	BR
Antonio Goncalves	BR
Antonio Prado	BR
Antonivka	UA
Antony	FR
Antratsyt	UA
Antrim	GB
Antsalova	MG
Antsirabe	MG
Antsirabe Afovoany	MG
Antsiranana	MG
Antsohihy	MG
Antsohimbondrona	MG
Antu	CN
Antwerpen	BE
Antyfiyivka	UA
Anuling	PH
Anupgarh	IN
Anuppanadi	IN
Anuppankulam	IN
Anuppur	IN
Anupshahr	IN
Anuradhapura	LK
Anusawari	TH
Anwen	CN
Anxiang	CN
Anyama	CI
Anyang	CN
Anyang-si	KR
Anyinam	GH
Anyksciai	LT
Anyuan	CN
Anzegem	BE
Anzhero-Sudzhensk	RU
Anzi	CN
Anzin	FR
Anzio	IT
Aobadai	JP
Aoi	JP
Aoji-ri	KP
Aomori	JP
Aonla	IN
Aoshi	CN
Aosta	IT
Aoto	JP
Aoulef	DZ
Aoulouz	MA
Aourir	MA
Aoxi	CN
Aoyama-hane	JP
Ap Binh Chanh	VN
Ap Binh Chau	VN
Ap Ho Phong	VN
Ap Lei Chau Estate	HK
Ap Mot	VN
Ap Phuoc Tinh	VN
Apac	UG
Apache Junction	US
Apalit	PH
Apam	GH
Apan	MX
Aparecida	BR
Aparecida de Goiania	BR
Aparecida do Taboado	BR
Aparri	PH
Apartado	CO
Apas	PH
Apaseo el Alto	MX
Apaseo el Grande	MX
Apatin	RS
Apatity	RU
Apatou	GF
Apatzingan	MX
Apaxco de Ocampo	MX
Apeldoorn	NL
Apen	DE
Apengjiang	CN
Aperibe	BR
Apex	US
Apia	WS
Apiai	BR
Apicum-Acu	BR
Apizaco	MX
Aplahoue	BJ
Aplerbeck	DE
Apodi	BR
Apolda	DE
Apollo Beach	US
Apomu	NG
Apopa	SV
Apopka	US
Apora	BR
Apostol Santiago	ES
Apostoles	AR
Apostolove	UA
Appingedam	NL
Apple Valley	US
Appleton	US
Appouessou	CI
Appukkudal	IN
Aprelevka	RU
Apricena	IT
Aprilia	IT
Apsheronsk	RU
Apt	FR
Apucarana	BR
Apui	BR
Apuiares	BR
Aq Qala	IR
Aqaba	JO
Aqsay	KZ
Aqsu	CN
Aquidaba	BR
Aquidauana	BR
Aquiraz	BR
Ar Rabiyah	KW
Ar Radisiyah Qibli	EG
Ar Rahad	SD
Ar Rahmaniyah	EG
Ar Ram wa Dahiyat al Barid	PS
Ar Ramtha	JO
Ar Raqqah	SY
Ar Rashidiyah	AE
Ar Rass	SA
Ar Rastan	SY
Ar Rayayinah	LY
Ar Rayyan	QA
Ar Rifa'	BH
Ar Riqqah	KW
Ar Riyad	EG
Ar Rommani	MA
Ar Rudayyif	TN
Ar Rumaylah	AE
Ar Rumaythah	IQ
Ar Rumaythiyah	KW
Ar Rutbah	IQ
Ar Ruways	AE
Ar-Rawdah	EG
Ara	IN
Ara Ali	ET
Ara Damansara	MY
Ara-dong	KR
Araban	TR
Arabi	ET
Arabkir	AM
Aracagi	BR
Aracaju	BR
Aracariguama	BR
Aracas	BR
Aracataca	CO
Aracati	BR
Aracatu	BR
Aracatuba	BR
Arachchalur	IN
Arachinovo	MK
Araci	BR
Aracoiaba	BR
Aracoiaba da Serra	BR
Aracruz	BR
Aracuai	BR
Arad	RO
Aradas	PT
Aradippou	CY
Aragarcas	BR
Aragoiania	BR
Aragua de Barcelona	VE
Araguaina	BR
Araguana	BR
Araguari	BR
Araguatins	BR
Arai	JP
Araioses	BR
Arak	IR
Arakawa	JP
Arakkonam	IN
Arakli	TR
Aral	KZ
Aral Moreira	BR
Arambagh	IN
Arambol	IN
Aramboli	IN
Arame	BR
Aramil	RU
Aramoko-Ekiti	NG
Aran Bidgol	IR
Aranda de Duero	ES
Arandas	MX
Arang	IN
Arangaon	IN
Arangelovac	RS
Aranjuez	ES
Arantangi	IN
Aranyaprathet	TH
Arao	JP
Arapgir	TR
Arapiles	ES
Arapiraca	BR
Arapongas	BR
Arapoti	BR
Araputanga	BR
Araquari	BR
Arar	SA
Arara	BR
Ararangua	BR
Araraquara	BR
Araras	BR
Ararat	AM
Ararenda	BR
Arari	BR
Araria	IN
Araripe	BR
Araripina	BR
Araruama	BR
Araruna	BR
Arashiyama	JP
Arasur	IN
Arataca	BR
Arateh	IR
Aratoko	JP
Aratuba	BR
Araua	BR
Arauca	CO
Araucaria	BR
Arauco	CL
Araure	VE
Aravaca	ES
Aravakkurichchi	IN
Arawa	PG
Araxa	BR
Araya	VE
Arayat	PH
Arba Minch	ET
Arbatache	DZ
Arboga	SE
Arbon	CH
Arbour Lake	CA
Arbroath	GB
Arbutus	US
Arbutus Ridge	CA
Arcachon	FR
Arcadas	BR
Arcadia	US
Arcahaie	HT
Arcata	US
Arcelia	MX
Arcella	IT
Archdale	US
Archena	ES
Archway	GB
Arco	IT
Arcola East	CA
Arcore	IT
Arcos	BR
Arcos de Valdevez	PT
Arcos de la Frontera	ES
Arcot	IN
Arcoverde	BR
Arcozelo	PT
Arcueil	FR
Ardabil	IR
Ardahan	TR
Ardakan	IR
Ardal	IR
Ardea	IT
Arden-Arcade	US
Ardesen	TR
Ardestan	IR
Ardmore	US
Ardon	RU
Ardrossan	GB
Areado	BR
Areal	BR
Arecibo	PR
Areeiro	PT
Aregua	PY
Areia	BR
Areia Branca	BR
Areiopolis	BR
Areka	ET
Arele	CN
Arenapolis	BR
Arendal	NO
Arendonk	BE
Arenella	IT
Arenillas	EC
Arenys de Mar	ES
Arenzano	IT
Areosa	PT
Arequipa	PE
Areraj	IN
Arerti	ET
Ares	BR
Arese	IT
Arewusitang	CN
Arezzo	IT
Arfa Moussaia	GN
Arfoud	MA
Arganda	ES
Arganil	PT
Arganzuela	ES
Argayash	RU
Argeles	FR
Argentan	FR
Argenteuil	FR
Argentona	ES
Argos	GR
Argueelles	ES
Argun	RU
Argungu	NG
Argyroupoli	GR
Arhavi	TR
Arheilgen	DE
Arhribs	DZ
Arhus	DK
Aribinda	BF
Arica	CL
Aricanduva	BR
Ariccia	IT
Arida	JP
Ariel	IL
Arif Wala	PK
Arifwala	PK
Ariguani	CO
Arima	TT
Aringay	PH
Arinos	BR
Ario de Rosales	MX
Aripuana	BR
Ariquemes	BR
Arish	EG
Aristobulo del Valle	AR
Arita	JP
Arivonimamo	MG
Arix	CN
Ariyallur	IN
Ariyalur	IN
Ariyankuppam	IN
Arizona City	US
Arjawinangun	ID
Arjona	CO
Arkadag	TM
Arkadak	RU
Arkadelphia	US
Arkalgud	IN
Arkalyk	KZ
Arkansas City	US
Arkavaz	IR
Arkhangel'sk	RU
Arkhara	RU
Arklow	IE
Arles	FR
Arlington	US
Arlington Heights	US
Arlit	NE
Arlon	BE
Arluno	IT
Armacao dos Buzios	BR
Armadale	AU
Armagh	GB
Armant	EG
Armavir	RU
Armdale	CA
Armenia	CO
Armentieres	FR
Armero-Guyabal	CO
Armidale	AU
Armilla	ES
Armstrong	AR
Armthorpe	GB
Armyansk	UA
Arnavutkoey	TR
Arncliffe	AU
Arnedo	ES
Arnhem	NL
Arni	IN
Arnold	GB
Arnouville	FR
Arnsberg	DE
Arnstadt	DE
Aroa	VE
Arochukwu	NG
Aroeiras	BR
Aroma	SD
Aron	IN
Arona	ES
Aroor	IN
Arouca	PT
Arpino	IT
Arrah	IN
Arraial do Cabo	BR
Arraias	BR
Arraijan	PA
Arras	FR
Arrasate / Mondragon	ES
Arrecife	ES
Arrecifes	AR
Arrentela	PT
Arriaga	MX
Arrigorriaga	ES
Arris	DZ
Arrochar	US
Arroio Grande	BR
Arroio do Meio	BR
Arroio do Sal	BR
Arroio do Tigre	BR
Arroio dos Ratos	BR
Arroyito	AR
Arroyo Grande	US
Arroyo Naranjo	CU
Arroyo Seco	AR
Arroyo de la Encomienda	ES
Arroyo de la Miel	ES
Arroyomolinos	ES
Arsen'yev	RU
Arshakunti	IN
Arsi Negele	ET
Arsikere	IN
Arsin	TR
Arsk	RU
Arsta	SE
Arsuz	TR
Art Khwajah	AF
Arta	GR
Artashat	AM
Arteaga	MX
Arteixo	ES
Artem	RU
Artemida	GR
Artemisa	CU
Artemovskiy	RU
Artena	IT
Artesia	US
Arti	RU
Artigas	UY
Artik	AM
Artondale	US
Artsyz	UA
Artur Alvim	BR
Artur Nogueira	BR
Artux	CN
Artvin	TR
Aru	CD
Arua	UG
Arucas	ES
Aruja	BR
Arukutti	IN
Arumanai	IN
Arumbavur	IN
Arumuganeri	IN
Arun Amarin	TH
Arundel	AU
Aruppukkottai	IN
Arusha	TZ
Arvada	US
Arvand Kenar	IR
Arvayheer	MN
Arverne	US
Arvi	IN
Arvika	SE
Arvin	US
Arvorezinha	BR
Arwal	IN
Arwani	IN
Aryanah	TN
Arys	KZ
Arzamas	RU
Arzano	IT
Arzew	DZ
Arzgir	RU
Arzignano	IT
Arzl	AT
As	CZ
As Pontes de Garcia Rodriguez	ES
As Sadd	QA
As Saff	EG
As Safirah	SY
As Sahil	EG
As Salahat	EG
As Salamiyah	SY
As Salihiyah al Jadidah	EG
As Salimiyah	KW
As Sallum	EG
As Salt	JO
As Samawah	IQ
As Samu'	PS
As Sanamayn	SY
As Santah	EG
As Sars	TN
As Sarw	EG
As Satwah	AE
As Satwah Sharq	AE
As Sawani	LY
As Siba'iyah	EG
As Sinbillawayn	EG
As Suki	SD
As Sulayyil	SA
As Sultah al Jadidah	QA
As Suwayq	OM
As Suwayrah	IQ
As-Suwayda	SY
Asaba	NG
Asadabad	IR
Asagaya-minami	JP
Asagayakita	JP
Asahi	JP
Asahikawa	JP
Asaita	ET
Asaka	JP
Asakuchi	JP
Asakura	JP
Asakusa	JP
Asalem	IR
Asamankese	GH
Asan	KR
Asandh	IN
Asangaon	IN
Asansol	IN
Asara	IN
Asasa	ET
Asbe Teferi	ET
Asbest	RU
Asbury Park	US
Ascencion	MX
Ascencion de Guarayos	BO
Ascension	BO
Aschaffenburg	DE
Ascheberg	DE
Aschersleben	DE
Ascoli Piceno	IT
Ascope	PE
Ascot	GB
Ascot Vale	AU
Asela	ET
Asenovgrad	BG
Aserri	CR
Ash Shafa	SA
Ash Shajarah	JO
Ash Shallal	SD
Ash Shamiyah	IQ
Ash Sharqat	IQ
Ash Shatrah	IQ
Ash Shaykh Zuwayd	EG
Ash Shuhada'	EG
Ash-Shaykh Zayid	EG
Asha	RU
Ashaiman	GH
Ashbourne	IE
Ashburn	US
Ashburton	NZ
Ashby-de-la-Zouch	GB
Ashdod	IL
Asheboro	US
Asheville	US
Ashfield	AU
Ashford	GB
Ashgabat	TM
Ashgrove	AU
Ashibetsu	JP
Ashikaga	JP
Ashington	GB
Ashiya	JP
Ashkasham	AF
Ashkelon	IL
Ashland	US
Ashmont	US
Ashmore	AU
Ashmun	EG
Ashokapuram	IN
Ashoknagar	IN
Ashoknagar Kalyangarh	IN
Ashta	IN
Ashtabula	US
Ashtarak	AM
Ashtead	GB
Ashti	IN
Ashton	ZA
Ashton in Makerfield	GB
Ashton-under-Lyne	GB
Ashuganj City	BD
Ashwaubenon	US
Asia	PH
Asifabad	IN
Asika	IN
Asilah	MA
Asind	IN
Asino	RU
Askale	TR
Asker	NO
Askim	NO
Asmar	AF
Asmara	ER
Asni	MA
Asnieres-sur-Seine	FR
Aso	JP
Asola	IN
Asosa	ET
Asparuhovo	BG
Aspe	ES
Aspen Hill	US
Asperg	DE
Aspern	AT
Aspley	AU
Aspropyrgos	GR
Assa	MA
Assab	ER
Assai	BR
Assare	BR
Asse	BE
Assebroek	BE
Assemini	IT
Assen	NL
Assendelft	NL
Assenede	BE
Assi Bou Nif	DZ
Assie koumassi	CI
Assin Foso	GH
Assinovskaya	RU
Assis	BR
Assis Chateaubriand	BR
Assiut	EG
Asslar	DE
Asso	JP
Assomada	CV
Assuefri	CI
Astana	KZ
Astanajapura	ID
Astaneh-ye Ashrafiyeh	IR
Astara	IR
Asti	IT
Astolfo Dutra	BR
Aston	GB
Astorga	BR
Astoria	US
Astrakhan	RU
Astraviec	BY
Astrea	CO
Asuncion	PY
Asuncion Mita	GT
Asuncion Nochixtlan	MX
Aswan	EG
Asyqata	KZ
At Tafilah	JO
At Taj	LY
At Tall	SY
At Tall al Kabir	EG
At Taraf	SA
At Tarif	EG
At Tayyibah	JO
At Turrah	JO
At'aye	ET
At-Bashi	KG
Atabey	TR
Ataco	CO
Atakent	KZ
Atakpame	TG
Atalaia	BR
Atalaia do Norte	BR
Ataleia	BR
Atamanovka	RU
Atamaria	ES
Atambua	ID
Atami	JP
Atani	NG
Ataq	YE
Atar	MR
Atarasquillo	MX
Atarfe	ES
Atarra	IN
Atarrabia	ES
Atascadero	US
Atascocita	US
Atasehir	TR
Atbara	SD
Atbasar	KZ
Atchison	US
Atco	US
Atebubu	GH
Atencingo	MX
Atescatempa	GT
Atfih	EG
Ath	BE
Ath Thumamah Khamsun	QA
Ath Thumamah Sab'ah wa Arba'un	QA
Ath Thumamah Sittah wa Arba'un	QA
Athagarh	IN
Athani	IN
Athens	GR
Atherstone	GB
Atherton	GB
Athi River	KE
Athieme	BJ
Athis-Mons	FR
Athiyannur	IN
Athlone	ZA
Athmallik	IN
Athner	IN
Atholi	IN
Ati	TD
Atibaia	BR
Atilio Vivacqua	BR
Atimonan	PH
Atkarsk	RU
Atlacomulco de Fabela	MX
Atlanta	US
Atlantic Beach	US
Atlantic City	US
Atlantis	ZA
Atlautla	MX
Atlixco	MX
Atmakur	IN
Atmore	US
Atotonilco el Alto	MX
Atoyac de Alvarez	MX
Atrauli	IN
Atraulia	IN
Atrobou	CI
Atronie	GH
Atru	IN
Atsiaman	GH
Atsugi	JP
Attard	MT
Attayampatti	IN
Attendorn	DE
Attibele	IN
Attili	IN
Attimarappatti	IN
Attingal	IN
Attippattu	IN
Attleboro	US
Attleborough	GB
Attock City	PK
Attur	IN
Atuncolla	PE
Atuntaqui	EC
Atwater	US
Atwater Village	US
Atyrau	KZ
Aubagne	FR
Aubange	BE
Aubenas	FR
Aubergenville	FR
Aubervilliers	FR
Aubiere	FR
Auburn	US
Auburn Bay	CA
Auburn Gresham	US
Auburn Hills	US
Auburndale	US
Auch	FR
Auchel	FR
Auchi	NG
Auckland	NZ
Auderghem	BE
Audincourt	FR
Aue	DE
Auerbach	DE
Augsburg	DE
Augusta	US
Augusto Correa	BR
Augustow	PL
Auhammadpur Majri	IN
Aulendorf	DE
Aulnay-sous-Bois	FR
Aung San	MM
Aungban	MM
Aurad	IN
Auraiya	IN
Aurangabad	IN
Aurangabad Cantonment	IN
Auray	FR
Aurelino Leal	BR
Aurich	DE
Auriflama	BR
Aurillac	FR
Aurora	US
Aurora do Para	BR
Ausa	IN
Austin	US
Austintown	US
Australind	AU
Autazes	BR
Autlan de Navarro	MX
Autun	FR
Auxerre	FR
Avadi	IN
Avalepalli	IN
Avalpundurai	IN
Avan	AM
Avanhandava	BR
Avanigadda	IN
Avaniyapuram	IN
Avanos	TR
Avare	BR
Avarua	CK
Avdiyivka	UA
Avedore	DK
Aveiro	PT
Avelino Lopes	BR
Avellaneda	AR
Avellino	IT
Avenal	US
Avenel	US
Aventura	US
Aver-o-Mar	PT
Aversa	IT
Avesta	SE
Avezzano	IT
Avignon	FR
Avila	ES
Avilala	IN
Aviles	ES
Avinashi	IN
Avinissery	IN
Avintes	PT
Avion	FR
Avocado Heights	US
Avola	IT
Avon	US
Avon Center	US
Avon Lake	US
Avon Park	US
Avondale	US
Avondale Heights	AU
Avonhead	NZ
Avrankou	BJ
Avrig	RO
Avrille	FR
Avsallar	TR
Avtovo	RU
Avtozavodskyi	UA
Avtury	RU
Avvocata	IT
Avzikent	TJ
Awa	JP
Awaji	JP
Awantipur	IN
Awara	JP
Awasa	ET
Awash	ET
Awati	CN
Aweil	SS
Awendo	KE
Awgu	NG
Awka	NG
Awlad Saqr	EG
Awoshi	GH
Awsim	EG
Awuliya	CN
Axixa	BR
Axixa do Tocantins	BR
Axochiapan	MX
Aya Nagar	IN
Ayabe	JP
Ayacucho	PE
Ayagoz	KZ
Ayakudi	IN
Ayala Alabang	PH
Ayame	CI
Ayamonte	ES
Ayana	ET
Ayanavelikulangara Vadakku	IN
Ayancheri	IN
Ayancik	TR
Ayang-ni	KP
Ayaou-Sokpa	CI
Ayapel	CO
Ayase	JP
Ayaviri	PE
Aydarken	KG
Aydin	TR
Aydun	JO
Ayer Hangat	MY
Ayer Itam	MY
Ayer Molek	MY
Ayikudi	IN
Aykel	ET
Aykhal	RU
Aykol	CN
Ayla Patakata	BD
Aylesbury	GB
Aylestone	GB
Aylmer	CA
Aymanam	IN
Ayntap	AM
Ayodhya	IN
Ayodhyapattanam	IN
Ayolas	PY
Ayorou	NE
Ayotlan	MX
Ayoun El Atrous	MR
Ayr	GB
Aytos	BG
Ayutinskiy	RU
Ayutla de los Libres	MX
Ayutuxtepeque	SV
Ayvalik	TR
Aywaille	BE
Ayyalur	IN
Ayyampalaiyam	IN
Ayyampettai	IN
Az Za'ayin	QA
Az Zabadani	SY
Az Zahiriyah	PS
Az Zahra'	LY
Az Zarqa	EG
Az Zawiyah	LY
Az Zayniyah Qibli	EG
Az Zubayr	IQ
Az Zulayl	JO
Az Zulfi	SA
Az Zuwaydah	PS
Az Zuwaytinah	LY
Azadshahr	IR
Azaguie	CI
Azalea Park	US
Azambuja	PT
Azamgarh	IN
Azangaro	PE
Azare	NG
Azazga	DZ
Azcapotzalco	MX
Azeitao	PT
Azemmour	MA
Azenha	PT
Azevedo	PT
Azhagiapandipuram	IN
Azhatebage	CN
Azhikkod	IN
Azhiyur	IN
Azhoor	IN
Azilal	MA
Azimpur	BD
Azkoitia	ES
Azle	US
Azna	IR
Aznakayevo	RU
Azogues	EC
Azor	IL
Azov	RU
Azpeitia	ES
Azrou	MA
Azua	DO
Azul	AR
Azumino	JP
Azuqueca de Henares	ES
Azusa	US
Azzaba	DZ
Azzano Decimo	IT
Ba	FJ
Ba Chuc	VN
Ba Dinh	VN
Ba GJon	VN
Ba Na	VN
Ba Vi	VN
Baalbek	LB
Baao	PH
Baar	CH
Baardheere	SO
Baarn	NL
Bab Ezzouar	DZ
Babadag	RO
Babadayhan	TM
Babadaykhan	TM
Babaeski	TR
Babahoyo	EC
Babai	IN
Babamba	CD
Babana	NG
Babanusah	SD
Babarpur	IN
Babat	ID
Babati	TZ
Babayevo	RU
Babayurt	RU
Baben	IN
Babenhausen	DE
Baberu	IN
Babile	ET
Babina	IN
Bablai	IN
Babo-Pangulo	PH
Babol	IR
Babolsar	IR
Babor	DZ
Baboua	CF
Babra	IN
Babrala	IN
Babu	CN
Babushkin	RU
Babylon	US
Bac Giang	VN
Bac Kan	VN
Bac Lieu	VN
Bac Ninh	VN
Bac Quang	VN
Bac Tu Liem	VN
Bacabal	BR
Bacabeira	BR
Bacacay	PH
Bacalar	MX
Bacanda	CI
Bacau	RO
Bacchus Marsh	AU
Bach Mai	VN
Bachatskiy	RU
Bacheli	IN
Bachhraon	IN
Bachhrawan	IN
Bachi-Yurt	RU
Bachra	IN
Bachuan	CN
Back Bay	US
Back Mountain	US
Backa Palanka	RS
Backa Topola	RS
Backnang	DE
Baclaran	PH
Bacoli	IT
Bacolod City	PH
Bacon	CI
Bacoor	PH
Baculongan	PH
Bacup	GB
Bacuri	BR
Bad Abbach	DE
Bad Aibling	DE
Bad Arolsen	DE
Bad Belzig	DE
Bad Bentheim	DE
Bad Berleburg	DE
Bad Bramstedt	DE
Bad Camberg	DE
Bad Doberan	DE
Bad Driburg	DE
Bad Duerkheim	DE
Bad Duerrenberg	DE
Bad Durrheim	DE
Bad Essen	DE
Bad Fallingbostel	DE
Bad Frankenhausen	DE
Bad Freienwalde	DE
Bad Gandersheim	DE
Bad Harzburg	DE
Bad Hersfeld	DE
Bad Homburg vor der Hoehe	DE
Bad Honnef	DE
Bad Iburg	DE
Bad Kissingen	DE
Bad Kreuznach	DE
Bad Laasphe	DE
Bad Langensalza	DE
Bad Lauterberg im Harz	DE
Bad Liebenwerda	DE
Bad Lippspringe	DE
Bad Mergentheim	DE
Bad Muender am Deister	DE
Bad Muenstereifel	DE
Bad Nauheim	DE
Bad Nenndorf	DE
Bad Neuenahr-Ahrweiler	DE
Bad Neustadt an der Saale	DE
Bad Oeynhausen	DE
Bad Oldesloe	DE
Bad Orb	DE
Bad Pyrmont	DE
Bad Rappenau	DE
Bad Reichenhall	DE
Bad Sackingen	DE
Bad Salzdetfurth	DE
Bad Salzuflen	DE
Bad Salzungen	DE
Bad Sassendorf	DE
Bad Saulgau	DE
Bad Schwalbach	DE
Bad Schwartau	DE
Bad Segeberg	DE
Bad Soden am Taunus	DE
Bad Soden-Salmuenster	DE
Bad Staffelstein	DE
Bad Toelz	DE
Bad Urach	DE
Bad Vilbel	DE
Bad Waldsee	DE
Bad Wildungen	DE
Bad Windsheim	DE
Bad Worishofen	DE
Bad Wuennenberg	DE
Bad Wurzach	DE
Bad Zwischenahn	DE
Bada	IN
Bada Barabil	IN
Bada Malhera	IN
Badagara	IN
Badagry	NG
Badajoz	ES
Badaling	CN
Badalona	ES
Badamdar	AZ
Badami	IN
Badamibagh	IN
Badarganj	BD
Badarpur	IN
Badarwas	IN
Baddi	IN
Baddomalhi	PK
Bade	TW
Baden	AT
Baden-Baden	DE
Badenstedt	DE
Badepalli	IN
Badessa	ET
Badgam	IN
Badger	US
Badi	IN
Badin	PK
Badiyah	OM
Badlapur	IN
Badnawar	IN
Badou	TG
Badr	EG
Badr Hunayn	SA
Badshahpur	IN
Badulla	LK
Baduria	IN
Badvel	IN
Bady Bassitt	BR
Baeherden	TM
Baekrajan	ID
Baena	ES
Baependi	BR
Baesweiler	DE
Baetovo	KG
Baeza	ES
Bafang	CM
Bafata	GW
Baffa	PK
Bafia	CM
Bafilo	TG
Bafoulabe	ML
Bafoussam	CM
Bafq	IR
Bafra	TR
Baft	IR
Bafut	CM
Bagaha	IN
Bagale	ZA
Bagalkot	IN
Bagamoyo	TZ
Bagan Datuk	MY
Bagan Serai	MY
Bagan Tiang	MY
Baganga	PH
Bagar	IN
Bagaroua	NE
Bagasra	IN
Bagayevskaya	RU
Bagbahra	IN
Bagbera	IN
Bagcilar	TR
Bagdogra	IN
Bage	BR
Bage'awati	CN
Bagepalli	IN
Bageqi	CN
Bagerhat	BD
Baggabag B	PH
Bagh	PK
Bagh-e Malek	IR
Bagha Purana	IN
Baghamara	IN
Baghdad	IQ
Bagheria	IT
Baghestan	IR
Baghlan	AF
Baghpat	IN
Bagicha	IN
Bagli	IN
Baglun	NP
Bagneux	FR
Bagnolet	FR
Bagnoli	IT
Bagnolo Mella	IT
Bagnols-sur-Ceze	FR
Bago	MM
Bago City	PH
Bagodine	MR
Bagohouo	CI
Bagong Barrio	PH
Bagong Pagasa	PH
Bagong Silang	PH
Bagong Silangan	PH
Bagra	IN
Bagrana	IN
Bagre	BR
Bagru	IN
Bagua Grande	PE
Baguim do Monte	PT
Baguio	PH
Bagula	IN
Bah	IN
Bah-Bah	PH
Bahacheve	UA
Bahadurganj	IN
Bahadurgarh	IN
Bahar	IR
Baharak	AF
Baharampur	IN
Baharan Shahr	IR
Baharestan	IR
Bahau	MY
Bahawalnagar	PK
Bahawalpur	PK
Bahce	TR
Bahcelievler	TR
Bahe-Blaon	CI
Baheri	IN
Bahia Blanca	AR
Bahia Honda	CU
Bahia de Caraquez	EC
Bahir Dar	ET
Bahjoi	IN
Bahla'	OM
Bahraigh	IN
Bahsuma	IN
Bahua	IN
Bahula	IN
Bai'anba	CN
Baia Farta	AO
Baia Mare	RO
Baia Sprie	RO
Baianopolis	BR
Baiao	BR
Baibli	CI
Baibokoum	TD
Baicheng	CN
Baichihe	CN
Baicoi	RO
Baidi	CN
Baidoa	SO
Baidyabati	IN
Baie du Tombeau	MU
Baie-Comeau	CA
Baie-Mahault	GP
Baiersbronn	DE
Baigong Jiedao	CN
Baiguan	CN
Baihar	IN
Baihe	CN
Baihecun	CN
Baihua	CN
Baijia	CN
Baijiantan	CN
Baijiawan	CN
Baikonur	KZ
Baikunthpur	IN
Bail-Hongal	IN
Bailadores	VE
Baildon	GB
Bailen	ES
Bailesti	RO
Baileys Crossroads	US
Bailin	CN
Baille	FR
Bailleul	FR
Bailu	CN
Bailundo	AO
Baima	CN
Baimajing	CN
Bainbridge	US
Bainbridge Island	US
Baiona	ES
Baiqiao	CN
Baiquan	CN
Bairagnia	IN
Bairnsdale	AU
Bairro Novo	PT
Bairro Parque Nossa Senhora do Carmo	BR
Bairro da Madre de Deus	PT
Bairro da Penha	BR
Bais	PH
Baise	CN
Baisha	CN
Baishan	CN
Baisheng	CN
Baishi	CN
Baishi Zhen	CN
Baishikante	CN
Baishishan	CN
Baitao	CN
Baitu	CN
Baituo	CN
Baixa	PT
Baixa Grande	BR
Baixa Grande do Ribeiro	BR
Baixi	CN
Baixo Guandu	BR
Baiyang	CN
Baiyin	CN
Baizi	CN
Baja	HU
Bajil	YE
Bajitpur	BD
Bajos de Haina	DO
Bakal	RU
Bakarwala	IN
Bakau	GM
Bakau New Town	GM
Bake	CN
Bakel	SN
Baker	US
Bakersfield	US
Bakewar	IN
Bakhchysaray	UA
Bakhmach	UA
Bakhmut	UA
Bakhri	IN
Bakhtawarpur	IN
Bakhtiarpur	IN
Bakhtiyarpur	IN
Baki	ID
Bakixanov	AZ
Bako	ET
Bakori	NG
Bakoti	GM
Bakri	MY
Baksan	RU
Baku	AZ
Bakwa	CD
Balabag	PH
Balabanovo	RU
Balachor	IN
Balad	IQ
Balaghat	IN
Balagtas	PH
Balaguer	ES
Balagunda	IN
Balai Pungut	ID
Balaka	MW
Balakhani	AZ
Balaklava	UA
Balakliya	UA
Balakouya	CI
Balakovo	RU
Balakrishnapuram	IN
Balamban	PH
Balanbale	SO
Balancan	MX
Balanga	PH
Balangir	IN
Balao	EC
Balapulang	ID
Balapur	IN
Balarampur	IN
Balasamudram	IN
Balashikha	RU
Balashov	RU
Balasore	IN
Balassagyarmat	HU
Balatah	PS
Balatcik	TR
Balatonfuered	HU
Balaungi	IN
Balayan	PH
Balboa	CO
Balbriggan	IE
Balcarce	AR
Balcatta	AU
Balch Springs	US
Balchik	BG
Balcon de la Lisa	CU
Baldev	IN
Baldivis	AU
Baldock	GB
Baldwin	US
Baldwin Park	US
Bale Hawassa	ET
Bale Robe	ET
Balen	BE
Baley	RU
Baleyara	NE
Balezino	RU
Balfour	ZA
Balga	AU
Balham	GB
Bali	IN
Bali Chak	IN
Baliapur	IN
Baliguda	IN
Balik Pulau	MY
Balikesir	TR
Balikpapan	ID
Balimila	IN
Balingen	DE
Balirampur	IN
Balitha	IN
Baliuag	PH
Baliwan	CN
Balkanabat	TM
Balkh	AF
Ballajura	AU
Ballarat	AU
Ballari	IN
Ballarpur	IN
Ballenger Creek	US
Ballerup	DK
Ballia	IN
Ballina	IE
Ballincollig	IE
Ballitoville	ZA
Ballwin	US
Ballymena	GB
Balma	FR
Balmain	AU
Balmazujvaros	HU
Balmoral	NZ
Balneario Arroio do Silva	BR
Balneario Camboriu	BR
Balneario Gaivota	BR
Balneario Picarras	BR
Balneario Pinhal	BR
Balneario Rincao	BR
Baloc	PH
Balod	IN
Baloda	IN
Baloda Bazar	IN
Balombo	AO
Balotra	IN
Balpyk Bi	KZ
Balqash	KZ
Balrampur	IN
Bals	RO
Balsa Nova	BR
Balsas	BR
Balsta	SE
Balta	UA
Balti	MD
Baltim	EG
Baltimore	US
Baltiysk	RU
Balu	CN
Balugan	IN
Balugaon	IN
Balung	ID
Balurghat	IN
Balussheri	IN
Balvanera	AR
Balve	DE
Balwyn	AU
Balwyn North	AU
Balykchy	KG
Balykshi	KZ
Balzar	EC
Bam	IR
Bama	NG
Bamako	ML
Bamaur	IN
Bamba	ML
Bambamarca	PE
Bamban	PH
Bambang	PH
Bambanglipuro	ID
Bambari	CF
Bamberg	DE
Bambesi	ET
Bambey	SN
Bambous	MU
Bambui	BR
Bamenda	CM
Bamhni	IN
Bamnet Narong	TH
Bamo	CI
Bamor Kalan	IN
Bamusso	CM
Bamyan	AF
Ban Ang Sila	TH
Ban Aranyik	TH
Ban Bachiang	LA
Ban Bang Bamru	TH
Ban Bang Kadi	TH
Ban Bueng	TH
Ban Chalong	TH
Ban Chang	TH
Ban Chang Lo	TH
Ban Dong Phra Ram	TH
Ban Dung	TH
Ban Houakhoua	LA
Ban Houayxay	LA
Ban Huai Thalaeng	TH
Ban I Chang	TH
Ban I Let	TH
Ban Kamala	TH
Ban Khlong Bang Bon	TH
Ban Khlong Bang Phran	TH
Ban Khlong Bang Phrom	TH
Ban Khlong Bang Ramat	TH
Ban Khlong Bang Sao Thong	TH
Ban Khlong Prawet	TH
Ban Khoan	LA
Ban Ko Kaeo	TH
Ban Ko Sire	TH
Ban Lak Song	TH
Ban Lam Luk Ka	TH
Ban Laongam	LA
Ban Mai	TH
Ban Mo	TH
Ban Muang-Nan	LA
Ban Na	TH
Ban Na San	TH
Ban Nam Yuen	TH
Ban Nambak	LA
Ban Nape	LA
Ban Nong Wua So	TH
Ban Phaeo	TH
Ban Phai	TH
Ban Phan Don	TH
Ban Phe	TH
Ban Phra	TH
Ban Pong	TH
Ban Ratsada	TH
Ban Sam Chuk	TH
Ban Samae Dam	TH
Ban Sang	TH
Ban Selaphum	TH
Ban Siphom	LA
Ban Su-ngai Pa Di	TH
Ban Tak	TH
Ban Talat Bueng	TH
Ban Talat Nua	TH
Ban Talat Yai	TH
Ban Tha Kham	TH
Ban Thai Tan	TH
Ban Xeno	LA
Ban Xepon	LA
Banabuiu	BR
Banamba	ML
Banan	CN
Bananeiras	BR
Banapur	IN
Banasthali	IN
Banat	IN
Banaz	TR
Banbalah	TN
Banbridge	GB
Banbury	GB
Banbury-Don Mills	CA
Banco Filipino Homes	PH
Banda	IN
Banda Aceh	ID
Bandabou	CW
Bandar	ID
Bandar 16 Sierra	MY
Bandar Abbas	IR
Bandar Baharu	MY
Bandar Baru Ayer Itam	MY
Bandar Baru Enstek	MY
Bandar Baru Salak Tinggi	MY
Bandar Bukit Raja	MY
Bandar Country Homes	MY
Bandar Kinrara	MY
Bandar Labuan	MY
Bandar Laguna Merbok	MY
Bandar Lampung	ID
Bandar Mahkota Cheras	MY
Bandar Nabawan	MY
Bandar Penawar	MY
Bandar Puncak Alam	MY
Bandar Putra Kulai	MY
Bandar Saujana Utama	MY
Bandar Seri Alam	MY
Bandar Seri Begawan	BN
Bandar Springhill	MY
Bandar Sri Damansara	MY
Bandar Sri Sendayan	MY
Bandar Sunway	MY
Bandar Tasik Puteri	MY
Bandar Tenggara	MY
Bandar Tun Hussein Onn	MY
Bandar Tun Razak	MY
Bandar Utama	MY
Bandar-e Anzali	IR
Bandar-e Deylam	IR
Bandar-e Emam Khomeyni	IR
Bandar-e Gaz	IR
Bandar-e Genaveh	IR
Bandar-e Lengeh	IR
Bandar-e Mahshahr	IR
Bandar-e Torkaman	IR
Bandarban	BD
Bandarbeyla	SO
Bandariba	CW
Bandarulanka	IN
Bandeirantes	BR
Banderilla	MX
Bandh Dih	IN
Bandiagara	ML
Bandikui	IN
Bandipura	IN
Bandirma	TR
Bandjoun	CM
Bandlaguda	IN
Bando	JP
Bandora	IN
Bandundu Province	CD
Bandung	ID
Baneh	IR
Banepa	NP
Banes	CU
Banfora	BF
Bang Ban	TH
Bang Bo District	TH
Bang Bon	TH
Bang Bon Nuea	TH
Bang Bua Thong	TH
Bang Kapi	TH
Bang Khae	TH
Bang Khae Nuea	TH
Bang Khla	TH
Bang Khlo	TH
Bang Kho Laem	TH
Bang Kho Laem subdistrict	TH
Bang Khun Si	TH
Bang Khun Thian	TH
Bang Krathum	TH
Bang Kruai	TH
Bang Lamung	TH
Bang Len	TH
Bang Mun Nak	TH
Bang Na	TH
Bang O	TH
Bang Pa-in	TH
Bang Pakong	TH
Bang Phae	TH
Bang Phai	TH
Bang Phlat	TH
Bang Racham	TH
Bang Rak	TH
Bang Rakam	TH
Bang Saphan	TH
Bang Sue	TH
Bang Sue subdistrict	TH
Bang Yai	TH
Bang Yi Khan	TH
Banga	PH
Banganapalle	IN
Bangangte	CM
Bangaon	IN
Bangar	PH
Bangarapet	IN
Bangarda	IN
Bangarda Chhota	IN
Bangarmau	IN
Bangassou	CF
Bangawan	IN
Bangbontai	TH
Bange	JP
Bangi	MY
Bangil	ID
Bangkalan	ID
Bangkit	SG
Bangkok	TH
Bangkok Noi	TH
Bangkok Riverside	TH
Bangkok Yai	TH
Bangolo	CI
Bangolo Tahouake	CI
Bangor	GB
Bangsar	MY
Bangued	PH
Bangui	CF
Banha	EG
Bani	DO
Bani 'Ubayd	EG
Bani Mazar	EG
Bani Na'im	PS
Bani Suhayla	PS
Bani Suwayf	EG
Bani Suwayf al Jadidah	EG
Bani Walid	LY
Bani Yas City	AE
Baniachang	BD
Banigbe	BJ
Banikoara	BJ
Banissa	KE
Baniyas	SY
Banja Luka	BA
Banjar	ID
Banjaran	ID
Banjarmasin	ID
Banjul	GM
Bank	IN
Banka	IN
Bankapur	IN
Bankass	ML
Banki	IN
Bankimnagar	IN
Bankner	IN
Banko	GN
Bankra	IN
Bankstown	AU
Bankura	IN
Banlung	KH
Banmankhi	IN
Banmankhi Bazar	IN
Bannewitz	DE
Banning	US
Bannu	PK
Bannur	IN
Banora Point	AU
Banovce nad Bebravou	SK
Banposh	IN
Banqiao	TW
Bansalan	PH
Bansbaria	IN
Bansdih	IN
Bansgaon	IN
Bansho	JP
Bansi	IN
Banska Bystrica	SK
Banskhoh	IN
Banstead	GB
Bansud	PH
Banswada	IN
Banswara	IN
Bantay	PH
Bantayan	PH
Bante	BJ
Banting	MY
Bantul	ID
Bantva	IN
Bantval	IN
Banur	IN
Banxi	CN
Banyo	CM
Banyoles	ES
Banyumas	ID
Banyuwangi	ID
Banza Damba	AO
Banzae	BR
Bao Loc	VN
Bao'an	CN
Bao'an Centre	CN
Baocheng	CN
Baoding	CN
Baofeng	CN
Baohe	CN
Baoji	CN
Baojia	CN
Baola	IN
Baolong	CN
Baoluan	CN
Baonli	IN
Baoqing	CN
Baoro	CF
Baoshan	CN
Baotou	CN
Baoutifla	CI
Baoxing	CN
Baoying	CN
Baoziba	CN
Bapatla	IN
Baprola	IN
Baq'a'	SA
Baqa el Gharbiya	IL
Baqershahr	IR
Baqiabad	IN
Baqubah	IQ
Bar	ME
Bar Bigha	IN
Bar-le-Duc	FR
Bara	NG
Bara Uchana	IN
Barabai	ID
Barabinsk	RU
Baraboo	US
Baracoa	CU
Baragaon	IN
Baragua	CU
Barah	SD
Barajas de Madrid	ES
Barakaldo	ES
Baraki	DZ
Baraki Barak	AF
Barakpur	IN
Baralota	IN
Baramati	IN
Baramula	IN
Baran	IN
Baran'	BY
Baranagar	IN
Baranain	ES
Baranchinskiy	RU
Baranivka	UA
Baranoa	CO
Baranovichi	BY
Baranzate	IT
Barao de Cocais	BR
Barao de Grajau	BR
Barara	IN
Baras	PH
Barasat	IN
Barauli	IN
Barauna	BR
Barauni	IN
Baraut	IN
Baravat	IR
Barbacena	BR
Barbacha	DZ
Barbalha	BR
Barbastro	ES
Barbate	ES
Barbera del Valles	ES
Barberena	GT
Barberton	ZA
Barbican	JM
Barbigha	IN
Barbil	IN
Barbosa	CO
Barbosa Ferraz	BR
Barcarena	BR
Barcellona Pozzo di Gotto	IT
Barcelona	ES
Barceloneta	PR
Barcelos	PT
Barcs	HU
Barda	AZ
Bardaskan	IR
Barddhaman	IN
Bardejov	SK
Bardoli	IN
Bardsir	IR
Bardstown	US
Bare	IN
Bareggio	IT
Bareilly	IN
Bareja	IN
Barela	IN
Bareli	IN
Barendrecht	NL
Barentin	FR
Barentu	ER
Bareta	IN
Bargarh	IN
Barghat	IN
Bargi	IN
Bargny	SN
Bargny Guedj	SN
Bargny Ngoude	SN
Bargoed	GB
Bargteheide	DE
Bargur	IN
Barh	IN
Barharwa	IN
Barhi	IN
Barhiya	IN
Bari	IT
Bari Sadri	IN
Bariadi	TZ
Bariarpur	IN
Barika	DZ
Barillas	GT
Barinas	VE
Barinitas	VE
Baripada	IN
Bariq	SA
Bariri	BR
Barishal	BD
Barjala	IN
Barjora	IN
Barka Kana	IN
Barka'	OM
Barkam	CN
Barkhera Kalan	IN
Barki Saria	IN
Barking	GB
Barkingside	GB
Barkly East	ZA
Barkly West	ZA
Barlad	RO
Barletta	IT
Barlinek	PL
Barmbek-Nord	DE
Barmbek-Sued	DE
Barmer	IN
Barnagar	IN
Barnala	IN
Barnaul	RU
Barnes	GB
Barnet	GB
Barneveld	NL
Barnham	GB
Barnoldswick	GB
Barnsbury	GB
Barnsley	GB
Barnstable	US
Barnstaple	GB
Baro	NG
Barod	IN
Baroda	IN
Barogo	BF
Baronissi	IT
Barotac Nuevo	PH
Barpali	IN
Barpeta	IN
Barpeta Road	IN
Barquisimeto	VE
Barra	BR
Barra Bonita	BR
Barra Funda	BR
Barra Mansa	BR
Barra Velha	BR
Barra da Estiva	BR
Barra da Tijuca	BR
Barra de Guabiraba	BR
Barra de Santa Rosa	BR
Barra de Santo Antonio	BR
Barra de Sao Francisco	BR
Barra do Bugres	BR
Barra do Choca	BR
Barra do Corda	BR
Barra do Dande	AO
Barra do Garcas	BR
Barra do Mendes	BR
Barra do Pirai	BR
Barra do Ribeiro	BR
Barra dos Coqueiros	BR
Barracas	AR
Barracks Row	US
Barrafranca	IT
Barranca	PE
Barrancabermeja	CO
Barrancas	CO
Barranco	PE
Barranqueras	AR
Barranquilla	CO
Barras	BR
Barreira	BR
Barreiras	BR
Barreirinha	BR
Barreirinhas	BR
Barreiro	PT
Barreiro do Jaiba	BR
Barreiros	BR
Barretos	BR
Barrhead	GB
Barri Gotic	ES
Barri de Sant Andreu	ES
Barri de les Corts	ES
Barrie	CA
Barriera di Lanzo	IT
Barriera di Milano	IT
Barrington	US
Barrinha	BR
Barrio de Peral	ES
Barro	BR
Barro Alto	BR
Barrocas	BR
Barroquinha	BR
Barros Blancos	UY
Barroso	BR
Barrow in Furness	GB
Barry	GB
Barsbuettel	DE
Barshi	IN
Barsinghausen	DE
Barssel	DE
Barstow	US
Barstow Heights	US
Bartalah	IQ
Bartica	GY
Bartin	TR
Bartlesville	US
Bartlett	US
Bartley Green	GB
Bartolome Maso	CU
Barton upon Humber	GB
Bartoszyce	PL
Bartow	US
Barueri	BR
Baruipur	IN
Baruni	IN
Barus	ID
Baruta	VE
Baruun-Urt	MN
Barwah	IN
Barwala	IN
Barwani	IN
Barysaw	BY
Barysh	RU
Baryshivka	UA
Basaksehir	TR
Basankusu	CD
Basarabeasca	MD
Basauri	ES
Basavakalyan	IN
Basavana Bagevadi	IN
Basavilbaso	AR
Basel	CH
Basford	GB
Bashan	CN
Bashanet	TZ
Basht	IR
Bashtanka	UA
Basi	IN
Basildon	GB
Basingstoke	GB
Basirhat City	IN
Basirpur	PK
Baskale	TR
Baskil	TR
Basking Ridge	US
Basmat	IN
Basna	IN
Basni	IN
Basoda	IN
Basoko	CD
Basotu	TZ
Baspalli	IN
Basrah	IQ
Bassano del Grappa	IT
Bassar	TG
Basse Lasne	BE
Basse Santa Su	GM
Basse-Terre	GP
Basseknou	MR
Bassendean	AU
Basseterre	KN
Bassila	BJ
Bassum	DE
Bastar	IN
Basti	IN
Bastia	FR
Bastia umbra	IT
Bastogne	BE
Bastos	BR
Bastrop	US
Basudebpur	IN
Basugaon	IN
Basukinath	IN
Basuo	CN
Baswa	IN
Basyun	EG
Bat Khela	PK
Bat Yam	IL
Bata	GQ
Batabano	CU
Batabo	SY
Batac City	PH
Bataguassu	BR
Batala	IN
Batalha	BR
Batam	ID
Batang	ID
Batang Berjuntai	MY
Batangafo	CF
Batangas	PH
Batatais	BR
Batavia	US
Bataypora	BR
Bataysk	RU
Batchworth	GB
Bateau Bay	AU
Batemans Bay	AU
Batesville	US
Bath	GB
Bath Beach	US
Bathgate	GB
Bathinda	IN
Bathurst	AU
Bathurst Manor	CA
Bati	ET
Batie	BF
Batifa	IQ
Batikent	TR
Batken	KG
Batley	GB
Batman	TR
Batna City	DZ
Bato	PH
Baton Rouge	US
Batonyterenye	HU
Batouri	CM
Batroun	LB
Battagram	PK
Battambang	KH
Battaramulla South	LK
Battersea	GB
Batticaloa	LK
Battipaglia	IT
Battir	PS
Battle Creek	US
Battle Ground	US
Batu	ID
Batu Anam	MY
Batu Arang	MY
Batu Berendam	MY
Batu Caves	MY
Batu Feringgi	MY
Batu Gajah	MY
Batu Kawan	MY
Batu Kurau	MY
Batu Pahat	MY
Batuco	CL
Batumi	GE
Baturaden	ID
Baturaja	ID
Baturite	BR
Bau	MY
Bauan	PH
Bauang	PH
Baubau	ID
Bauchi	NG
Baud	IN
Baudhuinville	CD
Baukau	TL
Baulkham Hills	AU
Baumschulenweg	DE
Baunatal	DE
Bauru	BR
Bauta	CU
Bautzen	DE
Bavet	KH
Bavly	RU
Bawal	IN
Bawana	IN
Bawani Khera	IN
Bawku	GH
Bawshar	OM
Bay	PH
Bay City	US
Bay Point	US
Bay Shore	US
Bay Street Corridor	CA
Bay Village	US
Bayad	IN
Bayaguana	DO
Bayambang	PH
Bayamo	CU
Bayamon	PR
Bayan	CN
Bayan Hot	CN
Bayan Lepas	MY
Bayan Nur	CN
Bayana	IN
Bayandai	CN
Bayanhongor	MN
Bayawan	PH
Baybay	PH
Bayburt	TR
Baychester	US
Bayeux	BR
Bayi	CN
Bayiji	CN
Bayindir	TR
Bayji	IQ
Baykal'sk	RU
Baykan	TR
Baymak	RU
Baynjiwayn	IQ
Bayombong	PH
Bayonet Point	US
Bayonne	US
Bayota	CI
Bayou Boeuf	US
Bayou Cane	US
Bayramaly	TM
Bayreuth	DE
Bayshore Gardens	US
Bayside	US
Bayswater	GB
Bayt Fajjar	PS
Bayt Furik	PS
Bayt Hanina	PS
Bayt Hanun	PS
Bayt Jala	PS
Bayt Lahya	PS
Bayt Sahur	PS
Bayt Ummar	PS
Bayt al Faqih	YE
Bayt al `Awabi	OM
Baytokay	CN
Baytown	US
Baytunya	PS
Bayugan	PH
Bayview Village	CA
Bayview Woods-Steeles	CA
Bayview-Hunters Point	US
Bayville	US
Baza	ES
Bazar-Korgon	KG
Bazar-e Yakawlang	AF
Bazarak	AF
Bazarnyy Karabulak	RU
Bazhovo	RU
Bazou	CM
Bazpur	IN
Bazre	CI
Be'er Ya'aqov	IL
Beach Haven	NZ
Beach Park	US
Beachwood	US
Beacon	US
Beaconsfield	CA
Bealanana	MG
Bear	US
Bearsden	GB
Beasain	ES
Beato Antonio	PT
Beatrice	US
Beau Bassin-Rose Hill	MU
Beaucaire	FR
Beaufort	MY
Beaufort West	ZA
Beauharnois	CA
Beaumaris	AU
Beaumont	US
Beaune	FR
Beauport	CA
Beausoleil	FR
Beauvais	FR
Beaver Dam	US
Beavercreek	US
Beaverton	US
Beawar	IN
Bebedja	TD
Bebedouro	BR
Bebeji	NG
Beberibe	BR
Bebington	GB
Bebra	DE
Becancour	CA
Beccacivetta	IT
Beccles	GB
Becedi-Brignan	CI
Becej	RS
Becerril	CO
Bechar	DZ
Becharaji	IN
Bechem	GH
Beckenham	GB
Beckingen	DE
Beckley	US
Beckum	DE
Beclean	RO
Becontree	GB
Becouefin	CI
Bedburg	DE
Beddington Heights	CA
Bedele	ET
Bedesa	ET
Bedford	GB
Bedford Heights	US
Bedford Park-Nortown	CA
Bedi	IN
Bediala	CI
Bedigoazon	CI
Bediondo	TD
Bedlington	GB
Bedok New Town	SG
Bedong	MY
Bedugul	ID
Bedworth	GB
Bedzin	PL
Beech Grove	US
Beecher	US
Beed	IN
Beekhuizen	SR
Beelitz	DE
Beernem	BE
Beerse	BE
Beersel	BE
Beersheba	IL
Beeville	US
Befandriana	MG
Befla	CI
Begamganj	IN
Begampur	IN
Begles	FR
Begoro	GH
Begoua	CF
Begova	IQ
Begowal	IN
Beguedo	BF
Begun	IN
Begusarai	IN
Behat	IN
Behbahan	IR
Behren-les-Forbach	FR
Behror	IN
Behshahr	IR
Bei'an	CN
Beibei	CN
Beichengqu	CN
Beidao	CN
Beidou	TW
Beigang	TW
Beighton	GB
Beihai	CN
Beijing	CN
Beiliu	CN
Beimeng	CN
Beinamar	TD
Beining	CN
Beipiao	CN
Beira	MZ
Beirut	LB
Beisu	CN
Beit Jann	IL
Beitanzhuang	CN
Beitbridge	ZW
Beitun	CN
Beius	RO
Beiwangli	CN
Beizheng	CN
Beja	TN
Bejaad	MA
Bejaia	DZ
Bejar	ES
Bejucal	CU
Bejuma	VE
Bek'oji	ET
Bekalta	TN
Bekasi	ID
Bekes	HU
Bekescsaba	HU
Bekily	MG
Bekobod	UZ
Bektemir	UZ
Bekwai	GH
Bel Air	PH
Bel Air North	US
Bel Air Riviere Seche	MU
Bel Air South	US
Bel-Air	FR
Bela	IN
Bela Bela	ZA
Bela Crkva	RS
Bela Cruz	BR
Bela Vista	BR
Bela Vista de Goias	BR
Bela Vista de Minas	BR
Bela Vista do Maranhao	BR
Bela Vista do Paraiso	BR
Belabo	CM
Belaga	MY
Belagavi	IN
Belaguntha	IN
Belair	LU
Belalcazar	CO
Belas	PT
Belawan	ID
Belaya Glina	RU
Belaya Kalitva	RU
Belaya Kholunitsa	RU
Belcesti	RO
Belchatow	PL
Beldanga	IN
Belebey	RU
Beled Hawo	SO
Beledweyne	SO
Belek	TR
Belem	BR
Belem de Maria	BR
Belem de Sao Francisco	BR
Belen	PE
Belen de Umbria	CO
Belev	RU
Belfast	GB
Belford Roxo	BR
Belfort	FR
Belgorod	RU
Belgrade	RS
Belgrano	AR
Belgrave	GB
Beli	NG
Beliatta	LK
Belidzhi	RU
Belison	PH
Belize	AO
Belize City	BZ
Bell	US
Bell Gardens	US
Bell Ville	AR
Bella Union	UY
Bella Vista	DO
Bellair-Meadowbrook Terrace	US
Bellaire	US
Bellampalli	IN
Bellaria-Igea Marina	IT
Bellas Vistas	ES
Bellavista	PE
Belle Chasse	US
Belle Glade	US
Belle Vale	GB
Belle de Mai	FR
Belle-Baie	CA
Bellefontaine	US
Bellefontaine Neighbors	US
Bellegarde-sur-Valserine	FR
Belleville	CA
Bellevue	US
Bellevue Hill	AU
Bellflower	US
Bellingham	US
Bellinzona	CH
Bellizzi	IT
Bellmawr	US
Bellmead	US
Bellmore	US
Bello	CO
Bellshill	GB
Belluno	IT
Bellview	US
Bellwood	US
Belm	DE
Belmont	US
Belmont Cragin	US
Belmonte	BR
Belmonte Mezzagno	IT
Belmopan	BZ
Belmore	AU
Belo Campo	BR
Belo Horizonte	BR
Belo Jardim	BR
Belo Oriente	BR
Belo sur Tsiribihina	MG
Beloeil	CA
Belogorsk	RU
Beloha	MG
Beloit	US
Belokany	AZ
Belokurikha	RU
Belomorsk	RU
Belonia	IN
Beloozyorskiy	RU
Belorechensk	RU
Beloretsk	RU
Belovo	RU
Belovodskoye	KG
Beloyarsk	RU
Beloyarskiy	RU
Belozersk	RU
Belozyorskoye	UA
Belpahar	IN
Belpasso	IT
Belper	GB
Belsand	IN
Belsele	BE
Belsize Park	GB
Belterra	BR
Beltline	CA
Belton	US
Beltsville	US
Belur	IN
Beluru	MY
Belvedere	GB
Belvedere Park	US
Belvidere	US
Belyy Yar	RU
Belyye Berega	RU
Bemban	MY
Bembereke	BJ
Bembibre	ES
Bembla et Mnara	TN
Bemerode	DE
Bemetara	IN
Bemidji	US
Bemmel	NL
Bemowo	PL
Ben Ahmed	MA
Ben Arous	TN
Ben Cat	VN
Ben Gardane	TN
Ben Guerir	MA
Ben Jerrar	MA
Ben Mehidi	DZ
Ben Taieb	MA
Ben Thuy	VN
Ben Tre	VN
Benaguasil	ES
Benalmadena	ES
Benaulim	IN
Benavente	ES
Benbrook	US
Bend	US
Bendale	CA
Bende	NG
Bender	MD
Bendigo	AU
Bendorf	DE
Benedito Novo	BR
Benesov	CZ
Benetusser	ES
Benevento	IT
Benevides	BR
Benfica	PT
Bengaluru	IN
Bengbu	CN
Benggang	CN
Benghazi	LY
Bengkayang	ID
Bengkulu	ID
Benguela	AO
Beni	CD
Beni Abbes	DZ
Beni Amrane	DZ
Beni Douala	DZ
Beni Enzar	MA
Beni Khalled	TN
Beni Khiar	TN
Beni Mellal	MA
Beni Mered	DZ
Beni Mester	DZ
Beni Saf	DZ
Beni Tamou	DZ
Beni Yakhlef	MA
Benicarlo	ES
Benicassim	ES
Benicia	US
Benidorm	ES
Beniel	ES
Benifaio	ES
Beniganj	IN
Benin City	NG
Benipur	IN
Benissa	ES
Benito Juarez	MX
Benjamin Constant	BR
Benkanhalli	IN
Bennane Bodheur	TN
Bennekom	NL
Benning Road	US
Bennsville	US
Benoni	ZA
Benoy	TD
Bensalem	US
Bensekrane	DZ
Bensenville	US
Bensheim	DE
Benslimane	MA
Bensonhurst	US
Benthuizen	NL
Bentleigh	AU
Bentleigh East	AU
Bentley	GB
Bento Goncalves	BR
Benton	US
Bentong Town	MY
Bentonville	US
Bentota	LK
Bentung	MY
Benxi	CN
Beohari	IN
Beolgyo	KR
Beoumi	CI
Beppu	JP
Bequimao	BR
Bera	BD
Berane	ME
Berasia	IN
Berastagi	ID
Berat	AL
Berazategui	AR
Berber	SD
Berbera	SO
Berberati	CF
Bercham	MY
Berchem	BE
Berchem-Sainte-Agathe	BE
Berck	FR
Berck-Plage	FR
Bercy	FR
Berdsk	RU
Berdyansk	UA
Berdychiv	UA
Bere	TD
Berea	US
Bereeda	SO
Berehove	UA
Bereket	TM
Berekum	GH
Berestovskyi	UA
Berestyn	UA
Berettyoujfalu	HU
Berezan	UA
Berezhany	UA
Berezne	UA
Berezniaky	UA
Berezniki	RU
Berezovka	RU
Berezovskiy	RU
Berga	ES
Bergama	TR
Bergamo	IT
Bergara	ES
Bergedorf	DE
Bergen	NO
Bergen Beach	US
Bergen auf Ruegen	DE
Bergen op Zoom	NL
Bergenfield	US
Bergerac	FR
Bergeyk	NL
Bergheim	DE
Berghofen	DE
Bergisch Gladbach	DE
Bergkamen	DE
Bergneustadt	DE
Bergschenhoek	NL
Beri Khas	IN
Beringen	BE
Beriwala	IN
Berja	ES
Berkane	MA
Berkel en Rodenrijs	NL
Berkeley	US
Berkeley Heights	US
Berkhamsted	GB
Berkley	US
Berkovitsa	BG
Berlaar	BE
Berlare	BE
Berlin	DE
Berlin Koepenick	DE
Bermejo	BO
Bermeo	ES
Bermo	IN
Bern	CH
Bernalda	IT
Bernardino de Campos	BR
Bernardo de Irigoyen	AR
Bernau bei Berlin	DE
Bernay	FR
Bernburg	DE
Bernissart	BE
Beroroha	MG
Beroun	CZ
Berovo	MK
Berrahal	DZ
Berre-l'Etang	FR
Berrechid	MA
Berriane	DZ
Berriozabal	MX
Berrouaghia	DZ
Berruguete	ES
Bershad	UA
Bertioga	BR
Bertoua	CM
Beruniy	UZ
Beruri	BR
Beruwala	LK
Berwick	AU
Berwick-Upon-Tweed	GB
Berwyn	US
Beryozovsky	RU
Beryslav	UA
Besalampy	MG
Besancon	FR
Besbes	DZ
Beshariq	UZ
Beshkent	UZ
Besigheim	DE
Besikduezue	TR
Beslan	RU
Besni	TR
Bessemer	US
Best	NL
Bestwig	DE
Besuki	ID
Bet She'an	IL
Bet Shemesh	IL
Betafo	MG
Betamcherla	IN
Betania	BR
Betanzos	ES
Betare Oya	CM
Betera	ES
Beterou	BJ
Bethal	ZA
Bethamangala	IN
Bethanie	NA
Bethany	US
Bethel Park	US
Bethesda	US
Bethlehem	ZA
Bethnal Green	GB
Bethpage	US
Bethune	FR
Betim	BR
Betio Village	KI
Betioky	MG
Betma	IN
Betong	MY
Betou	CG
Betroka	MG
Bettendorf	US
Bettiah	IN
Bettie	CI
Bettola-Zeloforomagno	IT
Betul	IN
Betul Bazar	IN
Betulia	CO
Betzdorf	DE
Beuningen	NL
Bevere	BE
Beveren	BE
Beverley	GB
Beverly	US
Beverly Cove	US
Beverly Hills	US
Beverungen	DE
Beverwijk	NL
Bewar	IN
Bexbach	DE
Bexhill-on-Sea	GB
Bexley	GB
Beykonak	TR
Beyla	GN
Beylagan	AZ
Beylikduezue	TR
Beyne-Heusay	BE
Beyneu	KZ
Beypazari	TR
Beypore	IN
Beysehir	TR
Bezenchuk	RU
Bezerros	BR
Bezhetsk	RU
Beziers	FR
Bezons	FR
Bhabhar	IN
Bhabhra	IN
Bhabhua	IN
Bhachau	IN
Bhadarwah	IN
Bhadasar	IN
Bhadauni	IN
Bhadaur	IN
Bhadgaon	IN
Bhadkodara	IN
Bhadohi	IN
Bhadra	IN
Bhadrachalam	IN
Bhadrak	IN
Bhadrapur	NP
Bhadravati	IN
Bhadreswar	IN
Bhag	PK
Bhagalpur	IN
Bhagdawada	IN
Bhagowal	PK
Bhagta	IN
Bhagur	IN
Bhagwal	PK
Bhainsdehi	IN
Bhairab Bazar	BD
Bhairapura	IN
Bhaisa	IN
Bhakkar	PK
Bhalil	MA
Bhalki	IN
Bhalpara	IN
Bhalswa Jahangirpur	IN
Bhalwal	PK
Bhamian Kalan	IN
Bhamo	MM
Bhan	PK
Bhandara	IN
Bhandaria	BD
Bhander	IN
Bhanga	BD
Bhanjanagar	IN
Bhankarpur	IN
Bhanpura	IN
Bhanpuri	IN
Bhanumukkala	IN
Bhanvad	IN
Bharanikavu Tekku	IN
Bharatpur	NP
Bharthana	IN
Bharuch	IN
Bharwari	IN
Bharweli	IN
Bhatapara	IN
Bhatara	BD
Bhatgaon	IN
Bhati	IN
Bhatkal	IN
Bhatpara	IN
Bhatpara Abhaynagar	BD
Bhattian	IN
Bhattiprolu	IN
Bhauri	IN
Bhavani	IN
Bhavnagar	IN
Bhawana	PK
Bhawani Mandi	IN
Bhawanigarh	IN
Bhawanipatna	IN
Bhawanipur	IN
Bhayandar	IN
Bhayavadar	IN
Bhelai	IN
Bhera	PK
Bheramara	BD
Bhetia	IN
Bhikangaon	IN
Bhikhi	IN
Bhikkiwind Uttar	IN
Bhikshandarkovil	IN
Bhilai	IN
Bhilai Charoda	IN
Bhiloda	IN
Bhilwara	IN
Bhim	IN
Bhimavaram	IN
Bhimber	PK
Bhimdatta	NP
Bhimnagar	IN
Bhimpur	IN
Bhimunipatnam	IN
Bhind	IN
Bhindar	IN
Bhinga	IN
Bhinmal	IN
Bhiria	PK
Bhisho	ZA
Bhit Shah	PK
Bhitarwar	IN
Bhiwadi	IN
Bhiwandi	IN
Bhiwani	IN
Bhogpur	IN
Bhokar	IN
Bhokardan	IN
Bhola	BD
Bholav	IN
Bhongaon	IN
Bhongir	IN
Bhonrasa	IN
Bhoom	IN
Bhopal	IN
Bhopalwala	PK
Bhor	IN
Bhuban	IN
Bhubaneswar	IN
Bhucho Mandi	IN
Bhudgaon	IN
Bhuj	IN
Bhuja Bhuja Nellore	IN
Bhulath Gharbi	IN
Bhulwal	IN
Bhundsi	IN
Bhupalpally	IN
Bhusawal	IN
Bhusawar	IN
Bhuwana	IN
Bi'r al 'Abd	EG
Biak	ID
Biala Podlaska	PL
Bialogard	PL
Bialoleka	PL
Bialystok	PL
Biancavilla	IT
Biankouma	CI
Bianouan	CI
Biantang	CN
Bianzhuang	CN
Biao	PH
Biaora	IN
Biarritz	FR
Biassono	IT
Biba	EG
Bibai	JP
Bibala	AO
Biberach an der Riss	DE
Bibiani	GH
Bibir Hat	BD
Bibirevo	RU
Bibo	CN
Bicas	BR
Bicester	GB
Bichena	ET
Bichhia	IN
Bicholim	IN
Bickley	GB
Bicske	HU
Bida	NG
Bidar	IN
Bidasar	IN
Bidbid	OM
Biddeford	US
Biddulph	GB
Bideford	GB
Bidhuna	IN
Bidur	MY
Biebrich	DE
Bieby	CI
Biedenkopf	DE
Biei	JP
Biel/Bienne	CH
Bielany	PL
Bielawa	PL
Bielefeld	DE
Biella	IT
Bielsk Podlaski	PL
Bielsko-Biala	PL
Bien Hoa	VN
Bienczyce	PL
Bierazino	BY
Bierstadt	DE
Bierun	PL
Biesdorf	DE
Bietigheim-Bissingen	DE
Big Bear City	US
Big Lake	US
Big Rapids	US
Big Spring	US
Biga	TR
Bigaa	PH
Bigadic	TR
Biggin Hill	GB
Biggleswade	GB
Bignay Uno	PH
Bignona	SN
Biguacu	BR
Bihac	BA
Bihar Sharif	IN
Biharamulo	TZ
Bihariganj	IN
Bihat	IN
Bihpuria	IN
Bihpuriagaon	IN
Bihta	IN
Bijaipur	IN
Bijapur	IN
Bijar	IR
Bijawar	IN
Bijaynagar	IN
Bijbehara	IN
Bijeljina	BA
Bijelo Polje	ME
Bijie	CN
Bijni	IN
Bijnor	IN
Bijolia	IN
Bijuri	IN
Bikaner	IN
Bikapur	IN
Bikin	RU
Bikou	CN
Bikram	IN
Bikramganj	IN
Bila Tserkva	UA
Bilajari	AZ
Bilara	IN
Bilari	IN
Bilariaganj	IN
Bilasipara	IN
Bilaspur	IN
Bilaua	IN
Bilbao	ES
Bilbeis	EG
Bilderstoeckchen	DE
Bileca	BA
Bilecik	TR
Bileh Savar	IR
Bilgi	IN
Bilgoraj	PL
Bilgram	IN
Bilha	IN
Bilhaur	IN
Bilhorod-Dnistrovskyi	UA
Bilicenii Vechi	MD
Bilimora	IN
Bilina	CZ
Biliri	NG
Bilkha	IN
Billdal	SE
Billerbeck	DE
Billere	FR
Billerica	US
Billericay	GB
Billingham	GB
Billings	US
Billstedt	DE
Bilog-Bilog	PH
Bilohirsk	UA
Bilohorodka	UA
Biloli	IN
Bilopillia	UA
Biloxi	US
Bilpura	IN
Bilqas	EG
Bilsanda	IN
Bilsi	IN
Bilthoven	NL
Bilthra	IN
Biltine	TD
Bilyayivka	UA
Bilychi	UA
Bilzen	BE
Bim Son	VN
Bima	ID
Bimbila	GH
Bimbo	CF
Bin Jawwad	LY
Bin Xian	CN
Bin Yauri	NG
Bina	IN
Binagadi	AZ
Binalbagan	PH
Binan	PH
Binangonan	PH
Binche	BE
Bindki	IN
Bindura	ZW
Binga	CD
Bingen am Rhein	DE
Bingerville	CI
Binghamton	US
Bingley	GB
Bingoel	TR
Binh Long	VN
Binh Minh	VN
Binh Thanh	VN
Binh Thuy	VN
Binika	IN
Binjai	ID
Binkolo	SL
Binmaley	PH
Binningen	CH
Binnish	SY
Binondo	PH
Binonga	PH
Bintulu	MY
Bintuni	ID
Biny Selo	AZ
Binyamina	IL
Binyamina-Giv'at Ada	IL
Binzhou	CN
Bir Jdid	MA
Bir el Ater	DZ
Bir el Djir	DZ
Biratnagar	NP
Birbhaddar	IN
Birchcliffe-Cliffside	CA
Birecik	TR
Birendranagar	NP
Bireun	ID
Birganj	NP
Birgaon	IN
Birigui	BR
Birine	DZ
Biritiba Mirim	BR
Biritinga	BR
Birjand	IR
Birkat as Sab'	EG
Birkdale	AU
Birkenau	DE
Birkenfeld	DE
Birkenhead	GB
Birkerod	DK
Birkhadem	DZ
Birkirkara	MT
Birmingham	GB
Birmitrapur	IN
Birni N Konni	NE
Birnin Gaoure	NE
Birnin Kebbi	NG
Birnin Kudu	NG
Birobidzhan	RU
Birpara	IN
Birpur	IN
Birsfelden	CH
Birsinghpur	IN
Birsk	RU
Birstall	GB
Biruaca	VE
Birur	IN
Biryulevo	RU
Biryulevo Zapadnoye	RU
Birzai	LT
Birzebbuga	MT
Bisalgarh	IN
Bisalpur	IN
Bisauli	IN
Biscarrosse	FR
Bisceglie	IT
Bischheim	FR
Bischofsheim	DE
Bischofswerda	DE
Bischwiller	FR
Bisee	LC
Bisenda Buzurg	IN
Bisert'	RU
Bishan	CN
Bishan New Town	SG
Bishkek	KG
Bishnah	IN
Bishnupur	IN
Bishoftu	ET
Bishop Auckland	GB
Bishopbriggs	GB
Bishops Cleeve	GB
Bishops Stortford	GB
Bishopstoke	GB
Bishopsworth	GB
Bishrampur	IN
Biskra	DZ
Biskupiec	PL
Biskupin	PL
Biskupin-Sepolno-Dabie-Bartoszowice	PL
Bislig	PH
Bismarck	US
Bismil	TR
Bissau	GW
Bissendorf	DE
Bissikrima	GN
Bissora	GW
Bistrita	RO
Biswan	IN
Biswanath Chariali	IN
Bitam	GA
Bitburg	DE
Bitetto	IT
Bitez	TR
Bithur	IN
Bitkine	TD
Bitlis	TR
Bitola	MK
Bitonto	IT
Bitritto	IT
Bitterfeld-Wolfen	DE
Bittou	BF
Bitung	ID
Bituruna	BR
Biu	NG
Bixby	US
Biyala	EG
Biyang	CN
Biysk	RU
Bizen	JP
Bizerte	TN
Bjelovar	HR
Bjoerlanda	SE
Bjuv	SE
Bla	ML
Black Creek	CA
Black Forest	US
Blackburn	GB
Blackburn South	AU
Blackfalds	CA
Blackfoot	US
Blackheath	GB
Blackley	GB
Blackpool	GB
Blacksburg	US
Blacktown	AU
Blackwall	GB
Blackwood	GB
Blacon	GB
Blagnac	FR
Blagodarnyy	RU
Blagoevgrad	BG
Blagoveshchenka	RU
Blagoveshchensk	RU
Blahou	CI
Blaine	US
Blainville	CA
Blaj	RO
Blanchardstown	IE
Blandford Forum	GB
Blanes	ES
Blangpidie	ID
Blangwa	CM
Blankenberge	BE
Blankenburg	DE
Blankenese	DE
Blankenfelde	DE
Blankenfelde-Mahlow	DE
Blanquefort	FR
Blansko	CZ
Blantyre	MW
Blasewitz	DE
Blaubeuren	DE
Blauwgrond	SR
Blauwput	BE
Blaydon-on-Tyne	GB
Blegny	BE
Bleiswijk	NL
Blenheim	NZ
Blenimeouin	CI
Blerick	NL
Bletchley	GB
Blida	DZ
Blieskastel	DE
Blitar	ID
Blockhouse Bay	NZ
Bloemfontein	ZA
Bloemhof	ZA
Blois	FR
Blolequin	CI
Blomberg	DE
Blonie	PL
Bloomfield	US
Bloomingdale	US
Bloomington	US
Bloomsburg	US
Blora	ID
Blossom Park	CA
Bloxwich	GB
Bludenz	AT
Blue Ash	US
Blue Island	US
Blue Mountains	AU
Blue Springs	US
Bluefield	US
Bluefields	NI
Bluffdale	US
Bluffton	US
Blumberg	DE
Blumenau	BR
Blundell	CA
Blyth	GB
Blythe	US
Blytheville	US
Bnei Brak	IL
Bni Bouayach	MA
Bni Drar	MA
Bo	SL
Bo GJe	VN
Bo Phloi	TH
Bo Rai	TH
Bo'ness	GB
Bo`ka	UZ
Boa Esperanca	BR
Boa Esperanca do Sul	BR
Boa Nova	BR
Boa Viagem	BR
Boa Vista	BR
Boa Vista do Tupim	BR
Boaco	NI
Boadilla del Monte	ES
Boali	CF
Boane	MZ
Boardman	US
Bobangui	CF
Bobbili	IN
Bobenheim-Roxheim	DE
Bobigny	FR
Bobingen	DE
Bobo-Dioulasso	BF
Boboniessoko	CI
Bobonong	BW
Bobosso-Tienigbe	CI
Bobrov	RU
Bobrovo	RU
Bobrovytsia	UA
Bobruysk	BY
Bobrynets	UA
Boca Chica	DO
Boca Del Mar	US
Boca Raton	US
Boca Suno	EC
Boca da Mata	BR
Boca de Aroa	VE
Boca de Uchire	VE
Boca do Acre	BR
Bocaina	BR
Bocaiuva	BR
Bocaiuva do Sul	BR
Bocanda	CI
Bocaranga	CF
Bocaue	PH
Bochil	MX
Bochnia	PL
Bocholt	DE
Bochum	DE
Bochum-Werne	DE
Bockenem	DE
Bockum	DE
Bocoio	AO
Bocono	VE
Boconoito	VE
Bocsa	RO
Boda	CF
Bodaybo	RU
Bodden Town	KY
Bode Saadu	NG
Bodegraven	NL
Bodeli	IN
Boden	SE
Bodh Gaya	IN
Bodhan	IN
Bodinayakkanur	IN
Boditi	ET
Bodmin	GB
Bodo	NO
Bodoco	BR
Bodri	IN
Bodrum	TR
Bodupal	IN
Boeblingen	DE
Boechout	BE
Boedo	AR
Boende	CD
Boeng Kak Muoy	KH
Boeng Kak Pir	KH
Boerne	US
Bofete	BR
Boffa	GN
Bog Walk	JM
Bogale	MM
Bogalusa	US
Bogande	BF
Bogatynia	PL
Bogbam	CI
Bogd	MN
Bogdanovich	RU
Bogen	DE
Bogenhausen	DE
Boghni	DZ
Bognonzra	CI
Bognor Regis	GB
Bogo	CM
Bogor	ID
Bogoroditsk	RU
Bogorodsk	RU
Bogorodskoye	RU
Bogota	CO
Bogotol	RU
Bogovinje	MK
Bogra	BD
Boguchany	RU
Boguchar	RU
Bogue	MR
Boguszow-Gorce	PL
Bohemia	US
Bohicon	BJ
Bohl-Iggelheim	DE
Bohmte	DE
Bohnice	CZ
Bohnsdorf	DE
Bohodukhiv	UA
Bohodukhivskyi	UA
Bohumin	CZ
Bohunice	CZ
Bohuslav	UA
Boiro	ES
Bois-Colombes	FR
Bois-Guillaume	FR
Bois-d'Arcy	FR
Boisar	IN
Boisbriand	CA
Boise	US
Boissy-Saint-Leger	FR
Boituva	BR
Boizenburg	DE
Bojia	CN
Bojnurd	IR
Bojonegoro	ID
Boju	NG
Bokajan	IN
Bokakhat	IN
Bokaro	IN
Boke	GN
Bokhtar	TJ
Bokkos	NG
Bokombayevskoye	KG
Bokoro	TD
Boksburg	ZA
Boksitogorsk	RU
Bol	TD
Bol'shaya Setun'	RU
Bol'sherech'ye	RU
Bol'soj Kamen'	RU
Bolama	GW
Bolanikhodan	IN
Bolanos de Calatrava	ES
Bolarum	IN
Bolbec	FR
Boldaji	IR
Bolderaja	LV
Boldesti-Scaeni	RO
Boldumsaz	TM
Bole	CN
Bolekhiv	UA
Bolenge	CD
Boleslawiec	PL
Bolgatanga	GH
Bolhrad	UA
Boli	CN
Bolingbrook	US
Bolintin Vale	RO
Bolivar	US
Bolkhov	RU
Bolla-Tau	ZA
Bollate	IT
Bollene	FR
Bollnaes	SE
Bollullos par del Condado	ES
Bolobo	CD
Bologna	IT
Bologoye	RU
Bologoye-4	RU
Bolokhovo	RU
Bolotnoye	RU
Bolpur	IN
Bolshevo	RU
Bolsover	GB
Bolton	GB
Bolton upon Dearne	GB
Bolu	TR
Bolvadin	TR
Bolzano	IT
Bom Conselho	BR
Bom Despacho	BR
Bom Jardim	BR
Bom Jesus	BR
Bom Jesus da Lapa	BR
Bom Jesus das Selvas	BR
Bom Jesus de Goias	BR
Bom Jesus do Galho	BR
Bom Jesus do Itabapoana	BR
Bom Jesus do Norte	BR
Bom Jesus do Tocantins	BR
Bom Jesus dos Perdoes	BR
Bom Lugar	BR
Bom Principio	BR
Bom Repouso	BR
Bom Retiro	BR
Bom Retiro do Sul	BR
Bom Sucesso	BR
Boma	CD
Boma la Ngombe	TZ
Bombe	ET
Bombinhas	BR
Bombo	UG
Bomet	KE
Bomfim	PT
Bommasandra Industrial Area	IN
Bomminayakkanpatti	IN
Bon Air	US
Bon-Secours	FR
Bonab	IR
Bonan	CN
Bonao	DO
Bonaouin	CI
Bondi Beach	AU
Bondo	KE
Bondoukou	CI
Bondowoso	ID
Bondues	FR
Bondy	FR
Bonen	DE
Bonfim	BR
Bonfinopolis	BR
Bonga	ET
Bongabon	PH
Bongaigaon	IN
Bongao	PH
Bongor	TD
Bongouanou	CI
Bonham	US
Boninal	BR
Bonita	US
Bonita Springs	US
Bonito	BR
Bonito de Minas	BR
Bonito de Santa Fe	BR
Bonn	DE
Bonn Hardtberg	DE
Bonneuil-sur-Marne	FR
Bonneville	FR
Bonnevoie-Sud	LU
Bonney Lake	US
Bonnievale	ZA
Bonny	NG
Bonnyrigg	GB
Bonon	CI
Bonoua	CI
Bonoufla	CI
Bontang	ID
Bonthe	SL
Bontoc	PH
Bontrug	ZA
Bonyhad	HU
Boo	SE
Boom	BE
Boon Lay	SG
Boone	US
Boortmeerbeek	BE
Boothapandi	IN
Bootle	GB
Bopal	IN
Bopfingen	DE
Boppard	DE
Boqueirao	BR
Boquim	BR
Boquira	BR
Bor	RU
Borama	SO
Boras	SE
Boraure	VE
Borawar	IN
Borazjan	IR
Borba	BR
Borborema	BR
Borculo	NL
Borda da Mata	BR
Bordeaux	FR
Bordj Bou Arreridj	DZ
Bordj Ghdir	DZ
Bordj Menaiel	DZ
Bordj Zemoura	DZ
Bordj el Bahri	DZ
Bordj el Kiffan	DZ
Bordon	GB
Borehamwood	GB
Borek	PL
Borgaon	IN
Borgaro Torinese	IT
Borgata Lesna	IT
Borgata Paradiso	IT
Borger	US
Borgerhout	BE
Borgo San Dalmazzo	IT
Borgo San Paolo	IT
Borgo Vittoria	IT
Borgomanero	IT
Borgosesia	IT
Bori	IN
Boriavi	IN
Borikhan	LA
Borisoglebsk	RU
Borisovka	RU
Borivli	IN
Boriziny	MG
Borj Cedria	TN
Borjomi	GE
Borken	DE
Borkheri	IN
Borlaenge	SE
Bormujos	ES
Borna	DE
Borne	NL
Bornem	BE
Bornheim	DE
Borodianka	UA
Borodino	RU
Boromo	BF
Borongan	PH
Boronia	AU
Boroon	PH
Borotou-Koro	CI
Borough Park	US
Borovichi	RU
Borovsk	RU
Borovskiy	RU
Borsa	RO
Borsad	IN
Borsbeek	BE
Borshchahivka	UA
Borshchiv	UA
Borssele	NL
Bortnychi	UA
Borujen	IR
Borujerd	IR
Boryeong	KR
Boryslav	UA
Boryspil	UA
Borzya	RU
Bosanska Krupa	BA
Bosaso	SO
Bosconia	CO
Boscoreale	IT
Boscotrecase	IT
Boseong	KR
Boshan	CN
Boshkengash	TJ
Boshof	ZA
Boshruyeh	IR
Bosilovo	MK
Boskoop	NL
Boskovice	CZ
Bosobolo	CD
Bosque Saude	BR
Bossangoa	CF
Bosse	UA
Bossembele	CF
Bossemtele I	CF
Bossier City	US
Bossley Park	AU
Bostanli	TR
Boston	US
Bostonia	US
Botad	IN
Botany	AU
Botataung	MM
Botelhos	BR
Botevgrad	BG
Bothaville	ZA
Bothell	US
Bothell West	US
Bothfeld	DE
Botolan	PH
Botosani	RO
Botou	CN
Botro	CI
Botshabelo	ZA
Bottrop	DE
Botucatu	BR
Botuofeinuochunshuian	CN
Botupora	BR
Bou Arada	TN
Bou Arfa	DZ
Bou Arkoub	TN
Bou Chemma	TN
Bou Fekrane	MA
Bou Hanifia el Hamamat	DZ
Bou Ismail	DZ
Bou Izakarn	MA
Bou Saada	DZ
Bou Salem	TN
Bou Tlelis	DZ
Bouafle	CI
Bouake	CI
Bouandougou	CI
Bouansa	CG
Bouar	CF
Bouarfa	MA
Bouc-Bel-Air	FR
Bouca	CF
Boucherville	CA
Boudenib	MA
Boudjima	DZ
Boudouaou	DZ
Boufarik	DZ
Bougaa	DZ
Bougado	PT
Bougadoum	MR
Bougara	DZ
Boughton	GB
Bougouni	ML
Bouguenais	FR
Bougzoul	DZ
Bouinan	DZ
Bouira	DZ
Bouizazarene Ihaddadene	MA
Boujdour	EH
Boujniba	MA
Boukadir	DZ
Bouknadel	MA
Boukoumbe	BJ
Boulder	US
Boulder City	US
Boulogne-Billancourt	FR
Boulogne-sur-Mer	FR
Boulsa	BF
Bouly	MR
Boumahra Ahmed	DZ
Boumalne Dades	MA
Boumerdas	DZ
Boumhel El Bassatine	TN
Boumia	MA
Bouna	CI
Bound Brook	US
Boundiali	CI
Boundji	CG
Bountiful	US
Bourbonnais	US
Bourem	ML
Bourg-de-Peage	FR
Bourg-en-Bresse	FR
Bourg-la-Reine	FR
Bourg-les-Valence	FR
Bourges	FR
Bourne	GB
Bournemouth	GB
Bourzanga	BF
Bouskoura	MA
Bousse	BF
Bousso	TD
Boussu	BE
Boutilimitt	MR
Bouza	NE
Bouznika	MA
Bovenden	DE
Bovisio-Masciago	IT
Bovolone	IT
Bow	GB
Bowangshan	CN
Bowen	AU
Bowie	US
Bowling Green	US
Bowmanville	CA
Bowness	CA
Bowral	AU
Bowthorpe	GB
Box Hill	AU
Box Hill North	AU
Boxmeer	NL
Boxtel	NL
Boyabat	TR
Boyalik	TR
Boyampalaiyam	IN
Boyarka	UA
Boyeros	CU
Boyle Heights	US
Boynton Beach	US
Boyolali	ID
Boyolangu	ID
Boysun	UZ
Bozeman	US
Bozhou	CN
Bozkir	TR
Bozoum	CF
Bozova	TR
Bozueyuek	TR
Bozyazi	TR
Bra	IT
Bracciano	IT
Bracebridge	CA
Brachenfeld-Ruthenberg	DE
Brackel	DE
Bracken Ridge	AU
Brackenheim	DE
Brackley	GB
Bracknell	GB
Braco do Norte	BR
Brad	RO
Bradenton	US
Bradford	GB
Bradley	US
Bradley Gardens	US
Bradwell	GB
Braemar Hill	HK
Braga	PT
Braganca	BR
Braganca Paulista	BR
Brahmakulam	IN
Brahmana Periya Agraharam	IN
Brahmanan di Bari	IN
Brahmanbaria	BD
Brahmani	IN
Brahmapur	IN
Braila	RO
Braine-l'Alleud	BE
Braine-le-Comte	BE
Brainerd	US
Braintree	GB
Brajarajnagar	IN
Brak	LY
Brake (Unterweser)	DE
Brakel	DE
Brakpan	ZA
Bramhabarada	IN
Bramhall	GB
Bramhapuri	IN
Brampton	CA
Bramsche	DE
Brand-Erbisdorf	DE
Brandenburg an der Havel	DE
Brandermill	US
Brandon	US
Brandys nad Labem-Stara Boleslav	CZ
Branford	US
Braniewo	PL
Branik	CZ
Branson	US
Brant	CA
Brantford	CA
Bras	BR
Bras-Panon	RE
Brasil Novo	BR
Brasilandia	BR
Brasilandia de Minas	BR
Brasileia	BR
Brasilia	BR
Brasilia de Minas	BR
Brasnorte	BR
Brasov	RO
Brassall	AU
Brasschaat	BE
Brateyevo	RU
Bratislava	SK
Bratsk	RU
Braunfels	DE
Braunschweig	DE
Braunstone	GB
Brawley	US
Bray	IE
Bray Park	AU
Brazlandia	BR
Brazopolis	BR
Brazzaville	CG
Brcko	BA
Brea	US
Breakers	KY
Breaza	RO
Breaza de Sus	RO
Brecht	BE
Brecksville	US
Breclav	CZ
Breda	NL
Bredasdorp	ZA
Bredbury	GB
Bredene	BE
Bredy	RU
Bree	BE
Bregenz	AT
Breisach am Rhein	DE
Brejetuba	BR
Brejinho	BR
Brejo	BR
Brejo Santo	BR
Brejo da Madre de Deus	BR
Brejo do Cruz	BR
Brejoes	BR
Bremen	DE
Bremerhaven	DE
Bremerton	US
Bremervoerde	DE
Brena	PE
Brenes	ES
Brenham	US
Brent	GB
Brentford	GB
Brentwood	US
Brentwood Estates	US
Brentwood Park	CA
Brentwood Village	US
Breo	IT
Brera	IT
Brescia	IT
Bressanone	IT
Bresso	IT
Bressoux	BE
Bressuire	FR
Brest	BY
Bretigny-sur-Orge	FR
Bretten	DE
Bretzfeld	DE
Breu Branco	BR
Breukelen	NL
Breves	BR
Breyten	ZA
Brezina	DZ
Brezno	SK
Bria	CF
Briancon	FR
Briar Hill-Belgravia	CA
Briarwood	US
Briceni	MD
Brick	US
Brickfields	MY
Brickworks Estate	SG
Bridgend	GB
Bridgeport	US
Bridgeton	US
Bridgetown	BB
Bridgeview	US
Bridgewater	US
Bridgnorth	GB
Bridgwater	GB
Bridlewood	CA
Bridlington	GB
Bridport	GB
Brie-Comte-Robert	FR
Brierfield	GB
Brierley Hill	GB
Brieselang	DE
Brigham City	US
Brighouse	GB
Brighouse-City Centre	CA
Brighton	GB
Brighton Beach	US
Brighton East	AU
Brighton Park	US
Brightwood	US
Brigittenau	AT
Brignais	FR
Brignoles	FR
Brikama	GM
Brilon	DE
Brindisi	IT
Brisas Barra de Suchiate	MX
Brisbane	AU
Bristol	GB
Briton Ferry	GB
Brits	ZA
Britz	DE
Brive-la-Gaillarde	FR
Brixham	GB
Brixton	GB
Brixton Hill	GB
Brno	CZ
Brno stred	CZ
Broad Ripple	US
Broadfield	GB
Broadlands	US
Broadmeadows	AU
Broadmoor	CA
Broadstairs	GB
Broadstone	GB
Broadview Heights	US
Broadview North	CA
Brobo	CI
Brocklehurst	CA
Brockley	GB
Brockton	US
Brockville	CA
Brodnica	PL
Brodowski	BR
Brody	UA
Broken Arrow	US
Broken Hill	AU
Brokopondo	SR
Bromborough	GB
Bromma	SE
Bromsgrove	GB
Bron	FR
Brondby Strand	DK
Brondbyvester	DK
Bronderslev	DK
Bronkhorstspruit	ZA
Bronnitsy	RU
Bronte	IT
Brook Park	US
Brookes Point	PH
Brookfield	US
Brookhaven	US
Brookhaven-Amesbury	CA
Brookings	US
Brooklin	CA
Brookline	US
Brooklyn	US
Brooklyn Center	US
Brooklyn Heights	US
Brooklyn Park	US
Brooks	CA
Brookside	US
Brookswood	CA
Broomall	US
Broome	AU
Broomfield	US
Brossard	CA
Brotas	BR
Brotas de Macaubas	BR
Brou akpaousso	CI
Broudoukou-Kpenda	CI
Brough	GB
Broussard	US
Brovary	UA
Brow of the Hill	CA
Brown Deer	US
Brownhills	GB
Browns Bay	NZ
Browns Mills	US
Brownsburg	US
Brownsville	US
Brownwood	US
Broxbourne	GB
Broxburn	GB
Bruay-la-Buissiere	FR
Bruay-sur-l'Escaut	FR
Bruchkoebel	DE
Bruchsal	DE
Bruckmuhl	DE
Bruehl	DE
Brufut	GM
Bruges	FR
Brugg	CH
Brugge	BE
Bruggen	DE
Brugherio	IT
Bruhl	DE
Brumadinho	BR
Brumado	BR
Brummen	NL
Brumunddal	NO
Brunico	IT
Brunn am Gebirge	AT
Brunoy	FR
Brunsbuettel	DE
Brunssum	NL
Brunswick	US
Brunswick East	AU
Brunswick West	AU
Bruntal	CZ
Brusciano	IT
Brushy Creek	US
Brusque	BR
Brussels	BE
Bruz	FR
Brvenica	MK
Brwinow	PL
Bry-sur-Marne	FR
Bryan	US
Bryanka	UA
Bryansk	RU
Bryant	US
Brymbo	GB
Bryn Mawr-Skyway	US
Bryne	NO
Brynmawr	GB
Bryukhovetskaya	RU
Brzeg	PL
Brzeg Dolny	PL
Brzesko	PL
Brzeszcze	PL
Brzeziny	PL
Brzezno Gdanskie	PL
Bsharri	LB
Bua Yai	TH
Buanoy	PH
Buaran	ID
Buayan	PH
Bubanza	BI
Bucak	TR
Bucaramanga	CO
Bucerias	MX
Buch	DE
Bucha	UA
Buchach	UA
Buchanan	LR
Bucharest	RO
Buchen in Odenwald	DE
Bucheon-si	KR
Buchheim	DE
Buchholz in der Nordheide	DE
Buchloe	DE
Buchs	CH
Buckeye	US
Buckhall	US
Buckhurst Hill	GB
Buckingham	CA
Buckley	GB
Buckow	DE
Buco	AO
Buco Zau	AO
Bucov	RO
Bucyrus	US
Buda	HU
Budadiri	UG
Budafok	HU
Budai	TW
Budaka	UG
Budakeszi	HU
Budaors	HU
Budapest	HU
Budapest I. keruelet	HU
Budapest II. keruelet	HU
Budapest III. keruelet	HU
Budapest IV. keruelet	HU
Budapest V. keruelet	HU
Budapest VI. keruelet	HU
Budapest VIII. keruelet	HU
Budapest XI. keruelet	HU
Budapest XII. keruelet	HU
Budapest XIII. keruelet	HU
Budapest XIX. keruelet	HU
Budapest XV. keruelet	HU
Budapest XVI. keruelet	HU
Budapest XVII. keruelet	HU
Budapest XVIII. keruelet	HU
Budapest XX. keruelet	HU
Budapest XXI. keruelet	HU
Budapest XXII. keruelet	HU
Budapest XXIII. keruelet	HU
Budateteny	HU
Budaun	IN
Buderim	AU
Budge Budge	IN
Budha Theh	IN
Budhana	IN
Budhlada	IN
Budhni	IN
Budipuram	IN
Budta	PH
Buduburam	GH
Buduran	ID
Budva	ME
Budyonnovsk	RU
Buea	CM
Bueckeburg	DE
Buedelsdorf	DE
Buedingen	DE
Buelach	CH
Buena Park	US
Buenaventura	CO
Buenaventura Lakes	US
Buenavista	MX
Buenavista Tomatlan	MX
Buende	DE
Bueng Kum	TH
Bueno Brandao	BR
Buenos Aires	AR
Buenyan	TR
Buer	DE
Buerarema	BR
Bueren	DE
Buerstadt	DE
Buesaco	CO
Bueu	ES
Bueyuekcekmece	TR
Buffalo	US
Buffalo Grove	US
Buford	US
Buftea	RO
Bugalagrande	CO
Bugallon	PH
Bugaragara	RW
Bugarama	TZ
Bugembe	UG
Bugene	TZ
Buggenhout	BE
Bugiri	UG
Bugo	PH
Bugojno	BA
Buguda	IN
Bugulma	RU
Buguma	NG
Buguruslan	RU
Buhe	CN
Buhesi	UG
Buhi	PH
Buhimba	UG
Buhl	DE
Buhodle	SO
Buhusi	RO
Buikwe	UG
Buin	CL
Buinsk	RU
Buique	BR
Bujari	BR
Bujaru	BR
Bujumbura	BI
Bukama	CD
Bukan	IR
Bukavu	CD
Bukhara	UZ
Bukit Batok New Town	SG
Bukit Beruntung	MY
Bukit Bintang	MY
Bukit Gambir	MY
Bukit Gemuroh	MY
Bukit Ho Swee Estate	SG
Bukit Indah	MY
Bukit Jalil	MY
Bukit Kerinchi	MY
Bukit Merah Estate	SG
Bukit Mertajam	MY
Bukit Panjang New Town	SG
Bukit Rahman Putra	MY
Bukit Rambai	MY
Bukit Tambun	MY
Bukit Tengah	MY
Bukit Timah	SG
Bukittinggi	ID
Bukoba	TZ
Bukomero	UG
Bukowno	PL
Bukuru	NG
Bukuya	UG
Bula	PH
Bulacan	PH
Bulakamba	ID
Bulalacao	PH
Bulan	PH
Bulanash	RU
Bulancak	TR
Bulandshahr	IN
Bulanik	TR
Bulaon	PH
Bulaq Abu al 'Ila	EG
Bulawayo	ZW
Buldan	TR
Buldana	IN
Bulgan	MN
Bulihan	PH
Bull Run	US
Bullas	ES
Bulle	CH
Bulleen	AU
Bullhead City	US
Bully-les-Mines	FR
Bulnes	CL
Bulog	PH
Buloh Kasap	MY
Bulolo	PG
Bulqize	AL
Bultfontein	ZA
Buluan	PH
Buluangan	PH
Bulung'ur Shahri	UZ
Bulungu	CD
Bumahen	IR
Bumba	CD
Bumbesti-Jiu	RO
Bumpe	SL
Bunamwaya	UG
Bunawan	PH
Bunbury	AU
Bunda	TZ
Bundaberg	AU
Bundi	IN
Bundibugyo	UG
Bundoora	AU
Bundu	IN
Bungku	ID
Bungo-Takada-shi	JP
Bungoma	KE
Bungu	TZ
Bunhe	UA
Buni	PK
Bunia	CD
Bunjwah	IN
Bunkeflostrand	SE
Bunkyo	JP
Bununka Kunda	GM
Buon Ho	VN
Buon Ma Thuot	VN
Buon Trap	VN
Bur Dubai	AE
Bur Sa'id	AE
Bura Tana	KE
Buraca	PT
Buram	SD
Burao	SO
Burari	IN
Burauen	PH
Buraydah	SA
Burayu	ET
Burbach	DE
Burbank	US
Burdur	TR
Bure	ET
Bures-sur-Yvette	FR
Burewala	PK
Burg bei Magdeburg	DE
Burgas	BG
Burgdorf	DE
Burgersdorp	ZA
Burgess Hill	GB
Burghausen	DE
Burgkirchen an der Alz	DE
Burglengenfeld	DE
Burglesum	DE
Burgos	ES
Burgstaedt	DE
Burgthann	DE
Burhaniye	TR
Burhanpur	IN
Burhanuddin	BD
Burhar	IN
Buri	BR
Buri Ram	TH
Burien	US
Burirchar	BD
Buritama	BR
Buriti	BR
Buriti Alegre	BR
Buriti Bravo	BR
Buriti do Tocantins	BR
Buriti dos Lopes	BR
Buriticupu	BR
Buritirama	BR
Buritis	BR
Buritizeiro	BR
Buriya	IN
Burj Islam	SY
Burj al 'Arab	EG
Burj al 'Arab al Jadidah	EG
Burjassot	ES
Burkburnett	US
Burke	US
Burke Mountain	CA
Burla	IN
Burladingen	DE
Burlata	ES
Burleigh Heads	AU
Burleigh Waters	AU
Burleson	US
Burley	US
Burlingame	US
Burlington	CA
Burnaby	CA
Burnage	GB
Burngreave	GB
Burnham	GB
Burnham-on-Sea	GB
Burnie	AU
Burnley	GB
Burnsville	US
Burntwood	GB
Burpengary	AU
Burqin	CN
Burquitlam	CA
Burr Ridge	US
Burriana	ES
Bursa	TR
Burscheid	DE
Burshtyn	UA
Burton	US
Burton upon Trent	GB
Burumburum	NG
Burunday	KZ
Burutu	NG
Burwood	AU
Burwood East	AU
Bury	GB
Bury St Edmunds	GB
Busan	KR
Busembatia	UG
Buseresere	TZ
Busesa	UG
Bush	EG
Bushehr	IR
Bushekeri	RW
Bushenge	RW
Bushey	GB
Bushwick	US
Busia	KE
Business Bay	AE
Businga	CD
Busko-Zdroj	PL
Busogo	RW
Busolwe	UG
Busselton	AU
Bussolengo	IT
Bussum	NL
Bussy-Saint-Georges	FR
Bustleton	US
Busto Arsizio	IT
Busto Garolfo	IT
Buston	TJ
Bustos	PH
Busumbala	GM
Buta	CD
Butajira	ET
Butaleja	UG
Butanta	BR
Butare	RW
Butarque	ES
Bute	KE
Butel	MK
Butemba	UG
Butembo	CD
Butere	KE
Butha-Buthe	LS
Buthidaung Town	MM
Butia	BR
Butiama	TZ
Butler	AU
Butte	US
Buttelborn	DE
Butterfly	HK
Butterworth	MY
Butuan	PH
Butubre I	CI
Butunduzi	UG
Buturlinovka	RU
Butwal	NP
Butzbach	DE
Buulobarde	SO
Buurhakaba	SO
Buwenge	UG
Buxar	IN
Buxtehude	DE
Buxton	GB
Buxwaha	IN
Buy	RU
Buyale	UG
Buyende	UG
Buyeo	KR
Buyisonto	ZA
Buynaksk	RU
Buyo	CI
Buzau	RO
Buzen	JP
Buzhake	CN
Buzhuang	CN
Buzi	TW
Buzo	JP
Buzovna	AZ
Buzuluk	RU
Buzurg	IN
Bweyogerere	UG
Bwizibwera	UG
Byadgi	IN
Byala Slatina	BG
Byaroza	BY
Byarozawka	BY
Byasanagar	IN
Byblos	LB
Bydgoszcz	PL
Byelaazyorsk	BY
Byford	AU
Bykhov	BY
Bykovo	RU
Byndoor	IN
Byram	US
Bystrc	CZ
Bystrzyca Klodzka	PL
Bytca	SK
Bytom	PL
Bytow	PL
Byumba	RW
Byureghavan	AM
Ca Mau	VN
Caacupe	PY
Caaguazu	PY
Caala	AO
Caapiranga	BR
Caapora	BR
Caarapo	BR
Caazapa	PY
Cabaceiras do Paraguacu	BR
Cabadbaran	PH
Cabagan	PH
Cabaiguan	CU
Cabanatuan City	PH
Cabayangan	PH
Cabbagetown-South St.James Town	CA
Cabeceiras de Basto	PT
Cabeceiras do Piaui	BR
Cabedelo	BR
Cabiao	PH
Cabildo	CL
Cabimas	VE
Cabinda	AO
Cabinteely	IE
Cabinuangan	PH
Cabo Frio	BR
Cabo Rojo	PR
Cabo San Lucas	MX
Cabo Verde	BR
Cabo de Santo Agostinho	BR
Caboolture	AU
Cabot	US
Cabra	ES
Cabral	DO
Cabramatta	AU
Cabrero	CL
Cabreuva	BR
Cabrican	GT
Cabrobo	BR
Cabudare	VE
Cabudwaaq	SO
Caburan	PH
Cabuyao	PH
Cacador	BR
Cacahoatan	MX
Cacak	RS
Cacalomacan	MX
Cacapava	BR
Cacapava do Sul	BR
Cacem	PT
Cacequi	BR
Caceres	ES
Cachan	FR
Cacheu	GW
Cachoeira	BR
Cachoeira Alta	BR
Cachoeira Paulista	BR
Cachoeira de Minas	BR
Cachoeira do Arari	BR
Cachoeira do Piria	BR
Cachoeira do Sul	BR
Cachoeiras de Macacu	BR
Cachoeirinha	BR
Cachoeiro de Itapemirim	BR
Cacimba de Dentro	BR
Cacimbinhas	BR
Cacoal	BR
Cacocum	CU
Cacolo	AO
Caconda	AO
Caconde	BR
Cacongo	AO
Cacu	BR
Cacule	BR
Cacuso	AO
Cadaval	PT
Cadca	SK
Cadereyta	MX
Cadereyta Jimenez	MX
Cadereyta de Montes	MX
Cadillac	US
Cadiz	PH
Cadolzburg	DE
Caem	BR
Caen	FR
Caerphilly	GB
Caetanopolis	BR
Caetanos	BR
Caete	BR
Caetes	BR
Caetite	BR
Cafarnaum	BR
Cafayate	AR
Cafelandia	BR
Cafunfo	AO
Cagayan de Oro	PH
Caglayancerit	TR
Cagliari	IT
Cagnes-sur-Mer	FR
Cagsiay	PH
Cagua	VE
Caguas	PR
Cahama	AO
Cahokia	US
Cahors	FR
Cahul	MD
Cai GJoi Vam	VN
Cai Lay	VN
Cai Rang	VN
Caia	MZ
Caiaponia	BR
Caibarien	CU
Caicara	VE
Caicara del Orinoco	VE
Caicedonia	CO
Caico	BR
Caidian	CN
Caieiras	BR
Caijia	CN
Caijiagang	CN
Caimbambo	AO
Cainta	PH
Cair	MK
Cairns	AU
Cairo	EG
Cairu	BR
Caivano	IT
Caja Seca	VE
Cajabamba	PE
Cajamar	BR
Cajamarca	PE
Cajapio	BR
Cajari	BR
Cajati	BR
Cajazeiras	BR
Cajica	CO
Cajueiro	BR
Cajuru	BR
Cakovec	HR
Cala	ZA
Calabanga	PH
Calabar	NG
Calabasas	US
Calabazar de Sagua	CU
Calabozo	VE
Calaca	PH
Calafat	RO
Calafell	ES
Calahorra	ES
Calais	FR
Calama	CL
Calamba	PH
Calamvale	AU
Calan	RO
Calangute	IN
Calapan	PH
Calapor	IN
Calarasi	MD
Calarca	CO
Calasiao	PH
Calasparra	ES
Calatagan	PH
Calatayud	ES
Calauag	PH
Calauan	PH
Calbayog City	PH
Calbe	DE
Calbuco	CL
Calcado	BR
Calceta	EC
Calchaqui	AR
Calcoene	BR
Calcutta	ZA
Caldas	CO
Caldas Novas	BR
Caldas da Rainha	PT
Caldas de Reis	ES
Caldas de Vizela	PT
Caldeirao Grande	BR
Caldera	CL
Caldes de Montbui	ES
Caldogno-Rettorgole-Cresole	IT
Caldwell	US
Caledon	CA
Caledonia	US
Calella	ES
Calendario	PT
Calenzano	IT
Calera	US
Caleta Olivia	AR
Calexico	US
Calgary	CA
Calhoun	US
Cali	CO
California	US
California City	US
Calimaya	MX
Calimete	CU
Calinesti	RO
Calintaan	PH
Calkini	MX
Callao	PE
Callaway	US
Calle Blancos	CR
Calle Larga	CL
Calliaqua	VC
Callosa de Segura	ES
Calne	GB
Calolziocorte	IT
Calonamba	AO
Calonge	ES
Caloocan	PH
Caloundra	AU
Calp	ES
Calpulalpan	MX
Caltagirone	IT
Caltanissetta	IT
Calucinga	AO
Caluire-et-Cuire	FR
Calulo	AO
Calumet City	US
Calumpang	PH
Calumpit	PH
Caluquembe	AO
Calverton	US
Calvia	ES
Calvillo	MX
Calvizzano	IT
Calw	DE
Cam Le	VN
Cam Lo	VN
Cam Pha	VN
Cam Pha Mines	VN
Cam Ranh	VN
Cam Xuyen	VN
Camabatela	AO
Camacan	BR
Camacari	BR
Camacupa	AO
Camaguan	VE
Camagueey	CU
Camaiore	IT
Camajuani	CU
Camamu	BR
Camana	PE
Camanducaia	BR
Camano	US
Camanongue	AO
Camapua	BR
Camaqua	BR
Camara de Lobos	PT
Camaragibe	BR
Camarate	PT
Camargo	ES
Camarillo	US
Camas	ES
Camayenne	GN
Cambados	ES
Cambanugoy	PH
Cambara	BR
Cambe	BR
Camberley	GB
Camberwell	AU
Cambita Garabitos	DO
Camboio	AO
Camboriu	BR
Camborne	GB
Cambrai	FR
Cambre	ES
Cambria Heights	US
Cambridge	GB
Cambridgeport	US
Cambrils	ES
Cambuci	BR
Cambui	BR
Cambundi	AO
Cambundi Catembo	AO
Cambuquira	BR
Cambuslang	GB
Camden	US
Camden Town	GB
Cameia	AO
Camenca	MD
Cameri	IT
Cameron	CA
Cameron Park	US
Cameta	BR
Camiling	PH
Caminauit	PH
Camiri	BO
Camlidere	TR
Camminghaburen	NL
Camoapa	NI
Camocim	BR
Camocim de Sao Felix	BR
Camp Hill	AU
Camp Pendleton South	US
Camp Springs	US
Camp Verde	US
Campamento	ES
Campana	AR
Campanha	PT
Campbell	US
Campbell River	CA
Campbellsville	US
Campbelltown	AU
Campeche	MX
Campechuela	CU
Camperdown	AU
Campestre	BR
Campestre do Maranhao	BR
Campi Bisenzio	IT
Campi Salentina	IT
Campia Turzii	RO
Campina	ES
Campina Grande	BR
Campina Grande do Sul	BR
Campina Verde	BR
Campina da Lagoa	BR
Campinapolis	BR
Campinas	BR
Campinorte	BR
Campo Alegre	BR
Campo Alegre de Lourdes	BR
Campo Belo	BR
Campo Bom	BR
Campo De Ourique	PT
Campo Formoso	BR
Campo Grande	BR
Campo Largo	BR
Campo Limpo	BR
Campo Limpo Paulista	BR
Campo Magro	BR
Campo Maior	BR
Campo Mourao	BR
Campo Novo do Parecis	BR
Campo Ramon	AR
Campo Redondo	BR
Campo Verde	BR
Campo de Criptana	ES
Campo de la Cruz	CO
Campo di Marte	IT
Campo do Brito	BR
Campo do Meio	BR
Campoalegre	CO
Campobasso	IT
Campobello di Licata	IT
Campodarsego	IT
Campolide	PT
Camponogara	IT
Campos Altos	BR
Campos Belos	BR
Campos Gerais	BR
Campos Novos	BR
Campos Sales	BR
Campos do Jordao	BR
Campos dos Goytacazes	BR
Campsie	AU
Campulung Moldovenesc	RO
Camrose	CA
Camucuio	AO
Can	TR
Can GJuoc	VN
Can Gio	VN
Can Giuoc	VN
Can Tho	VN
Canaa dos Carajas	BR
Canacona	IN
Canada de Gomez	AR
Canakkale	TR
Canalete	CO
Canals	ES
Canandaigua	US
Cananea	MX
Cananeia	BR
Canapi	BR
Canapolis	BR
Canarana	BR
Canarsie	US
Canary Wharf	GB
Canas	CR
Canasgordas	CO
Canatlan	MX
Canavieiras	BR
Canberra	AU
Canby	US
Canchungo	GW
Cancun	MX
Candaba	PH
Candangolandia	BR
Candeias	BR
Candeias do Jamari	BR
Candelaria	PH
Candi Prambanan	ID
Candiac	CA
Candiba	BR
Candido Mendes	BR
Candido Mota	BR
Candido Sales	BR
Candido de Abreu	BR
Candiota	BR
Candler-McAfee	US
Candoi	BR
Candon	PH
Canecas	PT
Canegrate	IT
Canela	BR
Canelas	PT
Canelinha	BR
Canelones	UY
Canet de Mar	ES
Canet-en-Roussillon	FR
Canete	CL
Canford Heath	GB
Cangaiba	BR
Cangandala	AO
Cangas del Narcea	ES
Cangas do Morrazo	ES
Cangkat Jong	MY
Cangling	CN
Canguaretama	BR
Cangucu	BR
Cangzhou	CN
Canhotinho	BR
Canicatti	IT
Canico	PT
Canidelo	PT
Canillas	ES
Canillejas	ES
Caninde	BR
Caninde de Sao Francisco	BR
Cankaya	TR
Cankiri	TR
Canlaon	PH
Canley Heights	AU
Canley Vale	AU
Canmore	CA
Cannes	FR
Canning	IN
Canning Town	GB
Canning Vale	AU
Cannock	GB
Canoas	BR
Canoga Park	US
Canoinhas	BR
Canon City	US
Canonbury	GB
Canosa di Puglia	IT
Canovelles	ES
Cansancao	BR
Canta	BR
Cantagalo	BR
Cantanhede	BR
Cantaura	VE
Cantel	GT
Canteleu	FR
Canterbury	GB
Cantillana	ES
Cantley	CA
Canto do Buriti	BR
Canton	US
Cantonment	US
Cantu	IT
Canudos	BR
Canutama	BR
Canvey Island	GB
Canyon	US
Canyon Country	US
Canyon Lake	US
Canyon Rim	US
Cao Bang	VN
Cao Lanh	VN
Caohe	CN
Caohui	CN
Caojie	CN
Caoqiao	CN
Caotang	CN
Caotun	TW
Cap Negro II	MA
Cap-Haitien	HT
Cap-aux-Meules	CA
Capacho Nuevo	VE
Capalaba	AU
Capanema	BR
Capannori	IT
Capao Bonito	BR
Capao Redondo	BR
Capao da Canoa	BR
Capao do Leao	BR
Caparica	PT
Caparrapi	CO
Capas	PH
Capdepera	ES
Cape Coast	GH
Cape Coral	US
Cape Girardeau	US
Cape Horn	CA
Cape Town	ZA
Capela	BR
Capela de Santana	BR
Capela do Alto	BR
Capela do Alto Alegre	BR
Capelinha	BR
Capelle aan den IJssel	NL
Capesterre-Belle-Eau	GP
Capiata	PY
Capilla de Guadalupe	MX
Capim Branco	BR
Capim Grosso	BR
Capinopolis	BR
Capinzal	BR
Capinzal do Norte	BR
Capistrano	BR
Capitan Bermudez	AR
Capitao Eneas	BR
Capitao Leonidas Marques	BR
Capitao Poco	BR
Capitao de Campos	BR
Capitol Hill	US
Capitol Riverfront	US
Capitola	US
Capitolio	BR
Capivari	BR
Capivari de Baixo	BR
Capixaba	BR
Capo d'Orlando	IT
Capoeiras	BR
Capoterra	IT
Captainganj	IN
Capua	IT
Capulhuac de Mirafuentes	MX
Capunda	AO
Capurso	IT
Caraballeda	VE
Carabanchel	ES
Caracal	RO
Caracarai	BR
Caracas	VE
Caracol	BR
Caraguatatuba	BR
Carahue	CL
Carai	BR
Carambei	BR
Caranavi	BO
Carandai	BR
Carangola	BR
Caransebes	RO
Carapebus	BR
Carapicuiba	BR
Carate Brianza	IT
Caratinga	BR
Carauari	BR
Caraubas	BR
Caravaca	ES
Caravaggio	IT
Caraz	PE
Carazinho	BR
Carballo	ES
Carbondale	US
Carbonia	IT
Carcaixent	ES
Carcar	PH
Carcarana	AR
Carcassonne	FR
Carcavelos	PT
Cardano al Campo	IT
Cardedeu	ES
Cardenas	CU
Cardiff	GB
Cardito	IT
Cardona	PH
Cardoso	BR
Cardoso Moreira	BR
Carei	RO
Careiro	BR
Careiro da Varzea	BR
Carepa	CO
Carey	CA
Cariacica	BR
Cariaco	VE
Cariamanga	EC
Cariboo	CA
Caridade	BR
Carigara	PH
Carindale	AU
Caringbah	AU
Caringbah South	AU
Caringin	ID
Carinhanha	BR
Carini	IT
Caripito	VE
Carira	BR
Carire	BR
Caririacu	BR
Carius	BR
Carlentini	IT
Carlet	ES
Carleton Place	CA
Carletonville	ZA
Carlinda	BR
Carlingford	AU
Carlisle	GB
Carlopolis	BR
Carlos A. Carrillo	MX
Carlos Barbosa	BR
Carlos Chagas	BR
Carlow	IE
Carlsbad	US
Carlton	AU
Carluke	GB
Carmagnola	IT
Carmarthen	GB
Carmaux	FR
Carmel	US
Carmelo	UY
Carmen	PH
Carmen De La Legua Reynoso	PE
Carmen de Patagones	AR
Carmen de Viboral	CO
Carmenes	ES
Carmichael	US
Carmo	BR
Carmo da Cachoeira	BR
Carmo da Mata	BR
Carmo de Minas	BR
Carmo do Cajuru	BR
Carmo do Paranaiba	BR
Carmo do Rio Claro	BR
Carmona	PH
Carmopolis	BR
Carmopolis de Minas	BR
Carnaiba	BR
Carnaubal	BR
Carnaubeira da Penha	BR
Carnaxide	PT
Carnegie	AU
Carney	US
Carnide	PT
Carnisse	NL
Carnot	CF
Carnot-Moon	US
Carnoustie	GB
Caroebe	BR
Carol City	US
Carol Stream	US
Carolina	PR
Caroline Springs	AU
Caronno Pertusella	IT
Carora	VE
Carouge	CH
Carovigno	IT
Carpenedolo	IT
Carpentersville	US
Carpentras	FR
Carpi	IT
Carpina	BR
Carpinteria	US
Carquefou	FR
Carranglan	PH
Carrao	BR
Carrara	IT
Carrboro	US
Carrefour	HT
Carregado	PT
Carrickfergus	GB
Carriere	US
Carrieres-sous-Poissy	FR
Carrieres-sur-Seine	FR
Carrigaline	IE
Carrizal	VE
Carroll Park	US
Carrollton	US
Carrollwood	US
Carrollwood Village	US
Carros	FR
Carrum Downs	AU
Carsamba	TR
Carshalton	GB
Carson	US
Carson City	US
Cartagena	CO
Cartago	CO
Cartama	ES
Cartaxo	PT
Cartaya	ES
Carteret	US
Cartersville	US
Carterton	GB
Carthage	TN
Cartierville	CA
Caruaru	BR
Carugate	IT
Carupano	VE
Carutapera	BR
Carver	US
Carvin	FR
Carvoeiro	PT
Cary	US
Casa Blanca	MX
Casa Branca	BR
Casa Grande	US
Casa Loma	CA
Casa Nova	BR
Casa Santa	IT
Casa Verde	BR
Casa de Campo	ES
Casa de Oro-Mount Helix	US
Casablanca	MA
Casagiove	IT
Casal Bertone	IT
Casal Palocco	IT
Casal de' Pazzi	IT
Casal di Principe	IT
Casale Monferrato	IT
Casalecchio di Reno	IT
Casalmaggiore	IT
Casalnuovo di Napoli	IT
Casalpusterlengo	IT
Casamassima	IT
Casanay	VE
Casandrino	IT
Casarano	IT
Casas Adobes	US
Casavatore	IT
Cascais	PT
Cascavel	BR
Cascina	IT
Casco Historico de Vallecas	ES
Casco Historico de Vicalvaro	ES
Caselle Torinese	IT
Caserta	IT
Casigua El Cubo	VE
Casilda	AR
Casimiro de Abreu	BR
Casinhas	BR
Casino	AU
Casisang	PH
Caslav	CZ
Casoria	IT
Casper	US
Cassanguidi	AO
Cassano All'Ionio	IT
Cassano Magnago	IT
Cassano d'Adda	IT
Cassano delle Murge	IT
Casselberry	US
Cassia	BR
Cassilandia	BR
Cassina de' Pecchi	IT
Cassino	IT
Castaic	US
Castalla	ES
Castanet-Tolosan	FR
Castanhal	BR
Castano Primo	IT
Castanos	MX
Castel Maggiore	IT
Castel Mella	IT
Castel San Giovanni	IT
Castel San Pietro Terme	IT
Castel Volturno	IT
Castelar	AR
Casteldaccia	IT
Castelfidardo	IT
Castelfiorentino	IT
Castelfranco Emilia	IT
Castelfranco Veneto	IT
Castell-Platja d'Aro	ES
Castellammare del Golfo	IT
Castellammare di Stabia	IT
Castellana	ES
Castellaneta	IT
Castellanza	IT
Castellar del Valles	ES
Castellbisbal	ES
Castelldefels	ES
Castello d'Empuries	ES
Castello de la Plana	ES
Castelnau-le-Lez	FR
Castelnaudary	FR
Castelnovo ne'Monti	IT
Castelo	BR
Castelo Branco	PT
Castelo Viegas	PT
Castelo do Piaui	BR
Castelo dos Sonhos	BR
Castelsarrasin	FR
Castelvetrano	IT
Castiglione delle Stiviere	IT
Castilho	BR
Castilla	ES
Castilleja de la Cuesta	ES
Castillejos	PH
Castillo Grande	PE
Castle Hill	AU
Castle Pines North	US
Castle Rock	US
Castle Vale	GB
Castlebar	IE
Castleford	GB
Castlereagh	GB
Castletroy	IE
Castlewood	US
Castres	FR
Castricum	NL
Castries	LC
Castro	BR
Castro Alves	BR
Castro Valley	US
Castro-Urdiales	ES
Castrop-Rauxel	DE
Castrovillari	IT
Casula	AU
Cat	TR
Cat Ba	VN
Catabola	AO
Catacaos	PE
Catacocha	EC
Cataguases	BR
Catalao	BR
Catalca	TR
Catalina Foothills	US
Catamarca	AR
Catamayo	EC
Catanauan	PH
Catandica	MZ
Catanduva	BR
Catanduvas	BR
Catania	IT
Catano	PR
Catanzaro	IT
Catarina	BR
Catarman	PH
Catarroja	ES
Catbalogan	PH
Catchiungo	AO
Catemaco	MX
Catemu	CL
Catende	BR
Caterham	GB
Catete	BR
Catford	GB
Cathedral City	US
Catia La Mar	VE
Cativa	PA
Catole do Rocha	BR
Catonsville	US
Catriel	AR
Catterick Garrison	GB
Cattolica	IT
Catu	BR
Catumbela	AO
Catunda	BR
Cau Dien	VN
Cau Giay	VN
Caucagua	VE
Caucagueito	VE
Caucaia	BR
Caucasia	CO
Caucete	AR
Caudebec-les-Elbeuf	FR
Caudete	ES
Caudry	FR
Caulfield North	AU
Caulfield South	AU
Cauquenes	CL
Causeni	MD
Causeway Bay	HK
Cauto Cristo	CU
Cava De Tirreni	IT
Cavaillon	FR
Cave Spring	US
Cavelossim	IN
Cavite City	PH
Caxambu	BR
Caxias	BR
Caxias do Sul	BR
Caxito	AO
Cay	TR
Cayambe	EC
Cayce	US
Caycuma	TR
Cayeli	TR
Cayenne	GF
Cayey	PR
Cayiralan	TR
Caykara	TR
Cazenga	AO
Cazin	BA
Cazombo	AO
Ceadir-Lunga	MD
Ceara-Mirim	BR
Cebu City	PH
Ceccano	IT
Cecina	IT
Cedar City	US
Cedar Falls	US
Cedar Grove	US
Cedar Hill	US
Cedar Hills	US
Cedar Lake	US
Cedar Mill	US
Cedar Park	US
Cedar Rapids	US
Cedarbrook	US
Cedarburg	US
Cedral	BR
Cedro	BR
Ceeldheer	SO
Ceerigaabo	SO
Cefalu	IT
Cegled	HU
Ceglie Messapica	IT
Cegrane	MK
Cehegin	ES
Ceilandia	BR
Cekerek	TR
Cela	AO
Celakovice	CZ
Celaya	MX
Celbridge	IE
Celendin	PE
Celikhan	TR
Celina	US
Celje	SI
Celldomolk	HU
Celle	DE
Cendajuru	BI
Cengelkoey	TR
Cenisia	IT
Cenon	FR
Centar	HR
Centar Zupa	MK
Centenario	PE
Centenario do Sul	BR
Centennial	US
Centennial Scarborough	CA
Center City	US
Center Point	US
Centereach	US
Centerton	US
Centerville	US
Cento	IT
Central	US
Central 14th Street / Spring Road	US
Central 14th Street / WMATA Northern Bus Barn	US
Central Business District	CA
Central City	US
Central Coast	AU
Central Coquitlam	CA
Central Falls	US
Central Islip	US
Central Lonsdale	CA
Central Point	US
Central Saanich	CA
Centralia	US
Centralina	BR
Centralniy	RU
Centre de Flacq	MU
Centretown	CA
Centreville	US
Centreville Chicopee	CA
Centro	ES
Centro Familiar la Soledad	MX
Centro Habana	CU
Centro Novo do Maranhao	BR
Centro de Readaptacion Social	MX
Centro do Guilherme	BR
Centurion	ZA
Ceper	ID
Cepu	ID
Cercola	IT
Cerdanyola del Valles	ES
Cerea	IT
Cerejeiras	BR
Ceres	US
Cerete	CO
Cergy	FR
Cergy-Pontoise	FR
Cerignola	IT
Cerkes	TR
Cerkezkoey	TR
Cermik	TR
Cernavoda	RO
Cernay	FR
Cernusco sul Naviglio	IT
Cerny Most	CZ
Cerqueira Cesar	BR
Cerquilho	BR
Cerrik	AL
Cerritos	US
Cerro	CU
Cerro Azul	MX
Cerro Cora	BR
Cerro Largo	BR
Cerro Maggiore	IT
Cerro de Pasco	PE
Certaldo	IT
Cerveteri	IT
Cervia	IT
Cervien	BY
Cervignano del Friuli	IT
Cervinara	IT
Cesano Boscone	IT
Cesano Maderno	IT
Cesario Lange	BR
Cesate	IT
Cesena	IT
Cesenatico	IT
Cesis	LV
Ceska Lipa	CZ
Ceska Trebova	CZ
Ceske Budejovice	CZ
Cesky Krumlov	CZ
Cesky Tesin	CZ
Cesme	TR
Cessnock	AU
Cesson-Sevigne	FR
Cestas	FR
Cetinje	ME
Ceu Azul	BR
Ceuta	ES
Ceuti	ES
Cey	TR
Ceyhan	TR
Ceylanpinar	TR
Ceyu	CN
Ch'ench'a	ET
Ch'iko	ET
Ch'ongdan-up	KP
Ch'osal-li	KP
Cha Grande	BR
Cha de Alegria	BR
Cha-am	TH
Chaah	MY
Chabahar	IR
Chabet el Ameur	DZ
Chacabuco	AR
Chacao	VE
Chacarita	CR
Chachapoyas	PE
Chachaura	IN
Chachoengsao	TH
Chadderton	GB
Chaddesden	GB
Chaeryong-ni	KP
Chaeryong-up	KP
Chafford Hundred	GB
Chagni	ET
Chaguanas	TT
Chaguangcun	CN
Chaguaramas	VE
Chahar Burj	AF
Chahe	CN
Chahuites	MX
Chai Badan	TH
Chai Nat	TH
Chai Wari	TH
Chaibasa	IN
Chaidari	GR
Chaigou	CN
Chaihe	CN
Chaiky	UA
Chaiya	TH
Chaiyaphum	TH
Chaiyo	TH
Chajari	AR
Chajul	GT
Chak	PK
Chak Azam Sahu	PK
Chak Five Hundred Seventy-five	PK
Chak Jhumra	PK
Chak One Hundred Thirty-eight Nine Left	PK
Chak One Hundred Twenty Nine Left	PK
Chak Thirty-one -Eleven Left	PK
Chakan	IN
Chakapara	IN
Chake Chake	TZ
Chakghat	IN
Chakia	IN
Chaklasi	IN
Chakradharpur	IN
Chaksawari	PK
Chaksu	IN
Chakulia	IN
Chakwal	PK
Chakwama	NG
Chala	TZ
Chalakilakakara	IN
Chalala	IN
Chalatenango	SV
Chalchuapa	SV
Chalco	MX
Chalette-sur-Loing	FR
Chalfont Saint Peter	GB
Chalimbana	ZM
Chalinze	TZ
Chalisgaon	IN
Chalk Farm	GB
Chalkida	GR
Challakere	IN
Challans	FR
Challapalle	IN
Chalmette	US
Chalon-sur-Saone	FR
Chalons-en-Champagne	FR
Chalthan	IN
Chaltyr	RU
Chalus	IR
Cham	DE
Chama	ZM
Chamalieres	FR
Chaman	PK
Chamartin	ES
Chamba	IN
Chambas	CU
Chamber	PK
Chamberi	ES
Chambersburg	US
Chambery	FR
Chambishi	ZM
Chamblee	US
Chambly	CA
Chambray-les-Tours	FR
Chamestan	IR
Chamgordan	IR
Chamical	AR
Chamkor	IN
Chammanad	IN
Chamonix-Mont-Blanc	FR
Champa	IN
Champaign	US
Champasak	LA
Champigny-sur-Marne	FR
Champlain Heights	CA
Champlin	US
Champoton	MX
Champs-sur-Marne	FR
Champua	IN
Chamrajnagar	IN
Chamran	IR
Chan Kasem	TH
Chanaje	IN
Chanasma	IN
Chancay	PE
Chanda	IN
Chandameta	IN
Chandannagar	IN
Chandapuram	IN
Chandarun	IN
Chandauli	IN
Chanderi	IN
Chandia	IN
Chandigarh	IN
Chandili	IN
Chandkapur	IN
Chandla	IN
Chandler	US
Chandor	IN
Chandpur	BD
Chandrakona	IN
Chandrapura	IN
Chanduasi	IN
Chandur	IN
Chandur Bazar	IN
Chandwa	IN
Chang'an	CN
Chang-hua	TW
Changam-ch'on	KP
Changanacheri	IN
Changba	CN
Changcheng	CN
Changchuan	CN
Changchun	CN
Changdao	CN
Changde	CN
Changdian	CN
Changhua	TW
Changji	CN
Changle	CN
Changleng	CN
Changli	CN
Changling	CN
Changlong	CN
Changloon	MY
Changning	CN
Changnyeong	KR
Changping	CN
Changqing	CN
Changsha	CN
Changshouhu	CN
Changshu	CN
Changsu	KR
Changtan	CN
Changtu	CN
Changuinola	PA
Changwon	KR
Changxin	CN
Changyi	CN
Changyon	KP
Changyuan	CN
Changzheng	CN
Changzhi	CN
Changzhou	CN
Chanhassen	US
Chania	GR
Chanika	TZ
Channagiri	IN
Channahon	US
Channapatna	IN
Channarayapatna	IN
Channel Land	KY
Channelview	US
Chanod	IN
Chanpatia	IN
Chanthaburi	TH
Chantilly	US
Chaohu	CN
Chaotian	CN
Chaoyang	CN
Chaozhou	CN
Chapada Gaucha	BR
Chapada do Norte	BR
Chapada dos Guimaraes	BR
Chapadao do Ceu	BR
Chapadao do Sul	BR
Chapadinha	BR
Chapakhowa Town	IN
Chapala	MX
Chapali Bhadrakali	NP
Chapar	IN
Chaparral	CO
Chapayevsk	RU
Chapchal	CN
Chapeco	BR
Chapel Allerton	GB
Chapel Hill	US
Chapelle-lez-Herlaimont	BE
Chapeltown	GB
Chaplygin	RU
Chapra	IN
Char Bhadrasan	BD
Charallave	VE
Charam	IR
Charamaddi	BD
Charata	AR
Charcas	MX
Chard	GB
Charef	DZ
Charenton-le-Pont	FR
Charentsavan	AM
Charikar	AF
Charikot	NP
Charipara	IN
Charkhari	IN
Charkhi Dadri	IN
Charleroi	BE
Charlesbourg	CA
Charleston	US
Charlestown	US
Charleville-Mezieres	FR
Charlotte	US
Charlotte Amalie	VI
Charlottenburg	DE
Charlottenburg-Nord	DE
Charlottenlund	DK
Charlottesville	US
Charlottetown	CA
Charlton	GB
Charlton Kings	GB
Charming Garden	HK
Charneca	PT
Charneca de Caparica	PT
Charqueada	BR
Charqueadas	BR
Charsadda	PK
Charthawal	IN
Chartres	FR
Charxin	UZ
Chas	IN
Chascomus	AR
Chasiv Yar	UA
Chaska	US
Chasong	KP
Chatan	JP
Chateau-Gontier	FR
Chateau-Thierry	FR
Chateau-d'Olonne	FR
Chateaubriant	FR
Chateaudun	FR
Chateauguay	CA
Chateauneuf-les-Martigues	FR
Chateaurenard	FR
Chateauroux	FR
Chatelet	BE
Chatelineau	BE
Chatellerault	FR
Chatenay-Malabry	FR
Chatham	GB
Chatillon	FR
Chato	TZ
Chatou	FR
Chatra	IN
Chatswood	AU
Chatsworth	US
Chattanooga	US
Chatteris	GB
Chattogram	BD
Chatuchak	TH
Chatuchak subdistrict	TH
Chau GJoc	VN
Chau Phong	VN
Chaudfontaine	BE
Chauk	MM
Chaumont	FR
Chaumont-Gistoux	BE
Chaumu	IN
Chauny	FR
Chaupimarca	PE
Chaurai	IN
Chautapal	IN
Chautara	NP
Chavakali	KE
Chaval	BR
Chavantes	BR
Chavara	IN
Chaves	BR
Chaville	FR
Chavuma	ZM
Chawang	TH
Chawinda	PK
Chaykovskiy	RU
Che Ha	HK
Cheadle	GB
Cheadle Hulme	GB
Cheam	GB
Cheb	CZ
Chebarkul'	RU
Chebba	TN
Chebli	DZ
Cheboksary	RU
Chechat	IN
Cheektowaga	US
Cheetham Hill	GB
Chefchaouen	MA
Chefushan	CN
Chegdomyn	RU
Chegem	RU
Chegem Vtoroy	RU
Chegutu	ZW
Chek Chue	HK
Chekhov	RU
Chekkiad	IN
Chekmagush	RU
Chela	CN
Chelak	UZ
Chelamartam	IN
Chelambra	IN
Chelenko	ET
Chelghoum el Aid	DZ
Chellalat el Adhaouara	DZ
Chelles	FR
Chelm	PL
Chelmno	PL
Chelmsford	GB
Chelmsley Wood	GB
Chelmza	PL
Chelora	IN
Chelsea	GB
Chelsfield	GB
Cheltenham	GB
Chelyabinsk	RU
Chemancheri	IN
Chemax	MX
Chemin Grenier	MU
Chemini	DZ
Chemmumiahpet	IN
Chemnitz	DE
Chemor	MY
Chenaran	IR
Chendamangalam	IN
Chendrappini	IN
Chene-Bougeries	CH
Cheney	US
Chengala	IN
Chengalam	IN
Chengalpattu	IN
Chengam	IN
Chengamanad	IN
Chengannur	IN
Chengbei	CN
Chengde	CN
Chengdu	CN
Chenggu	CN
Chengguan Qu	CN
Chenghai	CN
Chenghua	CN
Chengjiang	CN
Chengjiao	CN
Chengqiao	CN
Chengtangcun	CN
Chengxi	CN
Chengxian Chengguanzhen	CN
Chengxiang	CN
Chengyang	CN
Chengzhong	CN
Chengzihe	CN
Chenini Nahal	TN
Chenjiaba	CN
Chenlou	CN
Chennai	IN
Chennevieres-sur-Marne	FR
Chennimalai	IN
Chennithala	IN
Chenove	FR
Chenshi	CN
Chentuan	CN
Chenzhou	CN
Cheonan	KR
Cheongju-si	KR
Cheongsong gun	KR
Cheorwon	KR
Chepen	PE
Chepo	PA
Cheppad	IN
Chepstow	GB
Cheraga	DZ
Cheran	MX
Cheranellur	IN
Cherang Ruku	MY
Cheranmahadevi	IN
Cheras	MY
Cherbourg	FR
Cherchell	DZ
Cherdakly	RU
Cheremkhovo	RU
Cheremushki	RU
Cheremushky	UA
Cherepanovo	RU
Cherepovets	RU
Cheria	DZ
Cheriyamundam	IN
Cherkasy	UA
Cherkessk	RU
Cherlak	RU
Chermside	AU
Chernaya Rechka	RU
Chernigovka	RU
Chernihiv	UA
Chernivtsi	UA
Chernogolovka	RU
Chernogorsk	RU
Chernushka	RU
Chernyakhovsk	RU
Chernyanka	RU
Chernyshevsk	RU
Cherpulassery	IN
Cherrapunjee	IN
Cherry Creek	US
Cherry Hill	US
Cherry Hill Mall	US
Cherrybrook	AU
Cherryland	US
Chertanovo Yuzhnoye	RU
Cherthala	IN
Chertkovo	RU
Chertsey	GB
Cherukavu	IN
Cherukunnu	IN
Cheruthazham	IN
Cheruthuruthi	IN
Cheruvannur	IN
Cherven Bryag	BG
Chesapeake	US
Chesapeake Ranch Estates	US
Chesapeake Ranch Estates-Drum Point	US
Chesham	GB
Cheshire	US
Cheshunt	GB
Chessington	GB
Chester	GB
Chester Hill	AU
Chester-le-Street	GB
Chesterfield	GB
Chestermere	CA
Chesterton	US
Chestnut Hill	US
Chetouane	DZ
Chetput	IN
Chettinayakkanpatti	IN
Chettipalaiyam	IN
Chetumal	MX
Chetwayi	IN
Cheung Chau	HK
Cheung Sha Wan	HK
Cheval	US
Chevigny-Saint-Sauveur	FR
Chevilly-Larue	FR
Chevvoor	IN
Cheyenne	US
Cheyyar	IN
Cheyyur	IN
Chhabra	IN
Chhachhrauli	IN
Chhagalnaiya	BD
Chhala	IN
Chhanera	IN
Chhapar	IN
Chhapra	IN
Chhaprauli	IN
Chharra	IN
Chhata	IN
Chhatak	BD
Chhatapur	IN
Chhatarpur	IN
Chhatral INA	IN
Chhatrapur	IN
Chhawala	IN
Chhaya	IN
Chhibramau	IN
Chhindwara	IN
Chhipa Barod	IN
Chhiri	IN
Chhor	PK
Chhota Gobindpur	IN
Chhota Udepur	IN
Chhoti Sadri	IN
Chhutmalpur	IN
Chi Linh	VN
Chia	CO
Chiaia	IT
Chiaiano	IT
Chiampo	IT
Chiang Kham	TH
Chiang Khong	TH
Chiang Klang	TH
Chiang Mai	TH
Chiang Rai	TH
Chiang Saen	TH
Chiapa de Corzo	MX
Chiaravalle	IT
Chiari	IT
Chiatura	GE
Chiautla de Tapia	MX
Chiavari	IT
Chiayi City	TW
Chiba	JP
Chibia	AO
Chibuto	MZ
Chicacao	GT
Chicago	US
Chicago Heights	US
Chicago Lawn	US
Chicago Loop	US
Chicago Ridge	US
Chicama	PE
Chichaoua	MA
Chichawatni	PK
Chichen-Itza	MX
Chichester	GB
Chichibu	JP
Chichicastenango	GT
Chichigalpa	NI
Chichihualco	MX
Chichiriviche	VE
Chichli	IN
Chicholi	IN
Chickasha	US
Chiclana de la Frontera	ES
Chiclayo	PE
Chico	US
Chicoloapan	MX
Chiconcuac	MX
Chicopee	US
Chicoral	CO
Chicureo	CL
Chidambaram	IN
Chidawa	IN
Chiengi	ZM
Chieri	IT
Chieti	IT
Chifeng	CN
Chiffa	DZ
Chigasaki	JP
Chigiri	RU
Chignahuapan	MX
Chigorodo	CO
Chiguayante	CL
Chigwell	GB
Chihuahua	MX
Chik Ballapur	IN
Chik Banavar	IN
Chika	IN
Chikhli	IN
Chikiti	IN
Chikkabidarakallu	IN
Chikmagalur	IN
Chiknayakanhalli	IN
Chikodi	IN
Chikugo	JP
Chikuma	JP
Chikusei	JP
Chikushino-shi	JP
Chilakalurupet	IN
Chilanga Township	ZM
Chilanzar	UZ
Chilapa de Alvarez	MX
Chilaw	LK
Chilca	PE
Childwall	GB
Chilecito	AR
Chilibre	PA
Chililabombwe	ZM
Chilla Saroda Khadar	IN
Chilla Soroda Bangar	IN
Chillan	CL
Chillan Viejo	CL
Chillicothe	US
Chilliwack	CA
Chilliwack-Downtown	CA
Chillum	US
Chillupar	IN
Chilly-Mazarin	FR
Chilmari	BD
Chilongolo	ZM
Chilpancingo	MX
Chima	CO
Chimala	TZ
Chimaltenango	GT
Chiman	IN
Chimbarongo	CL
Chimbas	AR
Chimbel	IN
Chimbote	PE
Chimichagua	CO
Chimoio	MZ
Chinahsen	ET
Chinandega	NI
Chinatown	US
Chinautla	GT
Chinch'on	KR
Chincha Alta	PE
Chinchani	IN
Chinchina	CO
Chincholi	IN
Chinde	MZ
Chingford	GB
Chingola	ZM
Chingoli	IN
Chinguar	AO
Chinhoyi	ZW
Chiniot	PK
Chinju	KR
Chinkuli	ZM
Chinna Andankovil	IN
Chinna Salem	IN
Chinnachowk	IN
Chinnakkampalaiyam	IN
Chinnalapatti	IN
Chinnamanur	IN
Chinnasekkadu	IN
Chinnavadampatti	IN
Chinnur	IN
Chino	US
Chino Hills	US
Chino Valley	US
Chinobod	UZ
Chinoz	UZ
Chinsali	ZM
Chintamani	IN
Chinu	CO
Chioggia	IT
Chios	GR
Chipata	ZM
Chipeni	MW
Chipindo	AO
Chipinge	ZW
Chipiona	ES
Chiplun	IN
Chippenham	GB
Chippewa Falls	US
Chipping Sodbury	GB
Chipurupalle	IN
Chiquimula	GT
Chiquimulilla	GT
Chiquinquira	CO
Chirakkal	IN
Chirala	IN
Chiramanangad	IN
Chiranellur	IN
Chiras	AF
Chirchiq	UZ
Chiredzi	ZW
Chirgaon	IN
Chiriguana	CO
Chirkunda	IN
Chirmiri	IN
Chiroqchi	UZ
Chirpan	BG
Chirundu	ZM
Chiryu	JP
Chisankane	ZM
Chisasa	ZM
Chisec	GT
Chishmy	RU
Chishtian	PK
Chisinau	MD
Chislehurst	GB
Chistopol'	RU
Chiswick	GB
Chit Tee Kone	MM
Chita	RU
Chitaguppa	IN
Chitapur	IN
Chitarpur	IN
Chitato	AO
Chitegaon	IN
Chitembo	AO
Chitila	RO
Chitipa	MW
Chitose	JP
Chitradurga	IN
Chitrakoot Dham	IN
Chitral	PK
Chittanur	IN
Chittapari	IN
Chittaranjan	IN
Chittayankottai	IN
Chittoor	IN
Chittorgarh	IN
Chittur	IN
Chitungwiza	ZW
Chityal	IN
Chiugiana-La Commenda	IT
Chiungutwa	TZ
Chiure	MZ
Chiva	ES
Chivacoa	VE
Chivasso	IT
Chivhu	ZW
Chivilcoy	AR
Chivolo	CO
Chiyoda	JP
Chizhou	CN
Chkalovsk	RU
Chlef	DZ
Cho Lon	VN
Choa Chu Kang New Town	SG
Choa Saidan Shah	PK
Chocaman	MX
Chockli	IN
Chocope	PE
Choctaw	US
Chodavaram	IN
Chodov	CZ
Chodziez	PL
Chofu	JP
Choglamsar	IN
Choi Hung	HK
Choi Hung Estate	HK
Choi Wan	HK
Choi Wan Estate (I & II)	HK
Choibalsan	MN
Choisy-le-Roi	FR
Chojnice	PL
Chojnow	PL
Chok Chai	TH
Chokkanathapuram	IN
Chokolivka	UA
Chokwe	MZ
Cholargos	GR
Cholet	FR
Choloma	HN
Cholpon-Ata	KG
Cholula	MX
Chom Bueng	TH
Chom Thong	TH
Choma	ZM
Chomedey	CA
Chomphon	TH
Chomutov	CZ
Chon Buri	TH
Chon Daen	TH
Chon Thanh	VN
Chonchi	CL
Chone	EC
Chong Nonsi	TH
Chongfu	CN
Chongjin	KP
Chongju	KP
Chongkan	CN
Chonglong	CN
Chongming	CN
Chongoroi	AO
Chongoyape	PE
Chongqing	CN
Chongwe	ZM
Chongxing	CN
Chongzuo	CN
Choornikkara	IN
Chopan	IN
Chopda	IN
Chopera	ES
Chopinzinho	BR
Chorakhe Bua	TH
Chorfa	DZ
Chorley	GB
Chorleywood	GB
Chorna Hora	UA
Chornomors'k	UA
Chornomorske	UA
Choro	BR
Chorod	IN
Chorozinho	BR
Chorrocho	BR
Chortkiv	UA
Chortoq	UZ
Chorwad	IN
Chorzow	PL
Chos Malal	AR
Choshi	JP
Chosica	PE
Choszczno	PL
Chota	PE
Chotila	IN
Choudwar	IN
Chowchilla	US
Chowwara	IN
Choyr	MN
Chrang Chamreh Muoy	KH
Christchurch	NZ
Christiana	ZA
Christiansburg	US
Christianshavn	DK
Christopher-Champlain	CA
Chrudim	CZ
Chrzanow	PL
Chu	VN
Chuanwang	CN
Chubbuck	US
Chubek	TJ
Chudovo	RU
Chuguyevka	RU
Chuhar Jamali	PK
Chuhar Kana	PK
Chuhuyiv	UA
Chuk Yuen	HK
Chuk Yuen North Estate	HK
Chuk Yuen South Estate	HK
Chuka	KE
Chul'man	RU
Chula Vista	US
Chulucanas	PE
Chulym	RU
Chum Phae	TH
Chumakivskyi	UA
Chumphon	TH
Chumukedima	IN
Chunar	IN
Chuncheon	KR
Chunchupally	IN
Chundal	IN
Chunga	ZM
Chunggang	KP
Chunghwa	KP
Chungju	KR
Chunian	PK
Chunskiy	RU
Chuo	JP
Chur	CH
Churachandpur	IN
Church Street	GB
Church-Yonge Corridor	CA
Churchdown	GB
Churhat	IN
Churi	IN
Churriana de la Vega	ES
Churu	IN
Chusovoy	RU
Chust	UZ
Chuxiong	CN
Chuzhou	CN
Chystyakove	UA
Ciamis	ID
Ciampea	ID
Ciampino	IT
Cianjur	ID
Cianorte	BR
Cibinong	ID
Cibitoke	BI
Cibolo	US
Cicciano	IT
Cicero	US
Cicero Dantas	BR
Cicurug	ID
Cidade Ademar	BR
Cidade Dutra	BR
Cidade Gaucha	BR
Cidade Lider	BR
Cidade Ocidental	BR
Cidade Tiradentes	BR
Cidade Universitaria	PT
Cide	TR
Cidelandia	BR
Cidreira	BR
Ciechanow	PL
Ciechocinek	PL
Ciego de Avila	CU
Ciempozuelos	ES
Cienaga	CO
Cienaga de Oro	CO
Cienega de Flores	MX
Cienfuegos	CU
Cieplice Slaskie Zdroj	PL
Cieszyn	PL
Cieza	ES
Cifteler	TR
Cifuentes	CU
Cigli	TR
Cihanbeyli	TR
Cihuatlan	MX
Cikampek	ID
Cikarang	ID
Cikcilli	TR
Cikupa	ID
Cilacap	ID
Cilegon	ID
Cileungsir	ID
Cileunyi	ID
Cimahi	ID
Cimarron Hills	US
Cimiez	FR
Cimin	TR
Cimislia	MD
Cimitarra	CO
Cincinnati	US
Cinco Ranch	US
Cinco Saltos	AR
Cinderford	GB
Cine	TR
Ciney	BE
Cinisello Balsamo	IT
Cinisi	IT
Cinkanse	BF
Cinnaminson	US
Cinq Avenues	FR
Cintalapa de Figueroa	MX
Cipo	BR
Cipolletti	AR
Ciputat	ID
Ciranjang-hilir	ID
Circasia	CO
Circleville	US
Circoiscrizione I	IT
Circoiscrizione II	IT
Circoiscrizione III	IT
Circoiscrizione IV	IT
Circoiscrizione V	IT
Circoiscrizione VI	IT
Circoiscrizione VII	IT
Circoiscrizione VIII	IT
Cirebon	ID
Cirencester	GB
Cirie	IT
Ciro	ET
Ciro Marina	IT
Ciro Redondo	CU
Cisnadie	RO
Cisterna di Latina	IT
Cit Turin	IT
Citadel	CA
Citeureup	ID
Citong	TW
Citrus	US
Citrus Heights	US
Citrus Park	US
Citrus Ridge	US
Citta di Castello	IT
Cittadella	IT
City Garden	HK
City One	HK
City of Isabela	PH
City of Milford (balance)	US
City of Port Phillip	AU
City of Sammamish	US
City of Westminster	GB
Ciudad Acuna	MX
Ciudad Altamirano	MX
Ciudad Apodaca	MX
Ciudad Arce	SV
Ciudad Benito Juarez	MX
Ciudad Bolivar	VE
Ciudad Bolivia	VE
Ciudad Camilo Cienfuegos	CU
Ciudad Choluteca	HN
Ciudad Constitucion	MX
Ciudad Dario	NI
Ciudad Delicias	MX
Ciudad Fernandez	MX
Ciudad General Escobedo	MX
Ciudad Guayana	VE
Ciudad Gustavo Diaz Ordaz	MX
Ciudad Guzman	MX
Ciudad Hidalgo	MX
Ciudad Jardin	ES
Ciudad Juarez	MX
Ciudad Lazaro Cardenas	MX
Ciudad Lineal	ES
Ciudad Lopez Mateos	MX
Ciudad Madero	MX
Ciudad Mante	MX
Ciudad Manuel Doblado	MX
Ciudad Melchor Muzquiz	MX
Ciudad Mendoza	MX
Ciudad Miguel Aleman	MX
Ciudad Nezahualcoyotl	MX
Ciudad Nueva	DO
Ciudad Obregon	MX
Ciudad Ojeda	VE
Ciudad Piar	VE
Ciudad Real	ES
Ciudad Rio Bravo	MX
Ciudad Rodrigo	ES
Ciudad Sabinas Hidalgo	MX
Ciudad Sahagun	MX
Ciudad Sandino	NI
Ciudad Satelite	PE
Ciudad Serdan	MX
Ciudad Tecun Uman	GT
Ciudad Tula	MX
Ciudad Universitaria	ES
Ciudad Valles	MX
Ciudad Victoria	MX
Ciudad Vieja	GT
Ciudad de Allende	MX
Ciudad de Armeria	MX
Ciudad de Chiautla de Tapia	MX
Ciudad de Huajuapan de Leon	MX
Ciudad de Huitzuco	MX
Ciudad de Nanacamilpa	MX
Ciudad de Villa de Alvarez	MX
Ciudad del Carmen	MX
Ciudad del Este	PY
Ciudad del Maiz	MX
Ciurea	RO
Ciutadella	ES
Ciutat Meridiana	ES
Ciutat Vella	ES
Civita Castellana	IT
Civitanova Marche	IT
Civitavecchia	IT
Civril	TR
Cixi	CN
Ciyun	CN
Cizhu	CN
Cizre	TR
Clacton-on-Sea	GB
Claiborne	US
Clairlea-Birchmount	CA
Clamart	FR
Clanton Park	CA
Claremont	US
Claremore	US
Clarence-Rockland	CA
Clarines	VE
Clark	US
Clark-Fulton	US
Clarksburg	US
Clarksdale	US
Clarkson	AU
Clarkston	US
Clarksville	US
Claudio	BR
Clausthal-Zellerfeld	DE
Claveria	PH
Clawson	US
Clay	US
Clayburn	CA
Claye-Souilly	FR
Clayfield	AU
Clayton	US
Clayton Park West	CA
Clayton South	AU
Clayton-le-Woods	GB
Clearfield	US
Clearlake	US
Clearwater	US
Cleburne	US
Cleckheaton	GB
Cleethorpes	GB
Clemencia	CO
Clement Town	IN
Clementi Housing Estate	SG
Clemmons	US
Clemson	US
Clermont	US
Clermont-Ferrand	FR
Clevedon	GB
Cleveland	US
Cleveland Heights	US
Clevelandia	BR
Cleveleys	GB
Clichy	FR
Clichy-sous-Bois	FR
Cliffcrest	CA
Cliffside Park	US
Clifton	US
Clifton Park	US
Clinton	US
Clinton Township	US
Clitheroe	GB
Clive	US
Clondalkin	IE
Cloppenburg	DE
Cloquet	US
Clorinda	AR
Closepet	IN
Cloverdale	CA
Cloverleaf	US
Cloverly	US
Clovis	US
Cluain Meala	IE
Cluj-Napoca	RO
Cluses	FR
Clute	US
Clydach	GB
Clyde	AU
Clydebank	GB
Clydesdale	ZA
Co GJo	VN
Co Loa	VN
Co To	VN
Coacalco	MX
Coachella	US
Coal Harbour	CA
Coalcoman de Vazquez Pallares	MX
Coalinga	US
Coalville	GB
Coamo	PR
Coaraci	BR
Coari	BR
Coatbridge	GB
Coatepec	MX
Coatepeque	GT
Coatesville	US
Coatzacoalcos	MX
Coatzintla	MX
Coban	GT
Cobbs Creek	US
Cobh	IE
Cobham	GB
Cobija	BO
Cobly	BJ
Cobourg	CA
Coburg	DE
Cocal	BR
Cocal do Sul	BR
Cocalzinho de Goias	BR
Cocentaina	ES
Cochabamba	BO
Cochrane	CA
Cockeysville	US
Cockfosters	GB
Cockington	GB
Cocoa	US
Cocoa Beach	US
Coconut Creek	US
Coconut Grove	US
Cocorna	CO
Cocorote	VE
Cocos	BR
Cocula	MX
Codajas	BR
Codcod	PH
Codicote	GB
Codlea	RO
Codo	BR
Codogno	IT
Codroipo	IT
Codru	MD
Codsall	GB
Coelemu	CL
Coelho Neto	BR
Coesfeld	DE
Coeur d'Alene	US
Coevorden	NL
Coffs Harbour	AU
Cofimvaba	ZA
Cofradia	HN
Cogan	PH
Cognac	FR
Cohoes	US
Coihueco	CL
Coimbatore	IN
Coimbra	PT
Coin	ES
Coishco	PE
Coite do Noia	BR
Coity	GB
Cojimar	CU
Cojutepeque	SV
Col. Bosques de las Lomas	MX
Colac	AU
Colachel	IN
Colares	BR
Colatina	BR
Colbun	CL
Colcapirhua	BO
Colchani	BO
Colchester	GB
Cold Lake	CA
Coldstream	CA
Coldwater	US
Cole Harbour	CA
Coleford	GB
Colegiales	AR
Coleraine	GB
Colesberg	ZA
Colesville	US
Colfontaine	BE
Colgong	IN
Colider	BR
Coligny	ZA
Colima	MX
Colina	CL
Colinas	BR
Colinas do Tocantins	BR
Coll d'en Rabassa	ES
Collado-Villalba	ES
Colle di Val d'Elsa	IT
Colleferro	IT
College	US
College Park	US
College Point	US
College Station	US
Collegedale	US
Collegno	IT
Colleyville	US
Collier Row	GB
Collierville	US
Collingswood	US
Collingwood	CA
Collinsville	US
Collinwood	US
Collipulli	CL
Collo	DZ
Colmar	FR
Colmenar Viejo	ES
Colne	GB
Colniza	BR
Cologno Monzese	IT
Cologno al Serio	IT
Colomadu	ID
Colomba	GT
Colombes	FR
Colombia	CU
Colombo	LK
Colomiers	FR
Colon	PA
Coloncito	VE
Colonelganj	IN
Colonia	US
Colonia General Alfredo Stroessner	PY
Colonia Leopoldina	BR
Colonia Lindavista	MX
Colonia Nativitas	MX
Colonia Wanda	AR
Colonia del Sacramento	UY
Colonia del Sol	MX
Colonia del Valle	MX
Colonial Heights	US
Colonial Park	US
Colorado	BR
Colorado Springs	US
Colorado Triangle	US
Colorado do Oeste	BR
Colotlan	MX
Colton	US
Colts Neck	US
Columbia	US
Columbia City	US
Columbia Heights	US
Columbine	US
Columbus	US
Colva	IN
Colwood	CA
Colwyn Bay	GB
Comal	ID
Comalapa	GT
Comalcalco	MX
Comanesti	RO
Comarnic	RO
Comayagua	HN
Combarbala	CL
Combs-la-Ville	FR
Come	BJ
Comendador	DO
Comilla	BD
Comillas	ES
Comines	FR
Comiso	IT
Comitan	MX
Comitancillo	GT
Commack	US
Commerce	US
Commerce City	US
Commonwealth	PH
Communications Hill	US
Como	IT
Comodoro	BR
Comodoro Rivadavia	AR
Comonfort	MX
Comox	CA
Compiegne	FR
Complexe	CI
Compostela	PH
Compton	US
Comrat	MD
Comstock Park	US
Con GJao	VN
Conakry	GN
Concarneau	FR
Conceicao	BR
Conceicao da Aparecida	BR
Conceicao da Barra	BR
Conceicao da Feira	BR
Conceicao das Alagoas	BR
Conceicao de Macabu	BR
Conceicao do Almeida	BR
Conceicao do Araguaia	BR
Conceicao do Castelo	BR
Conceicao do Coite	BR
Conceicao do Jacuipe	BR
Conceicao do Lago-Acu	BR
Conceicao do Mato Dentro	BR
Conceicao do Rio Verde	BR
Conceicao dos Ouros	BR
Concepcion	CL
Concepcion Ibaba	PH
Concepcion del Uruguay	AR
Conception Bay South	CA
Concesio	IT
Conchal	BR
Conchas	BR
Concon	CL
Concord	US
Concordia	AR
Concordia do Para	BR
Concorezzo	IT
Conda	AO
Condado	CU
Conde	BR
Conde-sur-l'Escaut	FR
Condega	NI
Condeixa-a-Nova	PT
Condell Park	AU
Condeuba	BR
Conegliano	IT
Coney Island	US
Confederation	CA
Conflans-Sainte-Honorine	FR
Confresa	BR
Congaz	MD
Congleton	GB
Conglin	CN
Congonhal	BR
Congonhas	BR
Conil de la Frontera	ES
Conisbrough	GB
Conjunto Habitacional Villas del Pedregal	MX
Conneaut	US
Connersville	US
Cono Norte	PE
Conroe	US
Conselheiro Lafaiete	BR
Conselheiro Pena	BR
Consett	GB
Consolacao	BR
Consolacion	PH
Consolacion del Sur	CU
Constant Spring	JM
Constanta	RO
Constantina	BR
Constantine	DZ
Constanza	DO
Constitucion	CL
Consuegra	ES
Contagem	BR
Contai	IN
Contamana	PE
Contenda	BR
Contla	MX
Contramaestre	CU
Contumil	PT
Conversano	IT
Converse	US
Conway	US
Conyers	US
Coogee	AU
Cookeville	US
Cookstown	GB
Coolidge	US
Coombabah	AU
Coomera	AU
Coon Rapids	US
Coonoor	IN
Cooper City	US
Coorparoo	AU
Coos Bay	US
Copacabana	CO
Copenhagen	DK
Copertino	IT
Copiague	US
Copiapo	CL
Copley	US
Coppell	US
Copperas Cove	US
Copperfield	CA
Coquimatlan	MX
Coquimbo	CL
Coquitlam	CA
Coquitlam Town Centre	CA
Coquitlam West	CA
Corabia	RO
Coracao de Jesus	BR
Coracao de Maria	BR
Coral Gables	US
Coral Springs	US
Coral Terrace	US
Coralville	US
Coram	US
Corato	IT
Corbeil-Essonnes	FR
Corbelia	BR
Corbera de Llobregat	ES
Corbetta	IT
Corby	GB
Corcoran	US
Cordeiro	BR
Cordeiropolis	BR
Cordele	US
Cordenons	IT
Cordoba	AR
Cordoba (Santa Leticia)	MX
Cordova	US
Core Neighbourhoods	CA
Coreau	BR
Coremas	BR
Corfu	GR
Coria	ES
Coria del Rio	ES
Coribe	BR
Corigliano Scalo	IT
Corinth	US
Corinto	CO
Corio	AU
Cork	IE
Corleone	IT
Corlu	TR
Cormaia	RO
Cormano	IT
Cormeilles-en-Parisis	FR
Cornaredo	IT
Cornelio Procopio	BR
Cornelius	US
Cornella de Llobregat	ES
Corner Brook	CA
Corning	US
Cornwall	CA
Coro	VE
Coroaci	BR
Coroata	BR
Coromandel	BR
Corona	US
Coronado	US
Coronango	MX
Coronda	AR
Coronel	CL
Coronel Dorrego	AR
Coronel Fabriciano	BR
Coronel Freitas	BR
Coronel Joao Sa	BR
Coronel Oviedo	PY
Coronel Suarez	AR
Coronel Vivida	BR
Corozal	CO
Corpus Christi	US
Corralejo	ES
Corralillo	CU
Correggio	IT
Correia Pinto	BR
Corrente	BR
Correntes	BR
Correntina	BR
Corrientes	AR
Corriverton	GY
Corroios	PT
Corsham	GB
Corsicana	US
Corsico	IT
Corso Italia-Davenport	CA
Cortazar	MX
Cortes	BR
Cortland	US
Cortlandt Manor	US
Corum	TR
Corumba	BR
Corumba de Goias	BR
Corupa	BR
Coruripe	BR
Corvallis	US
Corvera de Asturias	ES
Corzuela	AR
Cosamaloapan	MX
Coscomatepec de Bravo	MX
Cosenza	IT
Cosham	GB
Coshocton	US
Coslada	ES
Cosmopolis	BR
Cosne-Cours-sur-Loire	FR
Cosoleacaque	MX
Cosquin	AR
Cossato	IT
Costa Marques	BR
Costa Mesa	US
Costa Rica	BR
Costa da Caparica	PT
Costa de Caparica	PT
Costesti	RO
Costillares	ES
Coswig	DE
Cota	CO
Cotabato	PH
Cote-Saint-Luc	CA
Cotegipe	BR
Cotia	BR
Cotija de la Paz	MX
Coto De Caza	US
Cotoca	BO
Cotonou	BJ
Cotorra	CO
Cotriguacu	BR
Cottage Grove	US
Cottage Lake	US
Cottbus	DE
Cottonwood	US
Cottonwood Heights	US
Cotui	DO
Coudekerque-Branche	FR
Coueron	FR
Couillet	BE
Coulommiers	FR
Coulsdon	GB
Council Bluffs	US
Country Club	US
Country Club Hills	US
Country Walk	US
Countryside	US
Courbevoie	FR
Courcelles	BE
Courcouronnes	FR
Cournon-d'Auvergne	FR
Courrieres	FR
Courtenay	CA
Couvin	BE
Covasna	RO
Cove	BJ
Coventry	GB
Coventry Hills	CA
Covilha	PT
Covina	US
Covington	US
Cowansville	CA
Cowdenbeath	GB
Cowes	GB
Cowley	GB
Cox's Bazar	BD
Coxim	BR
Coyah	GN
Coyhaique	CL
Coyoacan	MX
Coyotepec	MX
Coyuca de Benitez	MX
Coyula	MX
Cozumel	MX
Cradock	ZA
Craibas	BR
Craigavon	GB
Craigieburn	AU
Craigmore	AU
Crailsheim	DE
Craiova	RO
Cramlington	GB
Cran-Gevrier	FR
Cranberry Township	US
Cranbourne	AU
Cranbourne East	AU
Cranbourne North	AU
Cranbourne West	AU
Cranbrook	CA
Cranebrook	AU
Cranendonck	NL
Cranford	US
Cranleigh	GB
Crans-Montana	CH
Cranston	US
Crateus	BR
Crato	BR
Cravinhos	BR
Crawfordsville	US
Crawley	GB
Creazzo	IT
Creil	FR
Crema	IT
Cremlingen	DE
Cremona	IT
Cremorne	AU
Crepy-en-Valois	FR
Crespo	AR
Crest Hill	US
Crestline	US
Crestmead	AU
Crestview	US
Crestwood	US
Creteil	FR
Creutzwald	FR
Creve Coeur	US
Crevillente	ES
Crewe	GB
Criciuma	BR
Cricklewood	GB
Crimmitschau	DE
Crisopolis	BR
Crispano	IT
Crispiano	IT
Crissiumal	BR
Cristais	BR
Cristalina	BR
Cristina	BR
Cristinapolis	BR
Cristino Castro	BR
Cristo Rey	DO
Cristopolis	BR
Crixas	BR
Croata	BR
Crocetta	IT
Crofton	US
Crofton Park	GB
Croissy-sur-Seine	FR
Croix	FR
Croix-des-Bouquets	HT
Cromwell	US
Cronulla	AU
Cross Hills	GB
Crossville	US
Crotone	IT
Crouch End	GB
Croulebarbe	FR
Crowborough	GB
Crowley	US
Crown Point	US
Crowthorne	GB
Croxley Green	GB
Croxteth	GB
Croydon	GB
Crucecita	MX
Cruces	CU
Crumlin	IE
Crumpsall	GB
Cruz Alta	BR
Cruz Grande	MX
Cruz Machado	BR
Cruz das Almas	BR
Cruz del Eje	AR
Cruz do Espirito Santo	BR
Cruzeiro	BR
Cruzeiro do Oeste	BR
Cruzeiro do Sul	BR
Cruzilia	BR
Crystal	US
Crystal Lake	US
Crystal Palace	GB
Csepel-Belvaros	HU
Csepel-Csillagtelep	HU
Csepel-Kiralyerdo	HU
Csongrad	HU
Csorna	HU
Cu Chi	VN
Cua	VE
Cua Lo	VN
Cua Nam	VN
Cuajinicuilapa	MX
Cuamba	MZ
Cuango-Luzamba	AO
Cuatro Caminos	ES
Cuatro Cienegas de Carranza	MX
Cuauhtemoc	MX
Cuautepec de Hinojosa	MX
Cuautitlan	MX
Cuautitlan Izcalli	MX
Cuautla	MX
Cuautlancingo	MX
Cubal	AO
Cubatao	BR
Cubelles	ES
Cubuk	TR
Cubuklu	TR
Cubulco	GT
Cuchi	AO
Cucujaes	PT
Cucuta	CO
Cudahy	US
Cuddalore	IN
Cudworth	GB
Cuemba	AO
Cuenca	EC
Cueramaro	MX
Cuernavaca	MX
Cueto	CU
Cuevas del Almanzora	ES
Cugir	RO
Cugnaux	FR
Cuiaba	BR
Cuijiaji	CN
Cuilapa	GT
Cuilapam de Guerrero	MX
Cuilo	AO
Cuimba	AO
Cuite	BR
Cuitlahuac	MX
Cuito	AO
Cuitzeo del Porvenir	MX
Cuiyun	CN
Cujubim	BR
Cukai	MY
Culemborg	NL
Culfa	AZ
Culiacan	MX
Culion	PH
Cullera	ES
Culleredo	ES
Cullinan	ZA
Cullman	US
Culpeper	US
Culver City	US
Cumana	VE
Cumanacoa	VE
Cumanayagua	CU
Cumaral	CO
Cumaribo	CO
Cumaru	BR
Cumaru do Norte	BR
Cumayeri	TR
Cumberland	US
Cumbernauld	GB
Cumbum	IN
Cumra	TR
Cunco	CL
Cuncolim	IN
Cunda dia Baze	AO
Cunduacan	MX
Cuneo	IT
Cung Kiem	VN
Cunha	BR
Cunha Pora	BR
Cunhinga	AO
Cunit	ES
Cupertino	US
Cupira	BR
Cuprija	RS
Curaca	BR
Curanilahue	CL
Curchorem	IN
Curepipe	MU
Curico	CL
Curimata	BR
Curionopolis	BR
Curiti	CO
Curitiba	BR
Curitibanos	BR
Curiuva	BR
Currais Novos	BR
Curralinho	BR
Curridabat	CR
Cursino	BR
Curtea de Arges	RO
Curti	IN
Curtorim	IN
Curua	BR
Curuca	BR
Curug	ID
Curumani	CO
Curundu	PA
Curup	ID
Cururupu	BR
Curuzu Cuatia	AR
Curvelo	BR
Cusano	IT
Cuscatancingo	SV
Cusco	PE
Cusset	FR
Cusseta	US
Custodia	BR
Custoias	PT
Cutler	US
Cutler Bay	US
Cutler Ridge	US
Cutlerville	US
Cutral-Co	AR
Cuttack	IN
Cuxhaven	DE
Cuyahoga Falls	US
Cuyotenango	GT
Cwmbran	GB
Cyangugu	RW
Cyato	RW
Cyberjaya	MY
Cypress	US
Cypress Hills	US
Cypress Lake	US
Czarnkow	PL
Czechowice-Dziedzice	PL
Czeladz	PL
Czerwionka-Leszczyny	PL
Czestochowa	PL
Czluchow	PL
D'Iberville	US
Da Lat	VN
Da Nang	VN
Da Nyin Kone	MM
Da'an	CN
Da'il	SY
Daanbantayan	PH
Dabajuro	VE
Dabakala	CI
Dabas	HU
Dabat	ET
Dabeiba	CO
Dabhel	IN
Dabhoi	IN
Dabie	PL
Dabo	ID
Daboh	IN
Dabola	GN
Dabou	CI
Dabra	IN
Dabrowa Gornicza	PL
Dabrowa Tarnowska	PL
Dabuleni	RO
Dabwali	IN
Dachang	CN
Dachang Shandao	CN
Dachau	DE
Dacheng	CN
Dachnoye	RU
Dadaab	KE
Dadamtu	CN
Dade	CN
Dadhar	PK
Dadra	IN
Dadri	IN
Dadu	PK
Daegu	KR
Daejeon	KR
Daet	PH
Dafengdong	CN
Dafrahinou Darinsala	CI
Dagadji	CI
Dagana	SN
Dagbao I	CI
Dagenham	GB
Dagestanskiye Ogni	RU
Daggakraal	ZA
Dagomys	RU
Dagua	CO
Daguan	CN
Dagupan	PH
Dagze	CN
Dahanu	IN
Dahegam	IN
Daheli	IN
Dahiri	CI
Dahlem	DE
Dahlhausen	DE
Dahmani	TN
Dahuangshan	CN
Dai Mo	VN
Daigo	JP
Daik-u	MM
Dailekh	NP
Daimiel	ES
Dainava (Kaunas)	LT
Daira Din Panah	PK
Daisen	JP
Daito	JP
Daizhuang	CN
Dajabon	DO
Dajal	PK
Dajin	CN
Dakar	SN
Dakhla	EH
Dakingari	NG
Dakor	IN
Dakoro	NE
Dakota Ridge	US
Dakpadou	CI
Dalai	CN
Dalain Hob	CN
Dalaman	TR
Dalandzadgad	MN
Dalat	MY
Dalbandin	PK
Dalby	AU
Dalcahue	CL
Dale City	US
Dalfsen	NL
Dali	CN
Dali Old Town	CN
Dalian	CN
Daliang	CN
Dalianwan	CN
Dalican	PH
Dalipuga	PH
Daliyat al Karmel	IL
Dalkeith	GB
Dalkola	IN
Dallas	US
Dalli Rajhara	IN
Dalmatovo	RU
Dalmau	IN
Dalmine	IT
Dalnegorsk	RU
Dalnerechensk	RU
Daloa	CI
Dalserf	GB
Dalsingh Sarai	IN
Dalton	US
Dalu	CN
Dalupura	IN
Daly City	US
Dalyoni Bolo	TJ
Dam Dam	IN
Damaia	PT
Daman	IN
Damanhur	EG
Damansara Damai	MY
Damasak	NG
Damascus	SY
Damaturu	NG
Damavand	IR
Damba	AO
Dambai	GH
Damboa	NG
Damboya	ET
Dambulla	LK
Dame	CI
Damghan	IR
Damiao	CN
Damietta	EG
Damilag	PH
Dammam	SA
Dammarie-les-Lys	FR
Damme	DE
Damnagar	IN
Damnoen Saduak	TH
Damodarpur	IN
Damoh	IN
Damongo	GH
Damoujia	CN
Dampit	ID
Damua	IN
Damxung	CN
Damyang	KR
Dan Khun Thot	TH
Dana Point	US
Danai	MM
Danane	CI
Danao	PH
Danbury	US
Dancu	MD
Dandeli	IN
Dandenong	AU
Dandenong North	AU
Danderyd	SE
Dandong	CN
Dandu	CN
Danforth East York	CA
Dange	NG
Danghara	TJ
Dangila	ET
Dangjiang	CN
Dangkao	KH
Danguira	CI
Dania Beach	US
Daniel Flores	CR
Danielskuil	ZA
Danilov	RU
Danjiangkou	CN
Dankaur	IN
Dankov	RU
Danli	HN
Dannhauser	ZA
Dano	BF
Danshui	TW
Danta	IN
Dantewara	IN
Danvers	US
Danville	US
Danzi	CN
Dao	PH
Daocheng	CN
Daokou	CN
Daotian	CN
Daoukro	CI
Dapaong	TG
Dapchi	NG
Dapeng	CN
Dapeoua	CI
Daphne	US
Dapitan	PH
Dapoli	IN
Daporijo	IN
Dapto	AU
Daqing	CN
Dar	KH
Dar Bouazza	MA
Dar Chabanne	TN
Dar Chioukh	DZ
Dar Kulayb	BH
Dar Naim	MR
Dar Ould Zidouh	MA
Dar Pein South	MM
Dar as Salam	EG
Dar el Barka	MR
Dar el Beida	DZ
Dar el Haj Taieb	TN
Dar es Salaam	TZ
Dar'a	SY
Dara	SN
Darab	IR
Darabani	RO
Darasuram	IN
Daraw	EG
Darayya	SY
Darazo	NG
Darbhanga	IN
Darby	US
Darchula	NP
Dardenne Prairie	US
Dardoq	UZ
Dareda	TZ
Darende	TR
Darfo Boario Terme	IT
Dargahan	IR
Dargecit	TR
Darhan	MN
Dariawad	IN
Darien	US
Dario Meira	BR
Dariya	IN
Darjiling	IN
Darling	ZA
Darlinghurst	AU
Darlington	GB
Darlowo	PL
Darmanesti	RO
Darmstadt	DE
Darnah	LY
Darnall	ZA
Darnytskyi Masyv	UA
Darnytsya	UA
Darnytsya Car Repair Plant Microdistrict	UA
Daro	MY
Daromehar	PK
Darras Hall	GB
Darreh Shahr	IR
Darsi	IN
Dartford	GB
Dartmouth	CA
Darton	GB
Daru	PG
Daruba	ID
Darvisheh	IR
Darwen	GB
Darwha	IN
Darwin	AU
Darya Khan	PK
Daryapur	IN
Darzciems	LV
Dasha	CN
Dashahe	CN
Dashan	CN
Dasheng	CN
Dashi	CN
Dashiqiao	CN
Dashitou	CN
Dashtobod	UZ
Dashu	CN
Dashun	CN
Daska Kalan	PK
Dasmarinas	PH
Dasna	IN
Dasnapur	IN
Dasoguz	TM
Dassa-Zoume	BJ
Dassel	DE
Dastgerd	IR
Dasuya	IN
Dataganj	IN
Datca	TR
Date	JP
Datia	IN
Datong	CN
Datta	CI
Dattapur	IN
Datteln	DE
Datun	CN
Daud Khel	PK
Daudnagar	IN
Daugavpils	LV
Daulatabad	IN
Daulatpur	PK
Daule	EC
Daultala	PK
Daund	IN
Daur	PK
Daura	NG
Daurala	IN
Dausa	IN
Davangere	IN
Davao	PH
Davenport	US
Davenstedt	DE
Daventry	GB
David	PA
Davidson	US
Davie	US
Davie Village	CA
Davinopolis	BR
Davis	US
Davlekanovo	RU
Davorlim	IN
Davos	CH
Davtashen	AM
Davydkovo	RU
Davydovo	RU
Dawan	CN
Dawbon	MM
Dawei	MM
Dawlish	GB
Dawson Creek	CA
Dawukou	CN
Dax	FR
Daxi	TW
Daxie	CN
Daxing	CN
Daxu	CN
Dayal	PK
Dayal Pur	IN
Dayang	CN
Dayapar	IN
Daye	CN
Dayou	CN
Dayr Hafir	SY
Dayr Mawas	EG
Dayr al Balah	PS
Dayrah	AE
Dayrut	EG
Dayton	US
Daytona Beach	US
Dazaifu	JP
Dazeshan	CN
Dazhong	CN
Dazhou	CN
Dazhuang	CN
Dchira El Jihadia	MA
De Aar	ZA
De Doorns	ZA
De Haan	BE
De Lier	NL
De Meern	NL
De Pere	US
De Pinte	BE
DeBary	US
DeKalb	US
DeLand	US
DeRidder	US
DeSoto	US
Deal	GB
Dean Funes	AR
Dearborn	US
Dearborn Heights	US
Deba	NG
Debaltseve	UA
Debar	MK
Debark'	ET
Debica	PL
Debila	DZ
Deblin	PL
Debno	PL
Debre Birhan	ET
Debre Mark'os	ET
Debre Tabor	ET
Debre Werk'	ET
Debrecen	HU
Debschwitz	DE
Decan	XK
Decatur	US
Deception Bay	AU
Decin	CZ
Decines-Charpieu	FR
Dededo Village	GU
Dedemsvaart	NL
Deder	ET
Dedham	US
Dedougou	BF
Dedovsk	RU
Dedza	MW
Dee Why	AU
Deer Park	US
Deer Valley	US
Deerfield	US
Deerfield Beach	US
Deerlijk	BE
Deesa	IN
Deeside	GB
Defiance	US
Degan	CN
Degeh Bur	ET
Degema Hulk	NG
Deggendorf	DE
Deglur	IN
Degollado	MX
Degtyarsk	RU
Dehdasht	IR
Dehiwala-Mount Lavinia	LK
Dehloran	IR
Dehradun	IN
Dehu Road	IN
Dehui	CN
Deinze	BE
Deir Hanna	IL
Deir el Asad	IL
Deir ez-Zor	SY
Dej	RO
Dejen	ET
Dejvice	CZ
Dek'emhare	ER
Dekina	NG
Dekoa	CF
Del Aire	US
Del City	US
Del Monte	PH
Del Pilar	PH
Del Remedio	PH
Del Rio	US
Delanggu	ID
Delano	US
Delareyville	ZA
Delaware	US
Delbrueck	DE
Delcevo	MK
Delegacion Cuajimalpa de Morelos	MX
Delemont	CH
Deleni	RO
Delft	NL
Delfzijl	NL
Delgado	SV
Delhi	IN
Delhi Cantonment	IN
Deli Tua	ID
Delice	TR
Delicias	ES
Delijan	IR
Delitzsch	DE
Dellys	DZ
Delmas	HT
Delmenhorst	DE
Delmiro Gouveia	BR
Delray Beach	US
Delta	CA
Delta del Tigre	UY
Deltebre	ES
Deltona	US
Delvada	IN
Demak	ID
Demba	CD
Dembech'a	ET
Dembeni	YT
Dembi Dolo	ET
Demerval Lobao	BR
Deming	US
Demirci	TR
Demiyivka	UA
Demmin	DE
Demnate	MA
Demre	TR
Den Chai	TH
Den Den	TN
Den Helder	NL
Den'enchofu	JP
Denai Alam	MY
Denain	FR
Denderleeuw	BE
Dendermonde	BE
Deneysville	ZA
Dengbu	CN
Dengzhou	CN
Denham Springs	US
Denia	ES
Denison	US
Denizciler	TR
Denizli	TR
Denkanikota	IN
Denkendorf	DE
Dennery	LC
Denov	UZ
Denpasar	ID
Dent	US
Denton	US
Dentsville	US
Denver	US
Denville	US
Denzlingen	DE
Deoband	IN
Deodapolis	BR
Deodora	IN
Deogarh	IN
Deoghar	IN
Deolali	IN
Deoli	IN
Deolimet	IN
Deoranian	IN
Deori	IN
Deori Khas	IN
Deoria	IN
Depalpur	IN
Depew	US
Depok	ID
Deqen	CN
Deqing	CN
Dera	ET
Dera Bugti	PK
Dera Colliery Township	IN
Dera Ghazi Khan	PK
Dera Ismail Khan	PK
Dera Mandi	IN
Derbent	RU
Derby	GB
Deressia	TD
Dergaon	IN
Derhachi	UA
Derince	TR
Derinkuyu	TR
Derry	GB
Derry Village	US
Derzhavinsk	KZ
Des Moines	US
Des Plaines	US
Desa Parkcity	MY
Desa Petaling	MY
Desaiganj	IN
Desamparados	CR
Desarmes	HT
Desborough	GB
Descalvado	BR
Desenzano del Garda	IT
Desert Hot Springs	US
Deshnoke	IN
Deshun	CN
Desio	IT
Desmarchais-Crawford	CA
Desna	UA
Desnogorsk	RU
Dessalines	HT
Dessau	DE
Dessie	ET
Destelbergen	BE
Destin	US
Destrehan	US
Det Udom	TH
Detmold	DE
Detroit	US
Detroit-Shoreway	US
Detva	SK
Deuil-la-Barre	FR
Deulgaon Raja	IN
Deurne	BE
Deutz	DE
Deux-Montagnes	CA
Deva	RO
Devadanapatti	IN
Devadurga	IN
Devakottai	IN
Devanahalli	IN
Devarkonda	IN
Devarshola	IN
Develi	TR
Devendranagar	IN
Deventer	NL
Dever Inder Bug	IN
Devgadh Bariya	IN
Devgarh	IN
Deville-les-Rouen	FR
Devinska Nova Ves	SK
Devinuwara	LK
Devipattinam	IN
Devizes	GB
Devon	ZA
Devonport	AU
Devrek	TR
Devrukh	IN
Devsar	IN
Dewa	IN
Dewas	IN
Dewdney East	CA
Dewetsdorp	ZA
Dewsbury	GB
Deyang	CN
Dezful	IR
Dezhou	CN
Dhabad	SO
Dhafni	GR
Dhahran	SA
Dhaka	BD
Dhakuakhana	IN
Dhamanagar	IN
Dhamar	YE
Dhamas	SO
Dhamnod	IN
Dhampur	IN
Dhamtari	IN
Dhana	IN
Dhanaula	IN
Dhanaura	IN
Dhanbad	IN
Dhandhuka	IN
Dhanera	IN
Dhangadhi	NP
Dhankuta	NP
Dhanmondi	BD
Dhanot	PK
Dhanpuri	IN
Dhar	IN
Dharamjaigarh	IN
Dharampur	IN
Dharampuri	IN
Dharamsala	IN
Dharan	NP
Dharangaon	IN
Dharapuram	IN
Dharashiv	IN
Dharavi	IN
Dhari	IN
Dhariwal	IN
Dharmabad	IN
Dharmadam	IN
Dharmanagar	IN
Dharmapuram	IN
Dharmapuri	IN
Dharmaram	IN
Dharmavaram	IN
Dharmkot	IN
Dharni	IN
Dharuhera	IN
Dharur	IN
Dhasa	IN
Dhaulpur	IN
Dhaunkal	PK
Dhaurahra	IN
Dhekelia	GB
Dhekiajuli	IN
Dhemaji	IN
Dhenkanal	IN
Dhi as Sufal	YE
Dhing	IN
Dhirkot	PK
Dholka	IN
Dhone	IN
Dhoraji	IN
Dhoro Naro	PK
Dhrangadhra	IN
Dhrol	IN
Dhubri	IN
Dhulagari	IN
Dhule	IN
Dhulian	IN
Dhulikhel	NP
Dhupgari	IN
Dhuri	IN
Dhuwaran	IN
Di An	VN
Diabo	CI
Diadema	BR
Diadi	PH
Diagonal Mar	ES
Dialakorodji	ML
Diamante	AR
Diamantina	BR
Diamantino	BR
Diamniadio	SN
Diamond Bar	US
Diamond Creek	AU
Diamond Harbour	IN
Diamond Head / Kapahulu / Saint Louis Heights	US
Diamond Springs	US
Dianbu	CN
Diancun	CN
Dianella	AU
Dianga	CN
Diangobo	CI
Dianopolis	BR
Dianra	CI
Dianra-Village	CI
Dianshui	CN
Dianzi	CN
Diaoube	SN
Diaoyucheng	CN
Diapaga	BF
Diarabana	CI
Dias d'Avila	BR
Diavata	GR
Diawala	CI
Dibai	IN
Dibate	ET
Dibaya-Lubwe	CD
Dibba Al-Fujairah	AE
Dibba Al-Hisn	AE
Dibobli	CI
Dibrugarh	IN
Dich Vong	VN
Dickinson	US
Dickson	US
Dicle	TR
Didam	NL
Didao	CN
Didcot	GB
Didievi	CI
Didim	TR
Didouche Mourad	DZ
Didsbury	GB
Didwana	IN
Didy	MG
Diebougou	BF
Dieburg	DE
Diedorf	DE
Diedrou	CI
Diego Martin	TT
Diego de Almagro	CL
Diegonefla	CI
Diehiba	CI
Diema	ML
Diemen	NL
Dien Bien Phu	VN
Dien Thanh	VN
Diepenbeek	BE
Diepholz	DE
Dieppe	FR
Diepsloot	ZA
Dieren	NL
Dierkow-Neu	DE
Diessen am Ammersee	DE
Diest	BE
Dietikon	CH
Dietzenbach	DE
Diez	DE
Diez de Octubre	CU
Diffa	NE
Dig	IN
Digapahandi	IN
Digboi	IN
Digboi Oil Town	IN
Dighwara	IN
Digih Habar Es	ET
Diglipur	IN
Dignago	CI
Digne-les-Bains	FR
Digora	RU
Digos	PH
Digras	IN
Digri	PK
Dihok	IQ
Diinsoor	SO
Dijkot	PK
Dijon	FR
Dikhil	DJ
Dikili	TR
Dikirnis	EG
Dikodougou	CI
Diksmuide	BE
Dikwa	NG
Dila	ET
Dilbeek	BE
Dili	TL
Dilijan	AM
Dillenburg	DE
Dilling	SD
Dillingen	DE
Dillingen an der Donau	DE
Dimapur	IN
Dimaruguri	IN
Dimbaza	ZA
Dimbokro	CI
Dimitrovgrad	RU
Dimona	IL
Dimtu	ET
Din Daeng	TH
Dinaig	PH
Dinajpur	BD
Dinalupihan	PH
Dinan	FR
Dinanagar	IN
Dinant	BE
Dinapore	IN
Dinapur Cantonment	IN
Dinapur Nizamat	IN
Dinar	TR
Dinard	FR
Dindarpur	IN
Dindigul	IN
Dindima	NG
Dindori	IN
Dinga	PK
Dingcheng	CN
Dingjia	CN
Dingle	GB
Dingley Village	AU
Dingolfing	DE
Dingshi	CN
Dingtao	CN
Dinguiraye	GN
Dingxi	CN
Dingzhou	CN
Dinhata	IN
Dinkelsbuehl	DE
Dinklage	DE
Dinnington	GB
Dinskaya	RU
Dinslaken	DE
Dinuba	US
Diobahika	TZ
Diofior	SN
Dioila	ML
Dionisio Cerqueira	BR
Diosgyor	HU
Diourbel	SN
Diourou	ML
Diourouzon	CI
Dipalpur	PK
Dipayal	NP
Diphu	IN
Diphupar 'A'	IN
Diping	CN
Diplo	PK
Dipolog	PH
Dippa Kunda	GM
Dippoldiswalde	DE
Dirba	IN
Dire	ML
Dire Dawa	ET
Diriamba	NI
Diriomo	NI
Discovery Bay	HK
Discovery Park	HK
Dishna	EG
Dison	BE
Dispur	IN
Diss	GB
Distraccion	CO
District of Taher	DZ
Disuq	EG
Ditzingen	DE
Diu	IN
Divandarreh	IR
Divichibazar	AZ
Divino	BR
Divinolandia	BR
Divinopolis	BR
Divisopolis	BR
Divnogorsk	RU
Divnoye	RU
Divo	CI
Divrigi	TR
Diwakari	IN
Diwek	ID
Dix Hills	US
Dixiana	US
Dixinn	GN
Dixon	US
Diyadin	TR
Diyarb Najm	EG
Diyarbakir	TR
Diyodar	IN
Dizangue	CM
Dizicheh	IR
Djakotome	BJ
Djamaa	DZ
Djambala	CG
Djapadji	CI
Djelfa	DZ
Djemmal	TN
Djenne	ML
Djibo	BF
Djibouti	DJ
Djidiouia	DZ
Djidja	BJ
Djougou	BJ
Djugu	CD
Dlhe diely	SK
Dmitrov	RU
Dnestrovsc	MD
Dnipro	UA
Dniprorudne	UA
Dniprovskyi	UA
Do'stlik Shahri	UZ
Doba	TD
Dobbs Ferry	US
Doberlug-Kirchhain	DE
Dobo	ID
Doboj	BA
Doboka	IN
Dobre Miasto	PL
Dobrich	BG
Dobrinka	RU
Dobropillia	UA
Dobrush	BY
Dobryanka	RU
Docklands	AU
Doctor Arroyo	MX
Doctor Phillips	US
Doda	IN
Doddaballapura	IN
Dodge City	US
Dodola	ET
Dodoma	TZ
Doebeln	DE
Doebling	AT
Doehren	DE
Doembang Nangbuat	TH
Doertyol	TR
Doesburg	NL
Doetinchem	NL
Dofteana	RO
Dogansehir	TR
Dogbo	BJ
Dogomet	GN
Dogonbadan	IR
Dogondoutchi	NE
Dogubayazit	TR
Doha	QA
Dohad	IN
Dohar	BD
Dohazari	BD
Dohrighat	IN
Doilungdeqen	CN
Dois Corregos	BR
Dois Irmaos	BR
Dois Irmaos do Buriti	BR
Dois Vizinhos	BR
Dok Kham Tai	TH
Doka	SD
Dokkum	NL
Dokolo	UG
Dokpodon	CI
Dokri	PK
Dokuchayevsk	UA
Dolbeau-Mistassini	CA
Dole	FR
Dolgoprudnyy	RU
Dolhasca	RO
Dolinsk	RU
Dolisie	CG
Dollard-Des Ormeaux	CA
Dolna Banjica	MK
Dolneni	MK
Dolny Kubin	SK
Dolo	ET
Dologon	PH
Dolores	AR
Dolores Hidalgo	MX
Dolton	US
Dolyna	UA
Dolynska	UA
Dom Basilio	BR
Dom Eliseu	BR
Dom Feliciano	BR
Dom Pedrito	BR
Dom Pedro	BR
Doma	NG
Domaa-Ahenkro	GH
Domalanoan	PH
Domazlice	CZ
Dombe Grande	AO
Dombivali	IN
Dombovar	HU
Domchanch	IN
Dome	GH
Domingos Martins	BR
Dommasandra	IN
Domodedovo	RU
Domodossola	IT
Domoni	KM
Domont	FR
Dompu	ID
Domzale	SI
Don Antonio	MX
Don Benito	ES
Don Carlos	PH
Don Sak	TH
Don Torcuato	AR
Don Valley Village	CA
Dona Ines	BR
Donaghmede	IE
Donaueschingen	DE
Donaustadt	AT
Donauwoerth	DE
Doncaster	GB
Doncaster East	AU
Dondaicha	IN
Dondo	MZ
Donetsk	UA
Dong Ha	VN
Dongargaon	IN
Dongargarh	IN
Dongcheng	CN
Dongchuan	CN
Dongcun	CN
Dongdu	CN
Dongen	NL
Dongfeng	CN
Donggang	TW
Donggongon	MY
Dongguan	CN
Donghae City	KR
Donghai	CN
Donghe	CN
Donghol-Sigon	GN
Donghui	CN
Dongjia	CN
Dongjiang	CN
Dongkan	CN
Dongling	CN
Dongmazar	CN
Dongning	CN
Dongobesh	TZ
Dongola	SD
Dongou	CG
Dongshan	CN
Dongsheng	CN
Dongshi	TW
Dongta	CN
Dongtai	CN
Dongwenquan	CN
Dongxi	CN
Dongxia	CN
Dongxing	CN
Dongyang	CN
Dongying	CN
Donmatias	CO
Donna	US
Donnybrook	IE
Donskoy	RU
Donskoye	RU
Donvale	AU
Donzdorf	DE
Doon South	CA
Doonside	AU
Doorn	NL
Dooru Verinag	IN
Dorado	PR
Doraha	IN
Doral	US
Doraville	US
Dorbod	CN
Dorcheh Piaz	IR
Dorchester	US
Dordrecht	NL
Doreen	AU
Dores de Campos	BR
Dores do Indaia	BR
Dorfen	DE
Dori	BF
Dorking	GB
Dormagen	DE
Dormentes	BR
Dornakal	IN
Dornbirn	AT
Dorog	HU
Dorogobuzh	RU
Dorogomilovo	RU
Dorohoi	RO
Doropo	CI
Dorset Park	CA
Dorsten	DE
Dorstfeld	DE
Dortmund	DE
Dorud	IR
Dorval	CA
Dos Hermanas	ES
Dos de Mayo	AR
Dosquebradas	CO
Dossenheim	DE
Dosso	NE
Dostluk	TM
Dostpur	IN
Dothan	US
Dotzheim	DE
Douague	CI
Douai	FR
Douako	GN
Douala	CM
Douane	TN
Douar Hicher	TN
Douar Tindja	TN
Douar Toulal	MA
Douarnenez	FR
Douchy-les-Mines	FR
Douentza	ML
Douera	DZ
Dougabougou	ML
Douglas	IE
Douglas-Gilpin	CA
Douglasdale	CA
Douglaston	US
Douglasville	US
Dougnane	SN
Doukouya	CI
Douliu	TW
Douping	CN
Dour	BE
Dourados	BR
Dourbali	TD
Dourdan	FR
Douz	TN
Dover	GB
Dovercourt-Wallace Emerson-Junction	CA
Dovzhansk	UA
Dowlatabad	IR
Dowleswaram	IN
Downers Grove	US
Downey	US
Downham Market	GB
Downpatrick	GB
Downsview-Roding-CFB	CA
Downtown	CA
Downtown DC	US
Downtown Dubai	AE
Downtown Eastside	CA
Downtown Halifax	CA
Draa Ben Khedda	DZ
Draa el Mizan	DZ
Dracena	BR
Dracevo	MK
Drachten	NL
Dracut	US
Draganesti-Olt	RO
Dragasani	RO
Dragash	XK
Dragor	DK
Draguignan	FR
Drama	GR
Drammen	NO
Drancy	FR
Dranesville	US
Draper	US
Drapetsona	GR
Draveil	FR
Drawsko Pomorskie	PL
Drean	DZ
Dreieich	DE
Drensteinfurt	DE
Dresden	DE
Dreta de l'Eixample	ES
Dreux	FR
Drexel Heights	US
Drexel Hill	US
Drezdenko	PL
Drezna	RU
Driebergen-Rijsenburg	NL
Driefontein	ZA
Driekoppies	ZA
Driffield	GB
Driouch	MA
Driyorejo	ID
Drobak	NO
Drobeta-Turnu Severin	RO
Drochia	MD
Drochtersen	DE
Drogheda	IE
Drogichin	BY
Drohobych	UA
Droichead Nua	IE
Droitwich	GB
Drolshagen	DE
Dronfield	GB
Drongen	BE
Dronten	NL
Drouin	AU
Droylsden	GB
Drozhzhino	RU
Drug Mulla	IN
Druid Hills	US
Drummondville	CA
Drummoyne	AU
Druskininkai	LT
Druzhba	UZ
Druzhkivka	UA
Drzetowo-Grabowo	PL
Dschang	CM
Duaca	VE
Duarte	US
Duartina	BR
Duas Barras	BR
Duayaw-Nkwanta	GH
Duba	SA
Dubai	AE
Dubai Festival City	AE
Dubai International Financial Centre	AE
Dubai Internet City	AE
Dubai Investments Park	AE
Dubai Marina	AE
Dubai Silicon Oasis	AE
Dubai Sports City	AE
Dubasari	MD
Dubbo	AU
Dubendorf	CH
Dubinino	RU
Dublin	IE
Dubna	RU
Dubnica nad Vahom	SK
Dubno	UA
Dubovka	RU
Dubrajpur	IN
Dubravka	SK
Dubreka	GN
Dubrovnik	HR
Dubti	ET
Dubuque	US
Ducheng	CN
Ducos	MQ
Dudelange	LU
Duderstadt	DE
Dudhani	IN
Dudhi	IN
Dudinka	RU
Dudley	GB
Duekoue	CI
Duelmen	DE
Dueren	DE
Duesseldorf	DE
Duesseldorf-Pempelfort	DE
Dueville	IT
Duezce	TR
Duffel	BE
Dufferin Grove	CA
Dugda	IN
Dugny	FR
Dugo Selo	HR
Dugulubgey	RU
Duisburg	DE
Duitama	CO
Duiven	NL
Duiwelskloof	ZA
Dukinfield	GB
Dukku	NG
Dukli	IN
Dukuhturi	ID
Dukuria	BD
Dulag	PH
Duliajan	IN
Duliajan Oil Town	IN
Dullewala	PK
Dulsberg	DE
Duluth	US
Dulwich Hill	AU
Dum Duma	IN
Duma	SY
Dumaguete	PH
Dumai	ID
Dumarkunda	IN
Dumas	US
Dumbarton	GB
Dumbea	NC
Dumfries	GB
Dumila	TZ
Dumjor	IN
Dumka	IN
Dumont	US
Dumra	IN
Dumraon	IN
Dumyat al Jadidah	EG
Dun Laoghaire	IE
Dunaharaszti	HU
Dunajska Streda	SK
Dunakeszi	HU
Dunaujvaros	HU
Dunayivtsi	UA
Dunbage	CN
Dunbar-Southlands	CA
Duncan	US
Duncanville	US
Duncraig	AU
Dunda	TZ
Dundalk	US
Dundee	GB
Dundigal	IN
Dundo	AO
Dundonald	GB
Dundrum	IE
Dunedin	NZ
Dunetha	IN
Dunfermline	GB
Dunga Bunga	PK
Dungannon	GB
Dungarpur	IN
Dungas	NE
Dungu	CD
Dungun	MY
Dunhao	CN
Dunhou	CN
Dunhua	CN
Dunhuang	CN
Dunkerque	FR
Dunkirk	US
Dunkwa	GH
Dunmore	US
Dunstable	GB
Dunwoody	US
Dunyapur	PK
Duoba	CN
Duobao	CN
Duong GJong	VN
Duong Minh Chau	VN
Dupax Del Norte	PH
Dupax del Sur	PH
Duping	CN
Dupnitsa	BG
Dupont Circle	US
Duque Bacelar	BR
Duque de Caxias	BR
Dura	PS
Duragan	TR
Durame	ET
Durango	ES
Durant	US
Durazno	UY
Durban	ZA
Durbanville	ZA
Durbuy	BE
Dure	CN
Durg	IN
Durgapur	IN
Durham	US
Durian Tunggal	MY
Durlesti	MD
Durmersheim	DE
Durres	AL
Dursh Khela	PK
Dursley	GB
Dursunbey	TR
Dushan	CN
Dushanbe	TJ
Dushi	CN
Dusit	TH
Dutse	NG
Dutsen Wai	NG
Dutsin-Ma	NG
Dutywa	ZA
Duuban	ET
Duverge	DO
Duvernay	CA
Duvernay-Est	CA
Duxbury	US
Duyen Hai	VN
Duyun	CN
Duzhou	CN
Dvubratskiy	RU
Dvur Kralove nad Labem	CZ
Dwarka	IN
Dwarsloop	ZA
Dyane	IN
Dyat'kovo	RU
Dyer	US
Dyersburg	US
Dyker Heights	US
Dysselsdorp	ZA
Dyurtyuli	RU
Dzaoudzi	YT
Dzerzhinsk	RU
Dzerzhinskiy	RU
Dzerzhinsky	RU
Dzhalil'	RU
Dzhankoy	UA
Dzialdowo	PL
Dzierzoniow	PL
Dzitbalche	MX
Dzodze	GH
Dzuunharaa	MN
Dzuunmod	MN
Dzyarzhynsk	BY
E'erguna	CN
E'zhou	CN
Ea Drang	VN
Ea Na	VN
Eagan	US
Eagle	US
Eagle Mountain	US
Eagle Pass	US
Eagle Ridge	CA
Eagle River	US
Eagleby	AU
Ealing Common	GB
Earl Shilton	GB
Earlsfield	GB
Earlwood	AU
Easley	US
East Amherst	US
East Barnet	GB
East Bethel	US
East Boston	US
East Brainerd	US
East Bridgewater	US
East Brunswick	US
East Cambie	CA
East Cambridge	US
East Chattanooga	US
East Chicago	US
East Clayton	CA
East Cleveland	US
East Concord	US
East Dereham	GB
East Dulwich	GB
East Elmhurst	US
East End-Danforth	CA
East Flatbush	US
East Florence	US
East Garfield Park	US
East Grand Rapids	US
East Greenwich	US
East Grinstead	GB
East Gwillimbury	CA
East Hampton	US
East Hanover	US
East Harlem	US
East Hartford	US
East Hastings	CA
East Haven	US
East Helsinki	FI
East Hemet	US
East Highland Park	US
East Hill-Meridian	US
East Honolulu	US
East Independence	US
East Islip	US
East Jerusalem	PS
East Kilbride	GB
East Lake	US
East Lake-Orient Park	US
East Lansing	US
East Liverpool	US
East London	ZA
East Longmeadow	US
East Los Angeles	US
East Maitland	AU
East Massapequa	US
East Meadow	US
East Millcreek	US
East Milton	US
East Molesey	GB
East Moline	US
East Mount Airy	US
East Naples	US
East New York	US
East Norriton	US
East Northport	US
East Norwalk	US
East Orange	US
East Palo Alto	US
East Patchogue	US
East Pensacola Heights	US
East Peoria	US
East Perth	AU
East Point	US
East Providence	US
East Rancho Dominguez	US
East Renton Highlands	US
East Ridge	US
East Riverdale	US
East Saint Louis	US
East San Gabriel	US
East Setauket	US
East Sheen	GB
East Stroudsburg	US
East Tremont	US
East Village	US
East Wenatchee	US
Eastbourne	GB
Eastchester	US
Eastern Passage	CA
Easthampton	US
Eastlake	US
Eastleigh	GB
Eastmont	US
Easton	US
Eastpointe	US
Eastvale	US
Eastwood	GB
Eaton Socon	GB
Eatontown	US
Eau Claire	US
Eaubonne	FR
Ebano	MX
Ebara	JP
Ebaye	MH
Ebbw Vale	GB
Ebebiyin	GQ
Ebejico	CO
Eberbach	DE
Ebersbach an der Fils	DE
Ebersberg	DE
Eberswalde	DE
Ebetsu	JP
Ebie	JP
Ebikon	CH
Ebilassokro	CI
Ebina	JP
Ebino	JP
Ebisu	JP
Ebo	AO
Eboli	IT
Ebolowa	CM
Ebute Ikorodu	NG
Ecatepec de Morelos	MX
Eccles	GB
Ech Chettia	DZ
Echelon	US
Echemmaia Est	MA
Echigawa	JP
Eching	DE
Echirolles	FR
Echizen	JP
Echo Park	US
Echuca	AU
Ecija	ES
Eckernfoerde	DE
Ecopark	VN
Ecoporanga	BR
Ecublens	CH
Ecully	FR
Ecunna	AO
Edaccheri	IN
Edaicode	IN
Edakkazhiyur	IN
Edakkode	IN
Edappal	IN
Edattala	IN
Edattirutti	IN
Edavai	IN
Edavilangu	IN
Edd	ER
Ede	NG
Edea	CM
Edegem	BE
Edeia	BR
Edeleny	HU
Eden	US
Eden Prairie	US
Edenbridge-Humber Valley	CA
Edenvale	ZA
Edessa	GR
Edewecht	DE
Edfu	EG
Edgemont	CA
Edgewater	US
Edgewood	US
Edgwarebury	GB
Edina	US
Edinburg	US
Edinburgh	GB
Edinet	MD
Edingen-Neckarhausen	DE
Edirne	TR
Edison	US
Edmond	US
Edmonds	US
Edmonton	CA
Edmundston	CA
Edogawe	JP
Edosaki	JP
Edremit	TR
Edwards	US
Edwardsville	US
Eeklo	BE
Eerbeek	NL
Eersel	NL
Effiduase	GH
Effingham	US
Effium	NG
Effretikon	CH
Efkarpia	GR
Efon-Alaaye	NG
Efrata	PS
Egarkunr	IN
Egbe	NG
Eger	HU
Egersund	NO
Eggenberg	AT
Eggenfelden	DE
Eggenstein-Leopoldshafen	DE
Eggertsville	US
Egham	GB
Eghezee	BE
Egirdir	TR
Egkomi	CY
Eglinton East	CA
Egota	JP
Egra	IN
Egypt Lake-Leto	US
Eha Amufu	NG
Ehen Hudag	CN
Ehingen	DE
Eibar	ES
Eibergen	NL
Eichenau	DE
Eichenzell	DE
Eichstaett	DE
Eidelstedt	DE
Eifuku	JP
Eight Mile Plains	AU
Eiguliai	LT
Eijsden	NL
Eilat	IL
Eilbek	DE
Eilenburg	DE
Eimsbuettel	DE
Einbeck	DE
Eindhoven	NL
Einsiedeln	CH
Eiras	PT
Eirunepe	BR
Eisden	BE
Eisen	KR
Eisenach	DE
Eisenberg	DE
Eisenhuettenstadt	DE
Eisleben Lutherstadt	DE
Eislingen	DE
Eissendorf	DE
Eitorf	DE
Eixample	ES
Ejea de los Caballeros	ES
Ejido	VE
Ejigbo	NG
Ejura	GH
Ekangala	ZA
Ekazhevo	RU
Ekenaes	FI
Ekeren	BE
Ekeroe	SE
Eket	NG
Ekibastuz	KZ
Ekondo Titi	CM
Ekpe	BJ
Ekpoma	NG
Eksjoe	SE
Ekuvukeni	ZA
El 'Ayoun	MR
El Abadia	DZ
El Abiodh Sidi Cheikh	DZ
El Achir	DZ
El Affroun	DZ
El Ain	TN
El Aioun	MA
El Alia	TN
El Amria	DZ
El Aouinet	DZ
El Arahal	ES
El Arenal	MX
El Arrouch	DZ
El Asintal	GT
El Astillero	ES
El Attaf	DZ
El Bagre	CO
El Bahay	ET
El Banco	CO
El Bauga	SD
El Baul	VE
El Bayadh	DZ
El Bolson	AR
El Bordo	CO
El Cafetal	VE
El Cajon	US
El Camino Real	US
El Campello	ES
El Campo	US
El Carmel	ES
El Carmen	CL
El Carmen de Bolivar	CO
El Carmen de Chucuri	CO
El Casar	ES
El Centro	US
El Cerrito	CO
El Charco	CO
El Chorrillo	PA
El Coco	PA
El Colomo	MX
El Colorado	AR
El Copey	CO
El Crucero	NI
El Dabaa	EG
El Daein	SD
El Dibir	SO
El Dividive	VE
El Doncello	CO
El Dorado	US
El Dorado Hills	US
El Ejido	ES
El Empalme	EC
El Escorial	ES
El Estor	GT
El Eulma	DZ
El Fahs	TN
El Fasher	SD
El Fuerte	MX
El Fureidis	IL
El Gara	MA
El Geneina Fort	SD
El Goloso	ES
El Gouna	EG
El Grao	ES
El Grullo	MX
El Guerdane	MA
El Guetar	TN
El Hadjar	DZ
El Hadjira	DZ
El Hajeb	MA
El Hamma	TN
El Harhoura	MA
El Hatillo	VE
El Hermel	LB
El Idrissia	DZ
El Jadida	MA
El Jem	TN
El Kala	DZ
El Kef	TN
El Kelaa des Srarhna	MA
El Khroub	DZ
El Ksar	TN
El Kseur	DZ
El Ksiba	MA
El Limon	VE
El Llano	MX
El Maknassi	TN
El Malah	DZ
El Mansouria	MA
El Marsa	EH
El Masnou	ES
El Matama	SD
El Meghaier	DZ
El Menia	DZ
El Menzel	MA
El Mgarsa	TN
El Milia	DZ
El Mirage	US
El Monte	US
El Mourouj	TN
El Naranjo	MX
El Nido	PH
El Obeid	SD
El Ouatia	MA
El Oued	DZ
El Palmar	GT
El Palomar	AR
El Pao	VE
El Paraiso	HN
El Parral	MX
El Paso	US
El Pedregal	PE
El Playon	CO
El Prat de Llobregat	ES
El Progreso	HN
El Pueblito	MX
El Puerto de Santa Maria	ES
El Quebrachal	AR
El Quetzal	GT
El Reno	US
El Reten	CO
El Retorno	CO
El Rosario	MX
El Salto	MX
El Sauce	NI
El Segundo	US
El Shorouk	EG
El Soberbio	AR
El Sobrante	US
El Sombrero	VE
El Tambo	CO
El Tarf	DZ
El Tejar	GT
El Tigre	VE
El Tocuyo	VE
El Torno	BO
El Trebol	AR
El Triunfo	EC
El Vendrell	ES
El Viejo	NI
El Vigia	VE
El Viso	ES
El Viso del Alcor	ES
El Wak	KE
El Zulia	CO
El'ad	IL
El'ban	RU
El-Tor	EG
Elamanchili	IN
Elamkunnapuzha	IN
Elampalloor	IN
Elancourt	FR
Elandacheri	IN
Elandakuttai	IN
Elanora	AU
Elavalli	IN
Elayavur	IN
Elazig	TR
Elbasan	AL
Elbeuf	FR
Elbistan	TR
Elblag	PL
Elburg	NL
Elburgon	KE
Elche	ES
Elda	ES
Eldama Ravine	KE
Eldas	KE
Eldersburg	US
Eldorado	MX
Eldorado do Sul	BR
Eldorado dos Carajas	BR
Eldoret	KE
Electronic City Phase I	IN
Elefsina	GR
Eleftherio - Kordelio	GR
Elektrenai	LT
Elektrogorsk	RU
Elektrostal'	RU
Elektrougli	RU
Elele	NG
Elesbao Veloso	BR
Elfers	US
Elghabra	MR
Elgin	US
Elgoibar	ES
Elhovo	BG
Elias Fausto	BR
Elista	RU
Elixku	CN
Elizabeth	US
Elizabeth City	US
Elizabethton	US
Elizabethtown	US
Elk	PL
Elk City	US
Elk Grove	US
Elk Grove Village	US
Elk Plain	US
Elk River	US
Elkhart	US
Elko	US
Elkridge	US
Elkton	US
Ellakkudi	IN
Elland	GB
Ellenabad	IN
Ellenbrook	AU
Ellendale	US
Ellensburg	US
Ellicott City	US
Ellington	US
Elliniko	GR
Elliot Lake	CA
Ellon	GB
Ellwangen	DE
Elm Park	GB
Elmadag	TR
Elmali	TR
Elmhurst	US
Elmina	MY
Elmira	US
Elmont	US
Elmschenhagen	DE
Elmshorn	DE
Elmwood	US
Elmwood Park	US
Eloi Mendes	BR
Eloise	US
Elon	US
Elorza	VE
Eloy	US
Eloy Alfaro	EC
Elsdorf	DE
Elst	NL
Elsternwick	AU
Eltham	GB
Eltingville	US
Eltville	DE
Elubo	GH
Elumalai	IN
Elur	IN
Eluru	IN
Elverum	NO
Elwood	AU
Ely	GB
Elyria	US
Emalahleni	ZA
Emali	KE
Eman	CN
Embajadores	ES
Embalse	AR
Embarcacion	AR
Embhojeni	ZA
Embi	KZ
Embu	KE
Embu das Artes	BR
Embu-Guacu	BR
Emden	DE
Emerald	AU
Emerson Hill	US
Emerson Park	GB
Emeryville	US
Emet	TR
Emiliano Zapata	MX
Emin	CN
Eminabad	PK
Eminoenue	TR
Emirdag	TR
Emmaus	US
Emmeloord	NL
Emmen	NL
Emmendingen	DE
Emmerich	DE
Emmiganur	IN
Empalme	MX
Empalme Escobedo	MX
Empangeni	ZA
Empoli	IT
Emporia	US
Empuluzu	ZA
Emsdetten	DE
Emstek	DE
Emsworth	GB
Emtfuntini	ZA
Emure-Ekiti	NG
En Naqoura	LB
En Nedjma	DZ
Ena	JP
Encamp	AD
Encantado	BR
Encanto	US
Encarnacion	PY
Encarnacion de Diaz	MX
Enchanted Hills	US
Encheng	CN
Encinitas	US
Encino	US
Encontrados	VE
Encrucijada	CU
Encruzilhada	BR
Encruzilhada do Sul	BR
Endasak	TZ
Ende	ID
Endeavour Hills	AU
Endenich	DE
Endicott	US
Endwell	US
Enem	RU
Enerhodar	UA
Enfidha	TN
Enfield	US
Enfield Lock	GB
Enfield Town	GB
Engadine	AU
Engaru	JP
Engels	RU
Engelskirchen	DE
Engen	DE
Engenheiro Beltrao	BR
Engenheiro Caldas	BR
Engenheiro Coelho	BR
Engenheiro Paulo de Frontin	BR
Enger	DE
Enghien	BE
Enghien-les-Bains	FR
Engkilili	MY
Englemount-Lawrence	CA
Englewood	US
English Bay	CA
Enid	US
Eningen unter Achalm	DE
Eniwa	JP
Enkhuizen	NL
Enkoeping	SE
Enna	IT
Ennepetal	DE
Ennigerloh	DE
Ennis	IE
Enniskillen	GB
Enrique B. Magalona	PH
Enschede	NL
Ensenada	MX
Enshi	CN
Ensjo	NO
Ensley	US
Entebbe	UG
Enterprise	US
Entre Rios	BR
Entre Rios de Minas	BR
Entrevias	ES
Entroncamento	PT
Enugu	NG
Enugu-Ezike	NG
Enugu-Ukwu	NG
Enumclaw	US
Envigado	CO
Enzan	JP
Epe	NG
Epernay	FR
Ephrata	US
Epinal	FR
Epinay-sous-Senart	FR
Epinay-sur-Seine	FR
Epitaciolandia	BR
Eppelborn	DE
Eppelheim	DE
Eppendorf	DE
Epping	AU
Eppingen	DE
Eppstein	DE
Epsom	GB
Epworth	ZW
Eqbaliyeh	IR
Equeurdreville-Hainneville	FR
Er Regueb	TN
Er Reina	IL
Er Roseires	SD
Eragny	FR
Eramala	IN
Erandio	ES
Erandol	IN
Eraniel	IN
Erannoli	IN
Erattupetta	IN
Eravattur	IN
Eravur Town	LK
Erawan	TH
Erba	IT
Erbaa	TR
Erbach	DE
Erbil	IQ
Ercis	TR
Ercolano	IT
Erd	HU
Erdaojiang	CN
Erdek	TR
Erdemli	TR
Erdenet	MN
Erding	DE
Erebuni	AM
Erechim	BR
Eregli	TR
Eremankono	CI
Erembodegem	BE
Erenhot	CN
Erftstadt	DE
Erfurt	DE
Ergani	TR
Ergolding	DE
Erico Cardoso	BR
Erie	US
Erin	CA
Eringate-Centennial-West Deane	CA
Erkelenz	DE
Erkner	DE
Erkrath	DE
Erlang	CN
Erlangen	DE
Erlanger	US
Erlenbach am Main	DE
Erlensee	DE
Erlin	TW
Ermelino Matarazzo	BR
Ermelo	ZA
Ermenek	TR
Ermesinde	PT
Ermington	AU
Ermitagana	ES
Ermont	FR
Ermoupolis	GR
Ermua	ES
Erode	IN
Erong	CN
Errachidia	MA
Erraguntla	IN
Errenteria	ES
Erriadh	TN
Ersheng	CN
Ershui	TW
Erskine	GB
Ertil'	RU
Ertvelde	BE
Erumaippatti	IN
Erumapalaiyam	IN
Eruvadi	IN
Eruvatti	IN
Eruwa	NG
Ervalia	BR
Erwitte	DE
Erzin	TR
Erzincan	TR
Erzsebetvaros	HU
Erzurum	TR
Es Senia	DZ
Esbjerg	DK
Escada	BR
Escalante	PH
Escanaba	US
Escarcega	MX
Escazu	CR
Esch-sur-Alzette	LU
Eschborn	DE
Eschwege	DE
Eschweiler	DE
Escondido	US
Escuinapa de Hidalgo	MX
Escuintla	GT
Escuque	VE
Eseka	CM
Eselsberg	DE
Esenguly	TM
Esenler	TR
Esenyurt	TR
Esfarayen	IR
Esgueira	PT
Esher	GB
Eshowe	ZA
Eshtehard	IR
Esik	KZ
Esil	KZ
Esim	GH
Eskilstuna	SE
Eskisehir	TR
Eslam Qaleh	AF
Eslamabad-e Gharb	IR
Eslamshahr	IR
Esloev	SE
Esme	TR
Esmeralda	CU
Esmeraldas	EC
Esmoriz	PT
Esna	EG
Esneux	BE
Espanola	US
Espargos	CV
Esparreguera	ES
Espartinas	ES
Esparza	CR
Espelkamp	DE
Espera Feliz	BR
Esperanca	BR
Esperance	AU
Esperantina	BR
Esperantinopolis	BR
Esperanza	DO
Espergaerde	DK
Espigao dOeste	BR
Espinal	CO
Espinho	PT
Espinosa	BR
Espirito Santo	BR
Espirito Santo do Pinhal	BR
Espita	MX
Espiye	TR
Esplanada	BR
Esplugues de Llobregat	ES
Espoo	FI
Espoonlahti	FI
Esposende	PT
Espumoso	BR
Esquel	AR
Esquilino	IT
Esquimalt	CA
Esquina	AR
Esquipulas	GT
Essaouira	MA
Essau	GM
Essen	DE
Essenbach	DE
Essendon	AU
Essex	US
Essex Junction	US
Essling	AT
Esslingen	DE
Estacio	BR
Estacion Manuel	MX
Estahban	IR
Estancia	BR
Estancia Velha	BR
Estcourt	ZA
Este	IT
Esteio	BR
Esteli	NI
Estella-Lizarra	ES
Estelle	US
Estepa	ES
Estepona	ES
Estero	US
Estevan	CA
Estiva	BR
Estiva Gerbi	BR
Estoril	PT
Estreito	BR
Estrela	BR
Estrela de Alagoas	BR
Estrella	ES
Esuk Oron	NG
Esztergom	HU
Et Taiyiba	IL
Et Tira	IL
Etah	IN
Etajima	JP
Etampes	FR
Etaples	FR
Etawa	IN
Etawah	IN
Etelae-Haaga	FI
Eten	PE
Etikoppaka	IN
Etiler	TR
Etinan	NG
Etlik	TR
Etmadpur	IN
Etobicoke	CA
Etobicoke West Mall	CA
Etoumbi	CG
Etrek	TM
Etropole	BG
Ettadhamen	TN
Ettaiyapuram	IN
Ettapur	IN
Ettenheim	DE
Etterbeek	BE
Ettlingen	DE
Ettumanoor	IN
Ettumanur	IN
Etu-Toeoeloe	FI
Etwatwa	ZA
Etzatlan	MX
Euclid	US
Euclides da Cunha	BR
Eufaula	US
Eugene	US
Eugenopolis	BR
Euless	US
Eunapolis	BR
Eunice	US
Eunos	SG
Eupen	BE
Eura	FI
Eureka	US
Eusebio	BR
Euskirchen	DE
Eustaquio Lopez	PH
Eustis	US
Eutin	DE
Evander	ZA
Evans	US
Evanston	US
Evansville	US
Evaton	ZA
Evaz	IR
Even Yehuda	IL
Evere	BE
Everett	US
Evergem	BE
Evergreen	CA
Evergreen Park	US
Evesham	GB
Eving	DE
Evington	GB
Evka-Bes	TR
Evora	PT
Evosmos	GR
Evreux	FR
Evry	FR
Ewarton	JM
Ewell	GB
Ewing	US
Ewo	CG
Excelsior Springs	US
Exeter	GB
Exmouth	GB
Extrema	BR
Extremoz	BR
Exu	BR
Eybens	FR
Eyl	SO
Eynesil	TR
Eysines	FR
Ez Zahra	TN
Ezeiza	AR
Ezequiel Montes	MX
Ezhome	IN
Ezhou	CN
Ezhudesam	IN
Ezhupunna	IN
Ezhva	RU
Ezine	TR
Ezza-Ohu	NG
Ezzouhour	TN
FELDA Chini	MY
Faaa	PF
Fabijoniskes	LT
Fabriano	IT
Facatativa	CO
Faches-Thumesnil	FR
Fada	TD
Fada N'gourma	BF
Fadhigaradle	ET
Faenza	IT
Fafe	PT
Fagaras	RO
Fagersta	SE
Fagnano Olona-Bergoro	IT
Fagundes	BR
Failsworth	GB
Fair Lawn	US
Fair Oak	GB
Fair Oaks	US
Fairbanks	US
Fairborn	US
Fairburn	US
Fairfax	US
Fairfax Station	US
Fairfield	US
Fairfield Heights	US
Fairfield West	AU
Fairhaven	US
Fairhope	US
Fairland	US
Fairmont	US
Fairmount	US
Fairview	CA
Fairview Heights	US
Fairview Park	HK
Fairview Shores	US
Fairwood	US
Faisalabad	PK
Faizpur	IN
Fajar	SG
Fajardo	PR
Faji Kunda	GM
Fakfak	ID
Falagueira	PT
Falakata	IN
Falavarjan	IR
Falchera	IT
Falconara Marittima	IT
Falconridge	CA
Falesti	MD
Falkenberg	SE
Falkenhagener Feld	DE
Falkensee	DE
Falkirk	GB
Falkoeping	SE
Fall River	US
Fallbrook	US
Fallingbrook	CA
Fallowfield	GB
Falls Church	US
Fallsburg	US
Falmouth	GB
Falna	IN
Falticeni	RO
Falun	SE
Famagusta	CY
Famailla	AR
Fameck	FR
Famenin	IR
Fana	ML
Fanba	CN
Fandriana	MG
Fangcheng Chengguanzhen	CN
Fangchenggang	CN
Fangcun	CN
Fangda Town	CN
Fangshan	CN
Fanipol	BY
Fanling	HK
Fanlou	CN
Fannuj	IR
Fano	IT
Fantino	DO
Fanzeres	PT
Faqirwali	PK
Faqus	EG
Far Rockaway	US
Fara Department	BF
Faradonbeh	IR
Farafangana	MG
Farafenni	GM
Farah	AF
Farakka	IN
Faranah	GN
Farap	TM
Farasan	SA
Faraskur	EG
Farato	GM
Faratsiho	MG
Farciennes	BE
Fardis	IR
Fareham	GB
Fargo	US
Farias Brito	BR
Faribault	US
Faridabad	IN
Faridkot	IN
Faridnagar	IN
Faridpur	BD
Farij Kulayb	QA
Farij al Amir	QA
Farim	GW
Farkhar	AF
Farkhor	TJ
Farmers Branch	US
Farmersville	US
Farmington	US
Farmington Hills	US
Farmingville	US
Farmsen-Berne	DE
Farnborough	GB
Farnham	GB
Farnworth	GB
Faro	PT
Farragut	US
Farrashband	IR
Farrokh Shahr	IR
Farroupilha	BR
Farrukhabad	IN
Farrukhnagar	IN
Farsala	GR
Farsan	IR
Farshut	EG
Fartura	BR
Faruj	IR
Faruka	PK
Farum	DK
Fasa	IR
Fasano	IT
Fastiv	UA
Fate	CN
Fatehabad	IN
Fatehganj West	IN
Fatehgarh	IN
Fatehgarh Churian	IN
Fatehjang	PK
Fatehnagar	IN
Fatehpur	IN
Fatehpur Sikri	IN
Fatick	SN
Fatima	BR
Fatima do Sul	BR
Fatsa	TR
Fatwa	IN
Favara	IT
Favaro Veneto	IT
Faversham	GB
Favona	NZ
Favoriten	AT
Fawkner	AU
Faxinal	BR
Faxinal dos Guedes	BR
Faya-Largeau	TD
Fayetteville	US
Fayfa'	SA
Fayid	EG
Fayroz Koh	AF
Fayzabad	AF
Fazakerley	GB
Fazelabad	IR
Fazenda Rio Grande	BR
Fazhanhe	CN
Fazilka	IN
Fazilpur	PK
Featherstone	GB
Fecamp	FR
Federacion	AR
Federal	AR
Federal Heights	US
Federal Way	US
Fedj M'Zala	DZ
Fedorovskiy	RU
Fehmarn	DE
Feicheng	CN
Feidh el Botma	DZ
Feijo	BR
Feira	PT
Feira Grande	BR
Feira Nova	BR
Feira de Santana	BR
Felana	ET
Felanitx	ES
Feldkirch	AT
Feldkirchen-Westerham	DE
Felege Neway	ET
Felgueiras	PT
Felipe Carrillo Puerto	MX
Felixlandia	BR
Felixstowe	GB
Feliz	BR
Feliz Natal	BR
Fellbach	DE
Felling	GB
Felsberg	DE
Feltham	GB
Feltre	IT
Fendou	CN
Fene	ES
Fengcheng	CN
Fengdie	CN
Fenggang	CN
Fenggao	CN
Fenghua	CN
Fenghuang	CN
Fengjia	CN
Fengkou	CN
Fenglai	CN
Fengle	CN
Fengling	CN
Fengolo	CI
Fengping	CN
Fengrun	CN
Fengshan	TW
Fengsheng	CN
Fengxiang	CN
Fengyi	CN
Fenhe	CN
Feni	BD
Fennpfuhl	DE
Fenoarivo Atsinanana	MG
Fenoarivo Be	MG
Fenshui	CN
Fenton	US
Fenway/Kenmore	US
Fenyi	CN
Feodosiya	UA
Feraoun	DZ
Fercal	BR
Ferdowsiyeh	IR
Ferencvaros	HU
Ferentino	IT
Fereydun Kenar	IR
Fereydunshahr	IR
Fergana	UZ
Fergus	CA
Fergus Falls	US
Ferguson	US
Feriana	TN
Ferizaj	XK
Ferizli	TR
Ferkessedougou	CI
Fermo	IT
Fern Creek	US
Fernandina Beach	US
Fernando Falcao	BR
Fernando de la Mora	PY
Fernandopolis	BR
Ferndale	US
Ferndown	GB
Fernie	ZA
Fernley	US
Ferntree Gully	AU
Fernway	US
Fernwood	CA
Ferokh	IN
Ferrara	IT
Ferraz de Vasconcelos	BR
Ferreiros	BR
Ferrenafe	PE
Ferrol	ES
Ferry Pass	US
Fervedouro	BR
Fes	MA
Fes al Bali	MA
Festus	US
Fetesti	RO
Fetesti-Gara	RO
Fethiye	TR
Feucht	DE
Feuchtwangen	DE
Fgura	MT
Fianarantsoa	MG
Fianga	TD
Fiano Romano	IT
Ficarazzi	IT
Fiche	ET
Ficksburg	ZA
Fiddlesticks	CA
Fidenza	IT
Fiditi	NG
Fier	AL
Fier-Cifci	AL
Figeac	FR
Figline Valdarno	IT
Figtree	AU
Figueira da Foz	PT
Figueres	ES
Figuig	MA
Figuil	CM
Filadelfia	PY
Filakit	ET
Filderstadt	DE
Fili	RU
Filiasi	RO
Filingue	NE
Filipestii de Padure	RO
Fillmore	US
Filomeno Mata	MX
Financial District	US
Finchley	GB
Findlay	US
Finglas	IE
Finkenwerder	DE
Finlyandskiy	RU
Finneytown	US
Finnkolo	ML
Finote Selam	ET
Finspang	SE
Finsterwalde	DE
Fiorano	IT
Fiorenzuola d'Arda	IT
Firestone	US
Firmat	AR
Firminopolis	BR
Firminy	FR
Firozabad	IN
Firozpur	IN
Firozpur Jhirka	IN
Firuzabad	IR
Fisantekraal	ZA
Fischeln	DE
Fish Hawk	US
Fishers	US
Fishtown	US
Fitchburg	US
Fitzroy	AU
Fitzroy North	AU
Fiumicino	IT
Five Corners	US
Five Forks	US
Fizuli	AZ
Flagami	US
Flagstaff	US
Flakiedougou	CI
Flandes	CO
Flatbush	US
Flatlands	US
Flaxmere	NZ
Fleet	GB
Fleetwood	CA
Flemalle-Grande	BE
Flemalle-Haute	BE
Fleming Island	US
Flemingdon Park	CA
Flensburg	DE
Fleron	BE
Flers	FR
Fleurus	BE
Fleury-les-Aubrais	FR
Flint	US
Flitwick	GB
Floeha	DE
Floersheim	DE
Floirac	FR
Flong	DK
Flora	SR
Floral Park	US
Florange	FR
Florania	BR
Florence	IT
Florence-Graham	US
Florencia	CO
Florennes	BE
Flores	BR
Flores Costa Cuca	GT
Flores da Cunha	BR
Flores de Goias	BR
Floresta	BR
Floresta Azul	BR
Floresta do Araguaia	BR
Floresti	MD
Florestopolis	BR
Florham Park	US
Floriano	BR
Florianopolis	BR
Florida	CU
Florida City	US
Florida Paulista	BR
Florida Ridge	US
Floridablanca	CO
Floridia	IT
Floridsdorf	AT
Florin	US
Florina	GR
Florissant	US
Flower Mound	US
Flowing Wells	US
Fnidek	MA
Fo Tan	HK
Foca	TR
Fochville	ZA
Focsani	RO
Foggia	IT
Foggy Bottom	US
Fokino	RU
Foley	US
Folie Mericourt	FR
Foligno	IT
Folkestone	GB
Follonica	IT
Folsom	US
Folweni	ZA
Fomboni	KM
Fomento	CU
Fond Parisien	HT
Fond du Lac	US
Fondi	IT
Fonseca	CO
Fontaine	FR
Fontainebleau	FR
Fontana	US
Fontanar	CU
Fontarron	ES
Fonte Boa	BR
Fontem	CM
Fontenay-aux-Roses	FR
Fontenay-le-Comte	FR
Fontenay-le-Fleury	FR
Fontenay-sous-Bois	FR
Foothill Farms	US
Foothill Ranch	US
Footscray	AU
Forbach	FR
Forbesganj	IN
Forchheim	DE
Forde	NO
Fordham	US
Fordon	PL
Fords	US
Forecariah	GN
Forest	BE
Forest Acres	US
Forest City	US
Forest Grove	US
Forest Heights	CA
Forest Hill	GB
Forest Hill North	CA
Forest Hill South	CA
Forest Hills	US
Forest Lake	AU
Forest Park	US
Forestdale	US
Forestville	US
Forfar	GB
Forio	IT
Forli	IT
Formby	GB
Formia	IT
Formiga	BR
Formigine	IT
Formosa	AR
Formosa da Serra Negra	BR
Formosa do Rio Preto	BR
Formoso do Araguaia	BR
Fornacelle	IT
Forney	US
Forquilha	BR
Forquilhinha	BR
Forrest City	US
Forrest Hill	NZ
Forrestfield	AU
Forssa	FI
Forst	DE
Forster	AU
Fort Abbas	PK
Fort Atkinson	US
Fort Beaufort	ZA
Fort Bragg	US
Fort Campbell North	US
Fort Carson	US
Fort Cavazos	US
Fort Collins	US
Fort Dodge	US
Fort Drum	US
Fort Erie	CA
Fort Gloster	IN
Fort Hamilton	US
Fort Hunt	US
Fort Knox	US
Fort Lauderdale	US
Fort Lee	US
Fort Leonard Wood	US
Fort Liberte	HT
Fort Madison	US
Fort McMurray	CA
Fort Mill	US
Fort Morgan	US
Fort Myers	US
Fort Payne	US
Fort Pienc	ES
Fort Pierce	US
Fort Portal	UG
Fort Salonga	US
Fort Saskatchewan	CA
Fort Smith	US
Fort St. John	CA
Fort Thomas	US
Fort Walton Beach	US
Fort Washington	US
Fort Wayne	US
Fort William	GB
Fort Worth	US
Fort-de-France	MQ
Fortaleza	BR
Fortaleza dos Nogueiras	BR
Fortechnyi	UA
Fortim	BR
Fortin de las Flores	MX
Fortress Hill	HK
Fortuna	BR
Fortuna Foothills	US
Fos-sur-Mer	FR
Foshan	CN
Foso	GH
Fossano	IT
Fosses	FR
Foster City	US
Fostoria	US
Fot	HU
Fouchana	TN
Fougeres	FR
Foumban	CM
Foumbot	CM
Fountain	US
Fountain Hills	US
Fountain Valley	US
Fountainebleau	US
Four Corners	US
Fouriesburg	ZA
Fourmies	FR
Fox Chase	US
Fox Lake	US
Foxrock	IE
Foya	CN
Foya Kamara	LR
Foz do Douro	PT
Foz do Iguacu	BR
Fraccionamiento Ciudad Olmeca	MX
Fraccionamiento Geovillas los Pinos	MX
Fraccionamiento Real Palmas	MX
Fraccionamiento la Trinidad	MX
Fraga	ES
Fraiburgo	BR
Fraijanes	GT
Fraile Pintado	AR
Frameries	BE
Framingham	US
Framingham Center	US
Franca	BR
Francavilla Fontana	IT
Francavilla al Mare	IT
Franceville	GA
Francheville	FR
Francisco Beltrao	BR
Francisco I. Madero	MX
Francisco Morato	BR
Francisco Sa	BR
Francistown	BW
Franco da Rocha	BR
Francofonte	IT
Franconia	US
Franconville	FR
Franeker	NL
Frank Sound	KY
Frankenberg	DE
Frankenthal	DE
Frankford	US
Frankfort	ZA
Frankfurt (Oder)	DE
Frankfurt am Main	DE
Franklin	US
Franklin Lakes	US
Franklin Park	US
Franklin Square	US
Frankston	AU
Frankston East	AU
Frankston South	AU
Franschhoek	ZA
Franzoesisch Buchholz	DE
Frascati	IT
Fraser	US
Fraser Heights	CA
Fraserburgh	GB
Frasnes-lez-Buissenal	BE
Frattamaggiore	IT
Frattaminore	IT
Frauenfeld	CH
Fray Bentos	UY
Fray Luis A. Beltran	AR
Frecheirinha	BR
Frechen	DE
Fredericia	DK
Frederick	US
Fredericksburg	US
Frederickson	US
Frederico Westphalen	BR
Fredericton	CA
Fredericton Northside	CA
Frederiksberg	DK
Frederikshavn	DK
Frederikssund	DK
Frederiksvaerk	DK
Fredonia	CO
Fredrikstad	NO
Freehold	US
Freelandgunj	IN
Freeport	US
Freetown	SL
Freguesia do O	BR
Freguesia do Ribeirao da Ilha	BR
Freha	DZ
Frei Miguelinho	BR
Frei Paulo	BR
Freiberg	DE
Freiberg am Neckar	DE
Freiburg	DE
Freienbach	CH
Freilassing	DE
Freire	CL
Freising	DE
Freital	DE
Frejus	FR
Fremont	US
French Rocks	IN
Frenchs Forest	AU
Frenda	DZ
Frenstat pod Radhostem	CZ
Fresh Meadows	US
Fresia	CL
Fresnes	FR
Fresnillo	MX
Fresno	US
Freudenberg	DE
Freudenstadt	DE
Freyming-Merlebach	FR
Fria	GN
Fribourg	CH
Fridley	US
Friedberg	DE
Friedeburg	DE
Friedenau	DE
Friedland	DE
Friedrichsdorf	DE
Friedrichsfelde	DE
Friedrichshafen	DE
Friedrichshagen	DE
Friedrichshain Bezirk	DE
Friedrichsthal	DE
Friendswood	US
Friern Barnet	GB
Friesoythe	DE
Frimley	GB
Frinton-on-Sea	GB
Frischgewaagd	ZA
Frisco	US
Fritzlar	DE
Froendenberg	DE
Frohnau	DE
Frolovo	RU
Frome	GB
Fronan	CI
Front Royal	US
Fronteira	BR
Fronteiras	BR
Frontera	MX
Frontignan	FR
Frontino	CO
Frosinone	IT
Fruit Cove	US
Fruita	US
Fruitville	US
Frutal	BR
Fryanovo	RU
Fryazevo	RU
Fryazino	RU
Frydek-Mistek	CZ
Fu Cheong Estate	HK
Fu'an	CN
Fubang	CN
Fucecchio	IT
Fuchu	JP
Fuchucho	JP
Fuding	CN
Fudong	CN
Fuefuki	JP
Fuencarral	ES
Fuencarral-El Pardo	ES
Fuenfhaus	AT
Fuengirola	ES
Fuenlabrada	ES
Fuensalida	ES
Fuente Palmera	ES
Fuente del Berro	ES
Fuenterrabia	ES
Fuentes del Valle	MX
Fuerstenfeldbruck	DE
Fuerstenwalde	DE
Fuessen	DE
Fuguo	CN
Fuhlsbuettel	DE
Fuhuan	CN
Fujairah	AE
Fuji	JP
Fujia	CN
Fujieda	JP
Fujiidera	JP
Fujikawaguchiko	JP
Fujimi	JP
Fujimino	JP
Fujin	CN
Fujinomiya	JP
Fujioka	JP
Fujisaki	JP
Fujisawa	JP
Fujishiro	JP
Fujiyoshida	JP
Fuk Loi	HK
Fukagawa	JP
Fukawa	JP
Fukayacho	JP
Fuke	JP
Fuki	JP
Fukiage-fujimi	JP
Fukuchiyama	JP
Fukuecho	JP
Fukui-shi	JP
Fukumitsu	JP
Fukuoka	JP
Fukura	JP
Fukuroi	JP
Fukushima	JP
Fukutsu	JP
Fukuyama	JP
Fulad Shahr	IR
Fulda	DE
Fuldatal	DE
Fulham	GB
Fuling	CN
Fulkumari	IN
Fullerton	US
Fulton	US
Fulu	CN
Fulwood	GB
Fuman	IR
Funabori	JP
Funaishikawa	JP
Funchal	PT
Fundacion	CO
Fundao	BR
Fundong	CM
Funehikimachi-funehiki	JP
Funes	AR
Fung Tak Estate	HK
Fungurume	CD
Funtua	NG
Funyan Bira	ET
Funza	CO
Fuorigrotta	IT
Fuqing	CN
Fuquay-Varina	US
Furano	JP
Furmanov	RU
Furth	DE
Further Ground	KY
Furukawa	JP
Furukawamen	JP
Furzedown	GB
Fusagasuga	CO
Fushe-Kruje	AL
Fushimi	JP
Fushun	CN
Fuso	JP
Fussa	JP
Futaba	JP
Futian	CN
Futog	RS
Futrono	CL
Futtsu	JP
Fuvahmulah	MV
Fuwwah	EG
Fuxin	CN
Fuxing	CN
Fuyang	CN
Fuyong	CN
Fuyu	CN
Fuyuan	CN
Fuyun	CN
Fuzhou	CN
Fylde	GB
Fyzabad	IN
G'allaorol Shahri	UZ
G'azalkent	UZ
G'ijduvon Shahri	UZ
G'oliblar Qishlog'i	UZ
G'uzor	UZ
GJai GJong	VN
GJai Loc	VN
GJai Nghia	VN
GJai Quang	VN
GJakovo	HR
GJan Phuong	VN
GJien Ban	VN
GJinh Van	VN
GJo Son	VN
GJong GJa	VN
GJong Hoi	VN
GJong Xoai	VN
GJuc Pho	VN
GJuc Tho	VN
GJuc Trong	VN
Ga-Kgapane	ZA
Ga-Malakhe	ZA
Ga-Rankuwa	ZA
Gaalkacyo	SO
Gabane	BW
Gabarin	NG
Gabela	AO
Gabes	TN
Gabiadji	CI
Gaborone	BW
Gabriel Leyva Solano	MX
Gabrovo	BG
Gabu	GW
Gachancipa	CO
Gadag	IN
Gadag-Betageri	IN
Gadani	PK
Gadarwara	IN
Gaddi Annaram	IN
Gadhada	IN
Gadhinglaj	IN
Gadhra	IN
Gadkhol	IN
Gadouan	CI
Gadow-Popowice Poludniowe	PL
Gadsden	US
Gadwal	IN
Gadzhiyevo	RU
Gaellivare	SE
Gaenserndorf	AT
Gaesti	RO
Gaeta	IT
Gaevle	SE
Gafanha	PT
Gafargaon	BD
Gaffney	US
Gafour	TN
Gafsa	TN
Gagarawa	NG
Gagarin	RU
Gagarin Shahri	UZ
Gage Park	US
Gages Lake	US
Gaggenau	DE
Gagnoa	CI
Gagny	FR
Gagra	GE
Gahanna	US
Gahkuch	PK
Gaigeturi	KR
Gaildorf	DE
Gaillac	FR
Gaillard	FR
Gaimersheim	DE
Gainesville	US
Gainsborough	GB
Gairtganj	IN
Gaitania	CO
Gaithersburg	US
Gaj	PL
Gajendragarh	IN
Gajowice	PL
Gajraula	IN
Gajuwaka	IN
Gajwel	IN
Gakulnagar	IN
Galaat el Andeless	TN
Galagany	UA
Galanta	SK
Galaosiyo Shahri	UZ
Galapa	CO
Galapagar	ES
Galappo	TZ
Galashiels	GB
Galati	RO
Galatina	IT
Galatone	IT
Galatsi	GR
Galdakao	ES
Galdar	ES
Galeana	MX
Galebre	CI
Galena Park	US
Galeras	CO
Galesburg	US
Galesong	ID
Galich	RU
Galikesh	IR
Galion	US
Gallarate	IT
Gallatin	US
Galle	LK
Galliate	IT
Gallipoli	IT
Gallup	US
Gallus	DE
Galpadar	IN
Galt	US
Galugah	IR
Galvarino	CL
Galveston	US
Galvez	AR
Galway	IE
Gama	BR
Gamagori	JP
Gamarra	CO
Gamawa	NG
Gamba	GA
Gambat	PK
Gambela	ET
Gambettola	IT
Gambiran Satu	ID
Gambissar	GM
Gamboa	BR
Gamboma	CG
Gamboru	NG
Gamboula	CF
Gamdi	IN
Gameleira	BR
Gamla Uppsala	SE
Gamonal	ES
Gampengrejo	ID
Gamping Lor	ID
Gampola	LK
Gan Yavne	IL
Ganaur	IN
Ganda	AO
Gandai	IN
Gandajika	CD
Gander	CA
Ganderbal	IN
Ganderkesee	DE
Gandevi	IN
Gandhidham	IN
Gandhigram	IN
Gandhinagar	IN
Gandi	NG
Gandia	ES
Gandiaye	SN
Gandorhun	SL
Gandu	BR
Ganei Tikva	IL
Gangaikondan	IN
Gangakher	IN
Gangapur	IN
Gangarampur	IN
Gangavalli	IN
Gangavati	IN
Gangelt	DE
Ganghwa-gun	KR
Gangjia	CN
Gangneung	KR
Gangoh	IN
Gangolli	IN
Gangshang	CN
Gangtok	IN
Gangtou	CN
Gangu Chengguanzhen	CN
Ganguvarpatti	IN
Ganguwa	IN
Gangxia	CN
Ganh Hao	VN
Ganj Dundwara	IN
Ganja	AZ
Ganjam	IN
Ganki Un	MR
Gannan	CN
Gannavaram	IN
Ganning	CN
Gansbaai	ZA
Ganshoren	BE
Ganshui	CN
Ganta	LR
Gantang	CN
Gantt	US
Ganvie	BJ
Ganxi	CN
Ganye	NG
Ganzhou	CN
Gao	ML
Gao'an	CN
Gaofeng	CN
Gaogou	CN
Gaogu	CN
Gaojia	CN
Gaoliang	CN
Gaoliu	CN
Gaolou	CN
Gaomi	CN
Gaoping	CN
Gaoqiao	CN
Gaosheng	CN
Gaotian	CN
Gaoua	BF
Gaoulou	CI
Gaoyan	CN
Gaoyou	CN
Gaozhou	CN
Gaozuo	CN
Gap	FR
Gapan	PH
Gapyeong	KR
Gar	CN
Garacharma	IN
Garadag	SO
Garagoa	CO
Garango	BF
Garanhuns	BR
Gararu	BR
Garawol	GM
Garba Tula	KE
Garbagnate Milanese	IT
Garbahaarrey	SO
Garbsen	DE
Garca	BR
Garches	FR
Garching	DE
Garcia	MX
Gardabaer	IS
Gardabani	GE
Gardanne	FR
Gardelegen	DE
Garden Acres	US
Garden City	US
Garden Grove	US
Garden Village	CA
Gardena	US
Gardendale	US
Gardere	US
Gardez	AF
Gardner	US
Gardnerville Ranchos	US
Gardone Val Trompia	IT
Gare	FR
Garfield	US
Garfield Heights	US
Garforth	GB
Garges-les-Gonesse	FR
Gargzdai	LT
Garh Maharaja	PK
Garhakota	IN
Garhchiroli	IN
Garhi	IN
Garhi Khairo	PK
Garhi Pukhta	IN
Garhiyasin	PK
Garhmuktesar	IN
Garhshankar	IN
Garhwa	IN
Gariaband	IN
Gariadhar	IN
Garibaldi	BR
Garissa	KE
Garko	NG
Garland	US
Garmisch-Partenkirchen	DE
Garner	US
Garoowe	SO
Garopaba	BR
Garot	IN
Garoua	CM
Garoua Boulai	CM
Garrafao do Norte	BR
Garrel	DE
Garston	GB
Gartenstadt	DE
Gartringen	DE
Garupa	AR
Garut	ID
Garuva	BR
Garwolin	PL
Gary	US
Garzon	CO
Gashua	NG
Gaspar	BR
Gaspe	CA
Gasperich	LU
Gassol	NG
Gasteiz / Vitoria	ES
Gastonia	US
Gastown	CA
Gasuba	ET
Gatak	ID
Gatchina	RU
Gates-North Gates	US
Gateshead	GB
Gatesville	US
Gatineau	CA
Gatumba	BI
Gaur	NP
Gaurela	IN
Gauribidanur	IN
Gauripur	IN
Gaurnadi	BD
Gautampura	IN
Gautier	US
Gauting	DE
Gava	ES
Gavar	AM
Gavaravaram	IN
Gavere	BE
Gavrilov-Yam	RU
Gawane	ET
Gawler	AU
Gay	RU
Gaya	IN
Gayeri	BF
Gaz-e Borkhar	IR
Gaza	PS
Gazaoua	NE
Gazi	GR
Gaziantep	TR
Gazipasa	TR
Gazipur	BD
Gazojak	TM
Gaztambide	ES
Gbabam	CI
Gbabo	CI
Gbadolite	CD
Gbapleu	CI
Gbarnga	LR
Gbawe	GH
Gbetogo	CI
Gbletia	CI
Gbliglo	CI
Gboko	NG
Gbolouville	CI
Gbon	CI
Gbongan	NG
Gdansk	PL
Gdyel	DZ
Gdynia	PL
Gebeit	SD
Gebiley	SO
Gebog	ID
Gebre Guracha	ET
Gebze	TR
Gecheng	CN
Gedangan	ID
Gedeb	ET
Gedera	IL
Gediz	TR
Gedo	ET
Geel	BE
Geelong	AU
Geertruidenberg	NL
Geeste	DE
Geesthacht	DE
Gehrden	DE
Geidam	NG
Geidorf	AT
Geilenkirchen	DE
Geiro	TZ
Geisenheim	DE
Geislingen an der Steige	DE
Geita	TZ
Gejiu	CN
Gela	IT
Gelan	CN
Gelang Patah	MY
Geldermalsen	NL
Geldern	DE
Geldrop	NL
Geleen	NL
Gelemso	ET
Gelendzhik	RU
Gelibolu	TR
Gelligaer	GB
Gelnhausen	DE
Gelsenkirchen	DE
Gemas	MY
Gembloux	BE
Gembu	NG
Gemeinde Friedland	DE
Gemena	CD
Gemencheh	MY
Gemerek	TR
Gemert	NL
Gemlik	TR
Gemona	IT
Gemuenden am Main	DE
Genappe	BE
Genas	FR
Genc	TR
General Acha	AR
General Cabrera	AR
General Carneiro	BR
General Emilio Aguinaldo	PH
General Jose de San Martin	AR
General Mamerto Natividad	PH
General Miguel Aleman	MX
General Mosconi	AR
General Pacheco	AR
General Pico	AR
General Pinedo	AR
General Roca	AR
General Salgado	BR
General Salipada K. Pendatun	PH
General Santos	PH
General Tinio	PH
General Trias	PH
General Villegas	AR
Genet	ET
Geneva	US
Geneve	CH
Gengenbach	DE
Genhe	CN
Genk	BE
Gennep	NL
Gennevilliers	FR
Genoa	IT
Gent	BE
Gentbrugge	BE
Genteng	ID
Genthin	DE
Gentilly	FR
Gentio do Ouro	BR
Genzano di Roma	IT
Geoje	KR
George	ZA
George Town	MY
Georgetown	GY
Georgiyevsk	RU
Georgsmarienhuette	DE
Gera	DE
Geraardsbergen	BE
Gerakas	GR
Geraldton	AU
Gerardmer	FR
Gerash	IR
Gerede	TR
Gereida	SD
Gereshk	AF
Geretsried	DE
Gerik	MY
Gerimari Chapori	IN
Gerisek	MY
Gerlingen	DE
Germantown	US
Germasogeia	CY
Germencik	TR
Germering	DE
Germersheim	DE
Germi	IR
Germiston	ZA
Gernika-Lumo	ES
Gernsbach	DE
Gernsheim	DE
Gero	JP
Gerona	PH
Gerrards Cross	GB
Gerstetten	DE
Gersthofen	DE
Gerze	TR
Gescher	DE
Geseke	DE
Gesundbrunnen	DE
Getafe	ES
Getulina	BR
Getulio Vargas	BR
Getxo	ES
Gevas	TR
Gevelsberg	DE
Gevgelija	MK
Gevrai	IN
Geylang	SG
Geytepe	AZ
Geyve	TR
Ghadames	LY
Ghagga	IN
Ghanpur	IN
Ghantapada	IN
Ghanzi	BW
Gharaunda	IN
Ghardaia	DZ
Ghardimaou	TN
Gharo	PK
Gharonda Neemka Bangar	IN
Gharroli	IN
Gharyan	LY
Ghat	LY
Ghatal	IN
Ghatampur	IN
Ghatanji	IN
Ghatkesar	IN
Ghatsila	IN
Ghaura	IN
Ghauspur	PK
Ghayl Ba Wazir	YE
Ghazaouet	DZ
Ghaziabad	IN
Ghazieh	LB
Ghazipur	IN
Ghazni	AF
Ghedi	IT
Gheorgheni	RO
Gherla	RO
Ghim Moh	SG
Ghinnir	ET
Ghiror	IN
Ghitorni	IN
Ghogaon	IN
Ghogardiha	IN
Ghogha	IN
Ghorabandha	IN
Ghormach	AF
Ghosi	IN
Ghoti Budrukh	IN
Ghotki	PK
Ghubaysh	SD
Ghugus	IN
Ghulewadi	IN
Ghulja	CN
Gia Lam	VN
Gia Nghia	VN
Gia Rai	VN
Giaginskaya	RU
Giannitsa	GR
Giardinetti-Tor Vergata	IT
Giarre	IT
Giaveno	IT
Gibara	CU
Gibraleon	ES
Gibraltar	GI
Gibsonton	US
Giddalur	IN
Giddarbaha	IN
Gidi	IN
Gidole	ET
Gien	FR
Giengen an der Brenz	DE
Gierloz	PL
Giessen	DE
Gif-sur-Yvette	FR
Giffnock	GB
Giffoni Valle Piana	IT
Gifhorn	DE
Gifu	JP
Gigant	RU
Gigante	CO
Gihombo	RW
Gijang	KR
Gijon	ES
Gikongoro	RW
Gil	IN
Gilbert	US
Gilbues	BR
Gilching	DE
Gilgil	KE
Gilgit	PK
Gillette	US
Gillingham	GB
Gilly	BE
Gilroy	US
Gimbi	ET
Gimbicho	ET
Gimcheon	KR
Gimja Bet Maryam	ET
Gimpo-si	KR
Ginan	JP
Ginch'i	ET
Gines	ES
Gingee	IN
Gingoog	PH
Ginja Bet	ET
Ginosa	IT
Ginowan	JP
Ginsheim-Gustavsburg	DE
Gioia Tauro	IT
Gioia del Colle	IT
Gion	JP
Giovinazzo	IT
Gipsy Hill	GB
Girard Estate	US
Girardot City	CO
Girau do Ponciano	BR
Giresun	TR
Girga	EG
Giridih	IN
Giron	CO
Girona	ES
Girua	BR
Gisborne	NZ
Gisenyi	RW
Gislaved	SE
Gisors	FR
Gistel	BE
Gitarama	RW
Gitega	BI
Gitesi	RW
Githunguri	KE
Giugliano in Campania	IT
Giulianova	IT
Giurgiu	RO
Giussano	IT
Giv'at Shmuel	IL
Giv`at Hananya	IL
Givat Zeev	PS
Givatayim	IL
Givors	FR
Giyani	ZA
Giza	EG
Gizycko	PL
Gjakove	XK
Gjellerup	DK
Gjilan	XK
Gjirokaster	AL
Gjorce Petro	MK
Gjovik	NO
Glace Bay	CA
Gladbeck	DE
Gladenbach	DE
Gladesville	AU
Gladeview	US
Gladstone	AU
Glan	PH
Gland	CH
Glarus	CH
Glasgow	GB
Glassboro	US
Glassmanor	US
Glastonbury	US
Glauchau	DE
Glazoue	BJ
Glazov	RU
Glebe	AU
Glen Allen	US
Glen Avon	US
Glen Burnie	US
Glen Carbon	US
Glen Cove	US
Glen Ellyn	US
Glen Iris	AU
Glen Parva	GB
Glen Rock	US
Glen Waverley	AU
Glencoe	ZA
Glendale	US
Glendale Heights	US
Glendora	US
Glenferrie	AU
Glenfield	GB
Glenfield-Jane Heights	CA
Glenharvie	ZA
Glenmont	US
Glenmore Park	AU
Glenn Dale	US
Glenn Heights	US
Glenorchy	AU
Glenpool	US
Glenrothes	GB
Glenroy	AU
Glens Falls	US
Glenvar Heights	US
Glenview	US
Glenville	US
Glenwood	AU
Gligbeuadji	CI
Glinde	DE
Gliwice	PL
Glodeni	MD
Glogovac	XK
Glogow	PL
Gloria	BR
Gloria do Goita	BR
Glossop	GB
Glostrup	DK
Gloucester	CA
Gloucester City	US
Gloversville	US
Glowno	PL
Glubczyce	PL
Glubokiy	RU
Glubokoye	KZ
Glucholazy	PL
Glueckstadt	DE
Glugor	MY
Glyfada	GR
Gmunden	AT
Gnago	CI
Gnato	CI
Gnatroa	CI
Gnepasso	CI
Gniezno	PL
Gnititoigui	CI
Gnouboyo	CI
Go Cong	VN
Go Vap	VN
Goa	PH
Goalpara	IN
Goaso	GH
Goba	ET
Gobabis	NA
Gobardanga	IN
Gobernador Galvez	AR
Gobernador Virasora	AR
Gobesa	ET
Gobichettipalayam	IN
Gobindapur	IN
Gobindgarh	IN
Gobindpur	IN
Gobo	JP
Goch	DE
God	HU
Godalming	GB
Godda	IN
Gode	ET
Godean	ID
Godella	ES
Goderich	SL
Godfrey	US
Godhra	IN
Godo	JP
Godofredo Viana	BR
Godoli	IN
Godollo	HU
Godome	BJ
Goedereede	NL
Goekdepe	TM
Goeksun	TR
Goelbasi	TR
Goelcuek	TR
Goele	TR
Goelhisar	TR
Goelmarmara	TR
Goenen	TR
Goeppingen	DE
Goerdes	TR
Goerele	TR
Goerlitz	DE
Goerogly	TM
Goeruekle	TR
Goes	NL
Goesting	AT
Goeteborg	SE
Goettingen	DE
Goetzis	AT
Goeycay	AZ
Gogounou	BJ
Gogri Jamalpur	IN
Gogrial	SS
Goh	CI
Gohad	IN
Gohana	IN
Gohitafla	CI
Gohlis	DE
Gohouo	CI
Gohpur	IN
Gohyakkoku	JP
Goiana	BR
Goianapolis	BR
Goianesia	BR
Goianesia do Para	BR
Goiania	BR
Goianinha	BR
Goianira	BR
Goias	BR
Goiatins	BR
Goiatuba	BR
Goioere	BR
Goirle	NL
Gojo	JP
Gojra	PK
Gokak	IN
Gokalpur	IN
Gokarna	IN
Gokavaram	IN
Gokunda	IN
Gokwe	ZW
Gol'yanovo	RU
Gola Bazar	IN
Gola Gokarannath	IN
Golaghat	IN
Golbahar	IR
Golborne	GB
Gold Camp	US
Gold Canyon	US
Gold Coast	AU
Goldap	PL
Goldasht	IR
Goldbach	DE
Golden	US
Golden Gate	US
Golden Glades	US
Golden Grove	AU
Golden Triangle	US
Golden Valley	US
Goldenrod	US
Golders Green	GB
Goldsboro	US
Goleniow	PL
Golestan	IR
Goleta	US
Golitsyno	RU
Golovinskiy	RU
Golpayegan	IR
Golub-Dobrzyn	PL
Golungo Alto	AO
Golwayn	ET
Golyshmanovo	RU
Goma	CD
Gombe	NG
Gombi	NG
Gombong	ID
Gomboussougou	BF
Gomeneberi	CI
Gomez Palacio	MX
Gomoh	IN
Gomon	CI
Gonabad	IR
Gonaives	HT
Gonate	CI
Gonbad-e Kavus	IR
Gonda City	IN
Gondal	IN
Gonder	ET
Gondia	IN
Gondola	MZ
Gondomar	PT
Gonesse	FR
Gongchangling	CN
Gongdanglegi Kulon	ID
Gongguan	CN
Gongheyong	CN
Gongju	KR
Gongmen	CN
Gongoni	KE
Gongping	CN
Gongqingcheng	CN
Gongtan	CN
Gongyi	CN
Gongzhuling	CN
Goniana Mandi	IN
Goniri	NG
Gonsenheim	DE
Gonubie	ZA
Gonzales	US
Gonzalez	US
Goodings Grove	US
Goodlands	MU
Goodlettsville	US
Goodmayes	GB
Goodna	AU
Goodyear	US
Goole	GB
Goonellabah	AU
Goor	NL
Goose Creek	US
Gooty	IN
Gopalasamudram	IN
Gopalganj	IN
Gopamau	IN
Gopavaram	IN
Gora	PL
Gora Kalwaria	PL
Gorai	IN
Gorakhpur	IN
Goranboy	AZ
Gorantla	IN
Goraya	IN
Gorazde	BA
Gorbea	CL
Gorbitz	DE
Gordon Head	CA
Gore	TD
Gorelovo	RU
Gorgan	IR
Gorgonzola	IT
Gorgoram	NG
Gori	GE
Gorinchem	NL
Goris	AM
Gorizia	IT
Gorlice	PL
Gormi	IN
Gorna Oryahovitsa	BG
Gornji Milanovac	RS
Gorno-Altaysk	RU
Gornozavodsk	RU
Gornyak	RU
Gorod Shebekino	RU
Gorodets	RU
Gorodishche	RU
Gorodok	BY
Gorodoviki	RU
Goroka	PG
Gorokhovets	RU
Gorongosa	MZ
Gorontalo	ID
Goronyo	NG
Gorrakunta	IN
Gorseinon	GB
Goryachevodskiy	RU
Goryachiy Klyuch	RU
Gorzow Wielkopolski	PL
Gose	JP
Gosen	JP
Goseong	KR
Gosforth	GB
Goshainganj	IN
Goshaingaon	IN
Goshen	US
Goshogawara	JP
Goslar	DE
Gosnells	AU
Gosport	GB
Gossas Village	SN
Gossau	CH
Gosselies	BE
Gostivar	MK
Gostyn	PL
Gostynin	PL
Gotan	IN
Gotegaon	IN
Gotemba	JP
Goth Radhan	PK
Gotha	DE
Gothara	IN
Gotheye	NE
Goto	JP
Gotse Delchev	BG
Gotsucho	JP
Gottmadingen	DE
Gouda	NL
Goudi	CI
Goudomp	SN
Goulburn	AU
Goulds	US
Goulmima	MA
Goundam	ML
Goundi	TD
Gounou Gaya	TD
Gourane	CI
Gourcy	BF
Goure	NE
Gourock	GB
Goussainville	FR
Gouveia	BR
Govardhan	IN
Governador Archer	BR
Governador Celso Ramos	BR
Governador Dix-Sept Rosado	BR
Governador Edison Lobao	BR
Governador Eugenio Barros	BR
Governador Lindenberg	BR
Governador Mangabeira	BR
Governador Newton Bello	BR
Governador Nunes Freire	BR
Governador Valadares	BR
Govindgarh	IN
Gowurdak	TM
Goya	AR
Goyang-si	KR
Goyerkata	IN
Goygol	AZ
Goyty	RU
Goz Beida	TD
Gqeberha	ZA
Graaff Reinet	ZA
Graben-Neudorf	DE
Grabiszyn-Grabiszynek	PL
Grabiszynek	PL
Grabo	CI
Grabouw	ZA
Graca	PT
Gracanica	BA
Grace-Berleur	BE
Gracemere	AU
Gracia	ES
Gradacac	BA
Gradignan	FR
Gradiska	BA
Grafelfing	DE
Grafing bei Munchen	DE
Grafton	AU
Gragnano	IT
Graham	US
Grahamstown	ZA
Grain Valley	US
Grajales	MX
Grajau	BR
Grajewo	PL
Gramercy Park	US
Grammichele	IT
Gramoteino	RU
Gramsh	AL
Granada	ES
Granadero Baigorria	AR
Granadilla	CR
Granadilla de Abona	ES
Granby	CA
Grand Baie	MU
Grand Bayou Mobile Home Park	US
Grand Berebi	CI
Grand Boulevard	US
Grand Falls-Windsor	CA
Grand Forks	US
Grand Gosier	HT
Grand Haven	US
Grand Island	US
Grand Junction	US
Grand Prairie	US
Grand Rapids	US
Grand Terrace	US
Grand-Bassam	CI
Grand-Lahou	CI
Grand-Zattry	CI
Grande Prairie	CA
Grande-Synthe	FR
Grandola	PT
Grandview	US
Grandview-Woodlands	CA
Grandville	US
Graneros	CL
Grangemouth	GB
Granger	US
Grangwav	HT
Granite Bay	US
Granite City	US
Graniteville	US
Granja	BR
Granollers	ES
Grantham	GB
Grants Pass	US
Grantsville	US
Granville	AU
Grao Mogol	BR
Grao de Murviedro	ES
Grapevine	US
Grarem	DZ
Grass Valley	US
Grasse	FR
Graulhet	FR
Gravata	BR
Gravatai	BR
Gravatal	BR
Grave	NL
Gravelines	FR
Gravenhurst	CA
Gravesend	US
Gravina di Catania	IT
Gravina in Puglia	IT
Grays	GB
Grays Ferry	US
Grayslake	US
Graz	AT
Grazhdanka	RU
Great Bend	US
Great Bookham	GB
Great Falls	US
Great Harwood	GB
Great Kills	US
Great Malvern	GB
Great Neck	US
Great Sankey	GB
Great Wyrley	GB
Great Yarmouth	GB
Greater Grand Crossing	US
Greater Napanee	CA
Greater Noida	IN
Greater Northdale	US
Greater Sudbury	CA
Greater Upper Marlboro	US
Greatwood	US
Grebouo	CI
Greece	US
Greeley	US
Green	US
Green Bay	US
Green Haven	US
Green Model Town	BD
Green River	US
Green Valley	US
Greenacre	AU
Greenacres City	US
Greenbelt	US
Greenburgh	US
Greencastle	US
Greendale	US
Greeneville	US
Greenfield	US
Greenfield Park	CA
Greenford	GB
Greenlawn	US
Greenock	GB
Greenpoint	US
Greensboro	US
Greensborough	AU
Greensburg	US
Greentree	US
Greenvale	AU
Greenville	US
Greenway-Chaplin	CA
Greenwich	GB
Greenwood	US
Greenwood Village	US
Greenwood-Coxwell	CA
Greer	US
Grefrath	DE
Greiz	DE
Gremda	TN
Gremyachinsk	RU
Grenaa	DK
Grenada	US
Grenchen	CH
Grenoble	FR
Grenzach-Wyhlen	DE
Gresham	US
Gresik	ID
Gressier	HT
Gretna	US
Greve	DK
Greven	DE
Grevena	GR
Grevenbroich	DE
Grevesmuehlen	DE
Grey Lynn	NZ
Greystanes	AU
Greystones	IE
Greytown	ZA
Grez-Doiceau	BE
Gribanovskiy	RU
Gricignano di Aversa	IT
Gries	AT
Griesheim	DE
Griffin	US
Griffith	AU
Grigiskes	LT
Grigny	FR
Grijo	PT
Grimari	CF
Grimbergen	BE
Grimes	US
Grimma	DE
Grimmen	DE
Grimsby	GB
Grimstad	NO
Grivegnee	BE
Groairas	BR
Grobbendonk	BE
Grobenzell	DE
Grodzisk Mazowiecki	PL
Grodzisk Wielkopolski	PL
Groenlo	NL
Groesbeek	NL
Grogol	ID
Grojec	PL
Grombalia	TN
Gronau	DE
Groningen	NL
Groot IJsselmonde	NL
Groot-Brakrivier	ZA
Grootfontein	NA
Gropiusstadt	DE
Gros Islet	LC
Gross Flottbek	DE
Gross-Gerau	DE
Gross-Umstadt	DE
Gross-Zimmern	DE
Grossauheim	DE
Grosse Ile	US
Grosse Pointe Park	US
Grosse Pointe Woods	US
Grossenhain	DE
Grossenkneten	DE
Grosseto	IT
Grossostheim	DE
Grossraeschen	DE
Grottaferrata	IT
Grottaglie	IT
Grottammare	IT
Grove	GB
Grove City	US
Grovedale	AU
Groveland	US
Grover Beach	US
Groves	US
Groveton	US
Grovetown	US
Grozny	RU
Grudziadz	PL
Gruenberg	DE
Gruenstadt	DE
Grugliasco	IT
Grumo Appula	IT
Grumo Nevano	IT
Grunewald	DE
Grunwald	DE
Gryazi	RU
Gryazovets	RU
Gryfice	PL
Gryfino	PL
Grzegorzki	PL
Gua	IN
Gua Musang	MY
Guabiruba	BR
Guabo	EC
Guacara	VE
Guacari	CO
Guachochi	MX
Guacui	BR
Guadalajara	MX
Guadalajara de Buga	CO
Guadalupe	MX
Guadalupe Victoria	MX
Guadarrama	ES
Guadix	ES
Guaduas	CO
Guaianases	BR
Guaiba	BR
Guaicara	BR
Guaimaca	HN
Guaimaro	CU
Guaira	BR
Guaiuba	BR
Guajara	BR
Guajara Mirim	BR
Gualaceo	EC
Gualan	GT
Gualeguay	AR
Gualeguaychu	AR
Guama	VE
Guamal	CO
Guamare	BR
Guamo	CO
Guamuchil	MX
Guanabacoa	CU
Guanajay	CU
Guanajuato	MX
Guanambi	BR
Guanare	VE
Guanarito	VE
Guanba	CN
Guandu	CN
Guane	CU
Guang'an	CN
Guangcun	CN
Guanglu	CN
Guangpu	CN
Guangshui	CN
Guangshun	CN
Guangxing	CN
Guangyuan	CN
Guangzhou	CN
Guanhaes	BR
Guanhu	CN
Guankou	CN
Guanlong	CN
Guano	EC
Guanshan	CN
Guansheng	CN
Guantanamo	CU
Guanting	CN
Guanyang	CN
Guanyin	CN
Guanzhuang	CN
Guape	BR
Guapi	CO
Guapiacu	BR
Guapiara	BR
Guapiles	CR
Guapimirim	BR
Guapo	BR
Guapore	BR
Guar Chempedak	MY
Guara	BR
Guarabira	BR
Guaraci	BR
Guaraciaba	BR
Guaraciaba do Norte	BR
Guarai	BR
Guaramirim	BR
Guaranda	EC
Guaranesia	BR
Guaraniacu	BR
Guaranta do Norte	BR
Guarapari	BR
Guarapuava	BR
Guararapes	BR
Guararema	BR
Guaratinga	BR
Guaratingueta	BR
Guaratuba	BR
Guarda	PT
Guardamar del Segura	ES
Guarei	BR
Guarenas	VE
Guariba	BR
Guarne	CO
Guaruja	BR
Guarulhos	BR
Guasave	MX
Guasdualito	VE
Guasipati	VE
Guastalla	IT
Guastatoya	GT
Guatemala City	GT
Guatire	VE
Guaxupe	BR
Guayama	PR
Guayaquil	EC
Guayaramerin	BO
Guaynabo	PR
Guayos	CU
Guazacapan	GT
Guazapa	SV
Gubacsipuszta	HU
Gubadag	TM
Gubakha	RU
Gubat	PH
Gubbi	IN
Gubbio	IT
Guben	DE
Gubin	PL
Gubkin	RU
Gubkinskiy	RU
Guchang	CN
Gucheng	CN
Gucheng Chengguanzhen	CN
Gudalur	IN
Gudauri	GE
Guder	ET
Gudermes	RU
Gudivada	IN
Gudiyatham	IN
Gudlavalleru	IN
Gudong	CN
Gudur	IN
Guduvancheri	IN
Guebwiller	FR
Gueckedou	GN
Guediawaye	SN
Gueifaes	PT
Gueiguee	VE
Gueines	CU
Gueira de Melena	CU
Gueiria	VE
Guelendeng	TD
Guelma	DZ
Guelmim	MA
Guelnar	TR
Guelph	CA
Guemar	DZ
Guemueshacikoey	TR
Guemueshane	TR
Guengoeren Merter	TR
Guenzburg	DE
Guepaouo	CI
Guerande	FR
Guerara	DZ
Guercif	MA
Gueret	FR
Guergentepe	TR
Guerou	MR
Gueroymak	TR
Guerpinar	TR
Guerrero Negro	MX
Guersu	TR
Gueruen	TR
Guessabo	CI
Guestrow	DE
Guetersloh	DE
Gueyo	CI
Gueznaia	MA
Guezon	CI
Guezon-Tahouake	CI
Gugan	IR
Guia	ES
Guia de Isora	ES
Guiberoua	CI
Guidan Roumdji	NE
Guider	CM
Guidiguis	CM
Guidonia	IT
Guidonia Montecelio	IT
Guigang	CN
Guiglo	CI
Guiguinto	PH
Guihing Proper	PH
Guihulngan	PH
Guildford	GB
Guilford	US
Guilherand-Granges	FR
Guilin	CN
Guiljungan	PH
Guillena	ES
Guimar	ES
Guimaraes	PT
Guimba	PH
Guindalera	ES
Guinguineo	SN
Guipavas	FR
Guiping	CN
Guiratinga	BR
Guiren	CN
Guisa	CU
Guisborough	GB
Guiseley	GB
Guiset East	PH
Guitry	CI
Guiuan	PH
Guixi	CN
Guiyang	CN
Gujan-Mestras	FR
Gujangbagh	CN
Gujar Khan	PK
Gujba	NG
Gujo	JP
Gujranwala	PK
Gujrat	PK
Gukovo	RU
Gul'cha	KG
Gul'kevichi	RU
Gulabpura	IN
Gulaothi	IN
Gulariya	NP
Gulebage	CN
Guledagudda	IN
Gulf Gate Estates	US
Gulf Shores	US
Gulfport	US
Gulgam	IN
Guli	CN
Gulin	CN
Guliston	UZ
Gulou	CN
Gulpilhares	PT
Gulu	UG
Gumaca	PH
Gumare	BW
Gumdag	TM
Gumel	NG
Gumi	KR
Gumia	IN
Gumla	IN
Gummersbach	DE
Gummi	NG
Gummidipundi	IN
Guna	IN
Gunan	CN
Gundelfingen	DE
Gundlupet	IN
Gundupalaiyam	IN
Gunjur	GM
Gunnaur	IN
Gunpo	KR
Gunsan	KR
Guntakal	IN
Guntupalle	IN
Guntur	IN
Gunungsitoli	ID
Gununo	ET
Gunupur	IN
Gunzenhausen	DE
Guochuan	CN
Guocun	CN
Guofu	CN
Guohe	CN
Guojia	CN
Guolemude	CN
Guoliang	CN
Guozhen	CN
Gupi	CN
Gur'yevsk	RU
Gura Humorului	RO
Gurbete	ET
Gurdaspur	IN
Gurh	IN
Guri-si	KR
Gurinhem	BR
Gurlan	UZ
Gurmatkal	IN
Gurnee	US
Gursahaiganj	IN
Gursarai	IN
Guru Har Sahai	IN
Gurue	MZ
Gurugram	IN
Gurun	MY
Gurupa	BR
Gurupi	BR
Guruvayur	IN
Gus'-Khrustal'nyy	RU
Gusau	NG
Gusev	RU
Gushikawa	JP
Gushu	CN
Gusinoozyorsk	RU
Guskhara	IN
Gusong	CN
Guspini	IT
Gussago	IT
Gustavo Adolfo Madero	MX
Gustavsberg	SE
Gutao	CN
Guthrie	US
Gutierrez Zamora	MX
Gutin	ET
Gutlong Gaon	IN
Guttenberg	US
Guwahati	IN
Guxi	CN
Guxian	CN
Guyancourt	FR
Guye	CN
Guymon	US
Guyong	PH
Guyuan	CN
Gvardeysk	RU
Gwa	MM
Gwadabawa	NG
Gwadar	PK
Gwalior	IN
Gwanda	ZW
Gwandu	NG
Gwangju	KR
Gwangmyeong	KR
Gwangyang	KR
Gwaram	NG
Gwarzo	NG
Gweru	ZW
Gwoza	NG
Gwynn Oak	US
Gyal	HU
Gyanpur	IN
Gyeongju	KR
Gyeongsan-si	KR
Gympie	AU
Gyoda	JP
Gyomaendrod	HU
Gyomro	HU
Gyongyos	HU
Gyor	HU
Gyula	HU
Gyumri	AM
Gzira	MT
H Street NE	US
Ha GJong	VN
Ha Giang	VN
Ha Long	VN
Ha Tien	VN
Ha Tinh	VN
Ha Tsuen	HK
Ha'ergai Dadui	CN
Ha'il	SA
Haaga	FI
Haaksbergen	NL
Haaltert	BE
Haan	DE
Haapsalu	EE
Haar	DE
Haarlem	NL
Habaswein	KE
Habbouch	LB
Habibpur	IN
Habiganj	BD
Habikino	JP
Habra	IN
Hachimantai	JP
Hachinohe	JP
Hachioji	JP
Hachirud	IR
Haci Zeynalabdin	AZ
Hacienda Heights	US
Hacienda La Calera	CL
Hacienda Santa Fe	MX
Hacilar	TR
Haciqabul	AZ
Hackensack	US
Had Soualem	MA
Hada'iq al Qubbah	EG
Hadagalli	IN
Hadali	PK
Hadamar	DE
Hadano	JP
Hadapu Zhen	CN
Haddington	US
Haddonfield	US
Hadejia	NG
Hadera	IL
Hadero	ET
Haderslev	DK
Hadgaon	IN
Hadgood	IN
Hadiaya	IN
Hadim	TR
Hadithah	IQ
Hadjout	DZ
Hadleigh	GB
Hadley	GB
Hadley Wood	GB
Hadong	KR
Hadyach	UA
Haedo	AR
Haeju	KP
Haemeenkyroe	FI
Haemeenlinna	FI
Haenam	KR
Haernoesand	SE
Haesselby Villastad	SE
Haessleholm	SE
Hafar Al-Batin	SA
Hafizabad	PK
Haflong	IN
Hafnarfjoerdur	IS
Hafshejan	IR
Haftkel	IR
Hagen	DE
Hagenow	DE
Hagere Hiywet	ET
Hagere Maryam	ET
Hagerstown	US
Hagi	JP
Hagonoy	PH
Haguenau	FR
Hai Ba Trung	VN
Hai Chau	VN
Hai Duong	VN
Haibara-akanedai	JP
Haicheng	CN
Haidong Zhen	CN
Haifa	IL
Haiger	DE
Haigerloch	DE
Haikou	CN
Hailakandi	IN
Hailar	CN
Hailin	CN
Hailsham	GB
Hailun	CN
Haimen	CN
Haines City	US
Haining	CN
Haiphong	VN
Haitang	CN
Haitou	CN
Haiyang	CN
Haizhou	CN
Hajan	IN
Hajduboszormeny	HU
Hajduhadhaz	HU
Hajdunanas	HU
Hajdusamson	HU
Hajduszoboszlo	HU
Haje	CZ
Hajeb el Aioun	TN
Hajiawa	IQ
Hajiganj	BD
Hajin	SY
Hajipur	IN
Hajira	PK
Hajjah	YE
Hajjiabad	IR
Hajnowka	PL
Hajo	IN
Hakenfelde	DE
Hakha	MM
Hakkari	TR
Hakodate	JP
Hakone	JP
Hakonegasaki	JP
Hakui	JP
Hakunila	FI
Hakuromachi	JP
Hala	PK
Hala'ib	EG
Halabja	IQ
Halapitan	PH
Halawa	US
Halawa Heights	US
Halayhay	PH
Halberstadt	DE
Haldaur	IN
Halden	NO
Haldensleben I	DE
Haldia	IN
Haldibari	IN
Haldwani	IN
Hale	GB
Halensee	DE
Halesowen	GB
Halewood	GB
Half Moon Bay	US
Half Way Tree	JM
Halfaya	SY
Halfway	US
Halhul	PS
Halifax	CA
Halifax North End	CA
Halifax South End	CA
Halifax West End	CA
Halisahar	IN
Haliyal	IN
Hall in Tirol	AT
Hallam	AU
Hallandale Beach	US
Halle	BE
Halle (Saale)	DE
Halle-Neustadt	DE
Hallett Cove	AU
Halls Head	AU
Hallstahammar	SE
Halluin	FR
Halmstad	SE
Halol	IN
Halstead	GB
Halstenbek	DE
Halswell	NZ
Haltern am See	DE
Haltom City	US
Halton Hills	CA
Haludbani	IN
Haludpukhur	IN
Halvad	IN
Halver	DE
Halwan	EG
Ham Lake	US
Ham Ninh	VN
Hamada	JP
Hamadan	IR
Hamah	SY
Hamakita	JP
Hamamatsu	JP
Hamanoichi	JP
Hamar	NO
Hamasaka	JP
Hambantota	LK
Hambuhren	DE
Hamburg	DE
Hamburg-Mitte	DE
Hamburg-Nord	DE
Hamden	US
Hameln	DE
Hamhung	KP
Hami	CN
Hamilton	CA
Hamilton East	NZ
Hamilton Hill	AU
Hamilton Square	US
Hamina	FI
Hamirgarh	IN
Hamirpur	IN
Hamm	DE
Hamma Bouziane	DZ
Hammam Bou Hadjar	DZ
Hammam Sousse	TN
Hammam-Lif	TN
Hammamet	TN
Hammanskraal	ZA
Hamme	BE
Hammelburg	DE
Hammerfest	NO
Hamminkeln	DE
Hammond	US
Hammonton	US
Hampi	IN
Hampton	US
Hampton Bays	US
Hampton Park	AU
Hampton Wick	GB
Hamtramck	US
Hamura	JP
Hamza	UZ
Han'airike	CN
Hanahan	US
Hanam	KR
Hanamaki	JP
Hanau am Main	DE
Hanawa	JP
Hanbin	CN
Hanceville	CA
Hancheng	CN
Hanchuan	CN
Handa	JP
Handan	CN
Handen	SE
Handeni	TZ
Handia	IN
Handlova	SK
Handwara	IN
Haneda	JP
Haney	CA
Hanfeng	CN
Hanford	US
Hang Dong	TH
Hang Hau	HK
Hang Tram	VN
Hangal	IN
Hangu	CN
Hangzhou	CN
Hani	TR
Hanimciftligi	TR
Haninge	SE
Hanjia	CN
Hankey	ZA
Hanlin	CN
Hannan	JP
Hannibal	US
Hannie	CI
Hanno	JP
Hannover	DE
Hannoversch Muenden	DE
Hannut	BE
Hanoi	VN
Hanover	US
Hanover Park	US
Hansestadt Stade	DE
Hansi	IN
Hanson	US
Hansot	IN
Hanting	CN
Hantsavichy	BY
Hanumana	IN
Hanumangarh	IN
Hanumantanpatti	IN
Hanur	IN
Hanwang	CN
Hanwella Ihala	LK
Hanworth	GB
Hanyin Chengguanzhen	CN
Hanyu	JP
Hanyuan	CN
Hanzhong	CN
Haojiaqiao	CN
Haomen	CN
Happy Valley	US
Hapur	IN
Haql	SA
Haqqulobod	UZ
Hara	JP
Hara-machida	JP
Haramachi	JP
Harappa	PK
Harar	ET
Harare	ZW
Harare Western Suburbs	ZW
Harasta	SY
Harbel	LR
Harbin	CN
Harbour Landing	CA
Harbu	ET
Harburg	DE
Hard	AT
Harda	IN
Hardenberg	NL
Harderwijk	NL
Harding	ZA
Hardoi	IN
Harduaganj	IN
Harelbeke	BE
Haren	DE
Hargeysa	SO
Haridwar	IN
Harihar	IN
Harij	IN
Haripad	IN
Haripur	PK
Harker Heights	US
Harlau	RO
Harlem	US
Harlesden	GB
Harlingen	US
Harlow	GB
Harmanli	BG
Harnai	PK
Harnes	FR
Harnoli	PK
Haro	ES
Harold Wood	GB
Harpalpur	IN
Harpanahalli	IN
Harpen	DE
Harpenden	GB
Harper	LR
Harper Woods	US
Harrai	IN
Harran	TR
Harringay	GB
Harrington Park	AU
Harrisburg	US
Harrislee	DE
Harrismith	ZA
Harrison	US
Harrisonburg	US
Harrogate	GB
Harrow	GB
Harrow Road	GB
Harrow Weald	GB
Harrow on the Hill	GB
Harsefeld	DE
Harsewinkel	DE
Harsin	IR
Harsova	RO
Harstad	NO
Harsud	IN
Harsum	DE
Hartbeesfontein	ZA
Hartbeespoort	ZA
Hartbeestfontein-A	ZA
Hartford	US
Hartishek	ET
Hartlepool	GB
Hartley	GB
Hartranft	US
Hartselle	US
Hartshill	GB
Harunabad	PK
Harur	IN
Haruta	JP
Harvestehude	DE
Harvey	US
Harwich	GB
Hasaki	JP
Hasanpur	IN
Hasbergen	DE
Hasbrouck Heights	US
Haselhorst	DE
Haseluenne	DE
Hashima	JP
Hashimoto	JP
Hashtgerd	IR
Hashtpar	IR
Hashtrud	IR
Hashtsal	IN
Hasilpur	PK
Hasimara	IN
Hasir	IN
Haskovo	BG
Haslemere	GB
Haslett	US
Haslev	DK
Haslingden	GB
Haspra	UA
Hassan	IN
Hasselt	BE
Hassfurt	DE
Hassi Bahbah	DZ
Hassi Messaoud	DZ
Hassloch	DE
Hastinapur	IN
Hastings	GB
Hastings-Sunrise	CA
Hasuda	JP
Hasune	JP
Hat Piplia	IN
Hat Yai	TH
Hata	IN
Hatcho-muta	JP
Hateg	RO
Hatert	NL
Hatfield	GB
Hathazari	BD
Hathras	IN
Hatne	UA
Hato Mayor del Rey	DO
Hatod	IN
Hatogaya-honcho	JP
Hatoyama	JP
Hatsukaichi	JP
Hatta	IN
Hattane	MA
Hattem	NL
Hatten	DE
Hattersheim	DE
Hatti	IN
Hattian Bala	PK
Hattiesburg	US
Hattin	IN
Hattingen	DE
Hatton	LK
Hatvan	HU
Hatwans	IN
Hau-ri	KP
Haubourdin	FR
Haugesund	NO
Haukipudas	FI
Hauppauge	US
Hausbruch	DE
Hauterive	CA
Hautmont	FR
Hauzenberg	DE
Havana	CU
Havanna-lakotelep	HU
Havant	GB
Haveli Lakha	PK
Havelian	PK
Havelock	US
Havelock North	NZ
Haverfordwest	GB
Haverhill	US
Haveri	IN
Haverstraw	US
Havertown	US
Havirov	CZ
Havixbeck	DE
Havlickuv Brod	CZ
Havran	TR
Havre de Grace	US
Havza	TR
Hawai'i Kai	US
Hawaiian Gardens	US
Hawaiian Paradise Park	US
Hawalli	KW
Hawarden	GB
Hawera	NZ
Hawick	GB
Hawkesbury	CA
Hawr al 'Anz	AE
Hawsh 'Isa	EG
Hawthorn	AU
Hawthorn East	AU
Hawthorn South	AU
Hawthorne	US
Haxby	GB
Hayama	JP
Hayang	KR
Hayange	FR
Hayashima	JP
Hayashino	JP
Hayden	US
Haydock	GB
Hayes	GB
Hayesville	US
Hayk'	ET
Hayling Island	GB
Haymana	TR
Hayrabolu	TR
Hays	US
Haysville	US
Haysyn	UA
Hayvoron	UA
Hayward	US
Haywards Heath	GB
Hayy Khilda	JO
Hayy al Quwaysimah	JO
Haz-Zebbug	MT
Hazar	TM
Hazaribagh	IN
Hazebrouck	FR
Hazel Crest	US
Hazel Dell	US
Hazel Grove	GB
Hazel Park	US
Hazelmere	ZA
Hazelwood	US
Hazleton	US
Hazorasp	UZ
Hazro City	PK
Head of Westport	US
Headstone	GB
Healdsburg	US
Heanor	GB
Heath	US
Heavitree	GB
Heba	CN
Hebao	CN
Hebbagodi	IN
Hebburn	GB
Hebi	CN
Hebian	CN
Hebron	PS
Hecelchakan	MX
Hechi	CN
Hechingen	DE
Hechuan	CN
Heckmondwike	GB
Hecun	CN
Hedaru	TZ
Heddesheim	DE
Hede	CN
Hedehusene	DK
Hedensted	DK
Hedge End	GB
Hedon	GB
Hedong	CN
Heemskerk	NL
Heemstede	NL
Heerenveen	NL
Heerhugowaard	NL
Heerlen	NL
Heesch	NL
Hefei	CN
Hefeng	CN
Hegang	CN
Hegeng	CN
Heggadadevankote	IN
Hegou	CN
Heguan	CN
Heho	MM
Hehua	CN
Heide	DE
Heidelberg	DE
Heidenau	DE
Heidenheim an der Brenz	DE
Heihe	CN
Heilbad Heiligenstadt	DE
Heilbron	ZA
Heilbronn	DE
Heiligenhaus	DE
Heiligensee	DE
Heiloo	NL
Heinola	FI
Heinsberg	DE
Heishan	CN
Heishui	CN
Heist	BE
Heist-op-den-Berg	BE
Heitai	CN
Heiwadai	JP
Heixi	CN
Hejiang	CN
Hekimhan	TR
Hekinan	JP
Hekou	CN
Helao Nafidi	NA
Helchteren	BE
Helena	US
Helena-West Helena	US
Helensburgh	GB
Helensvale	AU
Heli Mandi	IN
Helin	CN
Heliopolis	DZ
Hell's Kitchen	US
Hell-Ville	MG
Hellersdorf	DE
Hellevoetsluis	NL
Hellin	ES
Helmond	NL
Helmstedt	DE
Helong	CN
Helsingborg	SE
Helsingor	DK
Helsinki	FI
Helston	GB
Hem	FR
Hemel Hempstead	GB
Hemer	DE
Hemet	US
Hemmingen	DE
Hempstead	US
Hemsbach	DE
Hendala	LK
Hendaye	FR
Hendek	TR
Henderson	US
Henderson Estate	SG
Hendersonville	US
Hendrik-Ido-Ambacht	NL
Hendrina	ZA
Heng Fa Chuen	HK
Hengbei	CN
Hengchun	TW
Hengelo	NL
Henghe	CN
Hengshan	CN
Hengshui	CN
Hengyang	CN
Henichesk	UA
Henin-Beaumont	FR
Henley-on-Thames	GB
Henlow	GB
Hennaya	DZ
Hennebont	FR
Hennef (Sieg)	DE
Hennenman	ZA
Hennigsdorf	DE
Henrietta	US
Henry Farm	CA
Hepingjie	CN
Hepo	CN
Heppenheim an der Bergstrasse	DE
Hepu	CN
Heqian	CN
Heqiao	CN
Heqing	CN
Herat	AF
Herblay-sur-Seine	FR
Herborn	DE
Herbrechtingen	DE
Herceg Novi	ME
Hercules	US
Herdecke	DE
Heredia	CR
Hereford	GB
Herent	BE
Herentals	BE
Herford	DE
Hericourt	FR
Herisau	CH
Herk-de-Stad	BE
Hermanus	ZA
Hermiston	US
Hermitage	US
Hermosa	PH
Hermosa Beach	US
Hermosillo	MX
Hermsdorf	DE
Hernals	AT
Hernando	US
Hernani	ES
Herndon	US
Herne	DE
Herne Bay	GB
Herning	DK
Heroica Caborca	MX
Heroica Ciudad de Juchitan de Zaragoza	MX
Heroica Ciudad de Tlaxiaco	MX
Heroica Guaymas	MX
Heroica Matamoros	MX
Heroica Villa de San Blas Atempa	MX
Heroica Zitacuaro	MX
Herouville-Saint-Clair	FR
Herrenberg	DE
Herriman	US
Herrin	US
Herrsching am Ammersee	DE
Hersbruck	DE
Herselt	BE
Hershey	US
Herstal	BE
Herten	DE
Hertford	GB
Herttoniemi	FI
Hertzogville	ZA
Herval dOeste	BR
Hervanta	FI
Hervanta luode	FI
Herve	BE
Hervey Bay	AU
Herxheim am Berg	DE
Herzberg	DE
Herzberg am Harz	DE
Herzele	BE
Herzliya	IL
Herzliya Pituah	IL
Herzogenaurach	DE
Herzogenrath	DE
Heshan	CN
Heshun	CN
Hespeler	CA
Hesperia	US
Hessisch Lichtenau	DE
Hessisch Oldendorf	DE
Heston	GB
Heswall	GB
Hetauda	NP
Hetoudian	CN
Hetton-Le-Hole	GB
Hettstedt	DE
Heubach	DE
Heule	BE
Heunghae	KR
Heusden	BE
Heusenstamm	DE
Heusweiler	DE
Heusy	BE
Heverlee	BE
Heves	HU
Hevie	BJ
Hewitt	US
Hexham	GB
Hexing	CN
Heyan	CN
Heyou	CN
Heysham	GB
Heyuan	CN
Heywood	GB
Heze	CN
Hezhou	CN
Hezuo	CN
Hialeah	US
Hialeah Gardens	US
Hibbing	US
Hickory	US
Hickory Hills	US
Hicksville	US
Hida	JP
Hidaka	JP
Hidalgo	MX
Hidalgo del Parral	MX
Hidden Valley	CA
Hiddenhausen	DE
Hidirbey	TR
Hidrolandia	BR
Hietzing	AT
Higashi-Matsuyama	JP
Higashiagatsuma	JP
Higashigo	JP
Higashigotanda	JP
Higashihiroshima	JP
Higashikagawa	JP
Higashikagura	JP
Higashikurume	JP
Higashimatsushima	JP
Higashimoricho	JP
Higashimurayama	JP
Higashine	JP
Higashinozoe	JP
Higashiosaka	JP
Higashiyamato	JP
High Blantyre	GB
High Park North	CA
High Park-Swansea	CA
High Peak	GB
High Point	US
High River	CA
High Wycombe	GB
Highams Park	GB
Highbury	GB
Highett	AU
Highgate	GB
Highland	US
Highland City	US
Highland Creek	CA
Highland Park	US
Highland Springs	US
Highland Village	US
Highland West	CA
Highlands Ranch	US
Highton	AU
Highview	US
Higuerote	VE
Hihya	EG
Hiji	JP
Hikari	JP
Hikarigaoka	JP
Hikawadai	JP
Hikiso	JP
Hikone	JP
Hilchenbach	DE
Hildburghausen	DE
Hilden	DE
Hildesheim	DE
Hillarys	AU
Hillcrest	NZ
Hillcrest Heights	US
Hillcrest Village	CA
Hille	DE
Hillegom	NL
Hillerod	DK
Hilliard	US
Hillingdon	GB
Hillsboro	US
Hillsborough	US
Hillsdale	US
Hillside	US
Hilo	US
Hilpoltstein	DE
Hilsa	IN
Hilter	DE
Hilton Head	US
Hilton Head Island	US
Hilvan	TR
Hilversum	NL
Hima	UG
Himamaylan	PH
Himatnagar	IN
Himeji	JP
Himi	JP
Himimachi	JP
Himora	ER
Hinakallu	IN
Hinatuan	PH
Hincesti	MD
Hinche	HT
Hinchinbrook	AU
Hinckley	GB
Hindalgi	IN
Hindaun	IN
Hindley	GB
Hindoria	IN
Hindupur	IN
Hinesville	US
Hing Wah Estate (I & II)	HK
Hinganghat	IN
Hingoli	IN
Hingorja	PK
Hinigaran	PH
Hinis	TR
Hinjawadi	IN
Hinjilicut	IN
Hino	JP
Hinsdale	US
Hinthada	MM
Hinwil	CH
Hirado	JP
Hiragi	JP
Hirai	JP
Hirakata	JP
Hirakawa	JP
Hirakud	IN
Hiranai	JP
Hirao	JP
Hirara	JP
Hiratacho	JP
Hiratsuka	JP
Hire	CI
Hirekerur	IN
Hiriyur	IN
Hirna	ET
Hirnyk	UA
Hirnytskyi	UA
Hirobaba	JP
Hirokawa	JP
Hirosaki	JP
Hiroshima	JP
Hirschaid	DE
Hirson	FR
Hisai-motomachi	JP
Hisar	IN
Hisor	TJ
Hispanoamerica	ES
Hisua	IN
Hit	IQ
Hita	JP
Hitachi	JP
Hitachi-Naka	JP
Hitachi-ota	JP
Hitachiomiya	JP
Hitchin	GB
Hitokawame	JP
Hitoto	JP
Hitoyoshi	JP
Hizan	TR
Hizume	JP
Hjorring	DK
Hlaingthaya	MM
Hlanganani	ZA
Hlaw Kar	MM
Hlegu	MM
Hlinsko	CZ
Hlohlolwane	ZA
Hlohovec	SK
Hlotse	LS
Hloubetin	CZ
Hlubocepy	CZ
Hlucin	CZ
Hlukhiv	UA
Hlybokaye	BY
Hmaw Bi	MM
Hnivan	UA
Ho	GH
Ho Chi Minh City	VN
Ho Man Tin	HK
Ho Man Tin Estate	HK
Ho Xa	VN
Hoa Binh	VN
Hoa Cuong	VN
Hoa Thanh	VN
Hoan Kiem	VN
Hoang Mai	VN
Hobaramachi	JP
Hobart	AU
Hobbs	US
Hobe Sound	US
Hoboken	US
Hobro	DK
Hobyo	SO
Hochfeld	DE
Hochheim am Main	DE
Hochstadt an der Aisch	DE
Hockaday	CA
Hockenheim	DE
Hockessin	US
Hockley	GB
Hod HaSharon	IL
Hodal	IN
Hodatsushimizu	JP
Hoddesdon	GB
Hodmezovasarhely	HU
Hodonin	CZ
Hoechst im Odenwald	DE
Hoeganaes	SE
Hoehenberg	DE
Hoeilaart	BE
Hoellviken	SE
Hoemul-li	KP
Hoensbroek	NL
Hoeoer	SE
Hoerde	DE
Hoerstel	DE
Hoeryong	KP
Hoetting	AT
Hoexter	DE
Hoeyang	KP
Hof	DE
Hoffman Estates	US
Hofgeismar	DE
Hofheim am Taunus	DE
Hofu	JP
Hoge Vucht	NL
Hoheluft-Ost	DE
Hoheluft-West	DE
Hohen Neuendorf	DE
Hohenems	AT
Hohenstein-Ernstthal	DE
Hohhot	CN
Hohoe	GH
Hoi An	VN
Hoi Lai Estate	HK
Hoima	UG
Hojai	IN
Hojambaz	TM
Hojo	JP
Hok Yuen	HK
Hokota	JP
Hokowhitu	NZ
Hokuto	JP
Hola	KE
Hola Prystan	UA
Holalkere	IN
Holambra	BR
Holbaek	DK
Holboca	RO
Holborn	GB
Holbrook	US
Holden	US
Holenarasipura	IN
Holesov	CZ
Holesovice	CZ
Holguin	CU
Holic	SK
Holiday	US
Holiday City-Berkeley	US
Holladay	US
Holland	US
Holland Drive	SG
Holland Village	SG
Hollins	US
Hollinwood	GB
Hollis	US
Hollister	US
Holliston	US
Hollogne-aux-Pierres	BE
Hollola	FI
Holloway	GB
Holly Hill	US
Holly Springs	US
Hollywood	US
Holmesburg	US
Holon	IL
Holosiyiv	UA
Holstebro	DK
Holt	US
Holtsville	US
Holubivka	UA
Holyhead	GB
Holyoke	US
Holywood	GB
Holzgerlingen	DE
Holzkirchen	DE
Holzminden	DE
Holzwickede	DE
Homa Bay	KE
Homagama	LK
Homai	NZ
Homberg	DE
Hombruch	DE
Homburg	DE
Home Gardens	US
Homer Glen	US
Homestead	US
Homewood	US
Homnabad	IN
Homosassa Springs	US
Homs	SY
Homyel'	BY
Honcho	JP
Honda	CO
Hondomachi-hondo	JP
Honefoss	NO
Hong Kah	SG
Hong Kong	HK
Hong Kong Island	HK
Hong Linh	VN
Hong Lok Yuen	HK
Hong Ngu	VN
Hong'an	CN
Hongbao	CN
Hongch'on	KR
Hongchuan	CN
Hongfa Centre	CN
Honggang	CN
Hongguang Qidui	CN
Honghe	CN
Honghu	CN
Hongjiang	CN
Hongkou	CN
Honglu	CN
Hongo	JP
Hongqiao	CN
Hongseong	KR
Hongtu	CN
Hongwon	KP
Hongzhou	CN
Honiara	SB
Honiton	GB
Honjo	JP
Honmachi	JP
Honnali	IN
Honnavar	IN
Honolulu	US
Hoofddorp	NL
Hoogeveen	NL
Hoogezand	NL
Hoogkerk	NL
Hoogland	NL
Hoogstraten	BE
Hoogvliet	NL
Hook	GB
Hoopstad	ZA
Hoorn	NL
Hoover	US
Hopa	TR
Hopatcong	US
Hopatcong Hills	US
Hope Island	AU
Hope Mills	US
Hopewell	US
Hopin	MM
Hopital Saint-Louis	FR
Hopkins	US
Hopkinsville	US
Hoppers Crossing	AU
Horad Zhodzina	BY
Horasan	TR
Horb am Neckar	DE
Horbury	GB
Horgen	CH
Horikiri	JP
Horikoshi	JP
Horishni Plavni	UA
Horizon City	US
Horizon Hills	MY
Horizon West	US
Horizonte	BR
Horizontina	BR
Horki	BY
Horley	GB
Horlivka	UA
Hormigueros	PR
Horn	DE
Horn Lake	US
Hornchurch	GB
Horni Mecholupy	CZ
Horni Pocernice	CZ
Hornsby	AU
Hornsey	GB
Horodnia	UA
Horodok	UA
Horodyshche	UA
Horqueta	PY
Horsens	DK
Horsforth	GB
Horsham	GB
Horsholm	DK
Horst	NL
Horta	ES
Horta-Guinardo	ES
Hortaleza	ES
Horten	NO
Hortolandia	BR
Horw	CH
Horwich	GB
Horyuji	JP
Hosa'ina	ET
Hosadurga	IN
Hosakote	IN
Hosapete	IN
Hosbach	DE
Hoshakuji	JP
Hoshiarpur	IN
Hoskote	IN
Hostafrancs	ES
Hostivar	CZ
Hostomel	UA
Hosur	IN
Hot Springs	US
Hot Springs Village	US
Hotaka	JP
Houba	CN
Houdeng-Goegnies	BE
Hougang New Town	SG
Hough	US
Houghton-Le-Spring	GB
Houhai	CN
Houilles	FR
Houma	US
Houmt Souk	TN
Hounde	BF
Hounslow	GB
Houqiao	CN
Houshan	CN
Houston	US
Houthalen	BE
Houxi	CN
Houzhen	CN
Hove	GB
Hovelhof	DE
Hovsan	AZ
Howard	US
Howard Beach	US
Howick	ZA
Howli	IN
Howrah	IN
Hoxtolgay	CN
Hoyerswerda	DE
Hoyland Nether	GB
Hpa-An	MM
Hpakan	MM
Hpaung Gyi East	MM
Hradec Kralove	CZ
Hranice	CZ
Hrazdan	AM
Hrebinka	UA
Hrodna	BY
Hrubieszow	PL
Hrushky	UA
Hruzkyi	UA
Hsinchu	TW
Htantabin	MM
Hua Hin	TH
Huacheng	CN
Huacho	PE
Huadian	CN
Huai Khwang	TH
Huai Mek	TH
Huai Yot	TH
Huai'an	CN
Huaibei	CN
Huaicheng	CN
Huaidian	CN
Huaihua	CN
Huainan	CN
Huaiyang	CN
Huaiyuan Chengguanzhen	CN
Hualien City	TW
Hualin	CN
Hualmay	PE
Hualong	CN
Hualqui	CL
Huamachuco	PE
Huamak	TH
Huamantla	MX
Huambo	AO
Huanan	CN
Huancavelica	PE
Huancayo	PE
Huangbai	CN
Huangchen	CN
Huangdi	CN
Huanggang	CN
Huanghua	CN
Huangji	CN
Huangjia	CN
Huanglou	CN
Huangmei	CN
Huangmen	CN
Huangnihe	CN
Huangpi	CN
Huangpu	CN
Huangsha	CN
Huangshan	CN
Huangshi	CN
Huangshui	CN
Huangzhou	CN
Huankou	CN
Huanren	CN
Huanta	PE
Huanuco	PE
Huanuni	BO
Huaquillas	EC
Huaral	PE
Huaraz	PE
Huarmey	PE
Huashan	CN
Huatabampo	MX
Huatugou	CN
Huatusco	MX
Huauchinango	MX
Huaura	PE
Huautla de Jimenez	MX
Huayin	CN
Huayuan	CN
Huazhou	CN
Hubballi	IN
Huber Heights	US
Huby	PL
Hucheng	CN
Huchuan	CN
Huckarde	DE
Hucknall	GB
Huddersfield	GB
Huddinge	SE
Hude	DE
Hudiksvall	SE
Hudiyuzi	CN
Hudkeshwar Buzurg	IN
Hudson	US
Hue	VN
Hueckelhoven	DE
Hueckeswagen	DE
Huehuetenango	GT
Huehuetoca	MX
Huejotzingo	MX
Huejutla de Reyes	MX
Huellhorst	DE
Huelva	ES
Huenfeld	DE
Huenxe	DE
Huercal de Almeria	ES
Huercal-Overa	ES
Huerth	DE
Huesca	ES
Huetamo de Nunez	MX
Huetor Vega	ES
Hueytown	US
Hueyuek	TR
Hufeng	CN
Hugli	IN
Hugo	US
Huguo	CN
Huicheng	CN
Huilango	MX
Huilong	CN
Huimanguillo	MX
Huimin	CN
Huinan	CN
Huinong	CN
Huiqu	CN
Huissen	NL
Huixcolotla	MX
Huixian Chengguanzhen	CN
Huixing	CN
Huixquilucan	MX
Huixtla	MX
Huizen	NL
Huizhou	CN
Hujra Shah Muqim	PK
Hukeri	IN
Hukkyo-ri	KP
Hukumati Azrah	AF
Hukumpeta	IN
Hulan	CN
Hulan Ergi	CN
Hulbuk	TJ
Hulikal	IN
Huliyar	IN
Hull	CA
Hulu Langat	MY
Hulu Yam Lama	MY
Huludao	CN
Hulunbuir	CN
Hulyaypole	UA
Humacao	PR
Humahuaca	AR
Humaita	BR
Humanes de Madrid	ES
Humansdorp	ZA
Humbe	AO
Humber Heights-Westmount	CA
Humber Summit	CA
Humbermede	CA
Humberstone	GB
Humberto de Campos	BR
Humble	US
Humboldtkolonie	DE
Humen	CN
Humenne	SK
Humewood-Cedarvale	CA
Hummelsbuettel	DE
Humpolec	CZ
Hun	LY
Hunasamaranahalli	IN
Hunchun	CN
Hunedoara	RO
Hung Hom	HK
Hung My	VN
Hung Shui Kiu	HK
Hung Yen	VN
Hungnam	KP
Hungund	IN
Hunsur	IN
Hunt Valley	US
Hunters Creek	US
Huntersville	US
Hunting Park	US
Huntingdon	GB
Huntington	US
Huntington Beach	US
Huntington Hills	CA
Huntington Park	US
Huntington Station	US
Huntley	US
Hunts Cross	GB
Hunts Point	US
Huntsville	US
Hunucma	MX
Huocheng	CN
Huolu	CN
Huong Khe	VN
Huong Thuy	VN
Huong Tra	VN
Huoqiu Chengguanzhen	CN
Huoshilafu	CN
Hupari	IN
Hura	IL
Hurghada	EG
Hurlingham	AR
Huron	US
Hurricane	US
Hurst	US
Hurstpierpoint	GB
Hurstville	AU
Huruta	ET
Husainabad	IN
Husainpur	IN
Hushitai	CN
Husi	RO
Huskvarna	SE
Husum	DE
Hutagalli	IN
Hutan Melintang	MY
Hutang	CN
Hutchinson	US
Hutto	US
Huwei	CN
Huy	BE
Huyanghe	CN
Huyen Lam Ha	VN
Huyton	GB
Huzhai	CN
Huzhou	CN
Hvardiyske	UA
Hvidovre	DK
Hwacheon	KR
Hwadae	KP
Hwado	KR
Hwange	ZW
Hwangju-up	KP
Hwaseong-si	KR
Hwasong	KP
Hwasun	KR
Hwawon	KR
Hyannis	US
Hyattsville	US
Hybla Valley	US
Hyde	GB
Hyde Park	US
Hyderabad	IN
Hyeres	FR
Hyesan	KP
Hyesan-dong	KP
Hyosha	CD
Hythe	GB
Hyuga	JP
Hyvinge	FI
HÅ“nheim	FR
I'billin	IL
I-n-Gall	NE
I-n-Tillit	ML
IJmuiden	NL
IJsselmuiden	NL
IJsselstein	NL
I`zaz	SY
Iacanga	BR
Iaciara	BR
Iacu	BR
Ialoveni	MD
Ialysos	GR
Ianca	RO
Iapala	MZ
Iapu	BR
Iasi	RO
Iati	BR
Iba	PH
Ibadan	NG
Ibague	CO
Ibaiti	BR
Ibanda	UG
Ibara	JP
Ibaraki	JP
Ibaretama	BR
Ibarra	EC
Ibate	BR
Ibateguara	BR
Ibatiba	BR
Ibb	YE
Ibbenbueren	DE
Ibenga	ZM
Ibeto	NG
Ibi	ES
Ibia	BR
Ibiapina	BR
Ibiassuce	BR
Ibicarai	BR
Ibicoara	BR
Ibicui	BR
Ibicuitinga	BR
Ibimirim	BR
Ibipeba	BR
Ibipitanga	BR
Ibipora	BR
Ibira	BR
Ibiraci	BR
Ibiracu	BR
Ibirama	BR
Ibirapitanga	BR
Ibirataia	BR
Ibirite	BR
Ibiruba	BR
Ibitiara	BR
Ibitinga	BR
Ibitita	BR
Ibiuna	BR
Ibiza	ES
Ibnat	ET
Ibo Town	GM
Ibotirama	BR
Ibra'	OM
Ibrahimpatan	IN
Ibrahimpatnam	IN
Ibrahimpur	IN
Ibshaway	EG
Ibusuki	JP
Ica	PE
Icapui	BR
Icara	BR
Icarai de Minas	BR
Icatu	BR
Icchannur	IN
Ichalkaranji	IN
Ichchapuram	IN
Ichchhapor	IN
Icheon-si	KR
Icheu	NG
Ichhawar	IN
Ichihara	JP
Ichikai	JP
Ichikawa	JP
Ichikawadaimon	JP
Ichikikushikino	JP
Ichinoe	JP
Ichinohe	JP
Ichinomiya	JP
Ichinoseki	JP
Ichnia	UA
Ichora	IN
Ichtegem	BE
Ickenham	GB
Ico	BR
Icod de los Vinos	ES
Iconha	BR
Icononzo	CO
Idaga Hamus	ET
Idah	NG
Idaho Falls	US
Idaiyarpalaiyam	IN
Idangansalai	IN
Idanre	NG
Idappadi	IN
Idar	IN
Idar-Oberstein	DE
Idhna	PS
Idil	TR
Idiofa	CD
Idku	EG
Idlib	SY
Ido-dong	KR
Idstein	DE
Idukki	IN
Idylwood	US
Ielmo Marinho	BR
Ieper	BE
Ierapetra	GR
Ifakara	TZ
Ifanadiana	MG
Ifatsy	MG
Ifo	NG
Ifrane	MA
Iga	JP
Igaci	BR
Iganga	UG
Igangan	NG
Igapora	BR
Igaracu do Tiete	BR
Igarapava	BR
Igarape	BR
Igarape Grande	BR
Igarape Miri	BR
Igarape do Meio	BR
Igarape-Acu	BR
Igarassu	BR
Igarata	BR
Igaratinga	BR
Igarra	NG
Igatpuri	IN
Igbara-Odo	NG
Igbeti	NG
Igbo-Ora	NG
Igbo-Ukwu	NG
Igboho	NG
Igbor	NG
Igdir	TR
Igede-Ekiti	NG
Ighram	DZ
Iglas	IN
Iglesias	IT
Iglino	RU
Igra	RU
Igrapiuna	BR
Igreja Nova	BR
Igrejinha	BR
Iguaba Grande	BR
Iguai	BR
Iguala de la Independencia	MX
Igualada	ES
Iguape	BR
Iguaraci	BR
Iguatemi	BR
Iguatu	BR
Igugunu	TZ
Igunga	TZ
Igurubi	TZ
Igurusi	TZ
Igusa	JP
Iharana	MG
Ihiala	NG
Ihnasiyah	EG
Ihosy	MG
Ihren	UA
Ihtiman	BG
Iida	JP
Iijima	JP
Iisalmi	FI
Iitomi	JP
Iiyama	JP
Iizuka	JP
Ijaji	ET
Ijara	KE
Ijebu Ode	NG
Ijebu-Igbo	NG
Ijebu-Jesa	NG
Ijero-Ekiti	NG
Ijevan	AM
Ijok	MY
Ijui	BR
Ijuin	JP
Ikalamavony	MG
Ikang	NG
Ikare	NG
Ikaruga	JP
Ikast	DK
Ikauna	IN
Ikebukuro	JP
Ikeda	JP
Ikedacho	JP
Ikegami	JP
Ikeja	NG
Ikeno	JP
Ikere-Ekiti	NG
Iki	JP
Ikire	NG
Ikirun	NG
Ikizce	TR
Ikom	NG
Ikoma	JP
Ikongo	MG
Ikot Ekpene	NG
Iksal	IL
Iksan	KR
Ikungi	TZ
Ikwiriri	TZ
Il'skiy	RU
Ila Orangun	NG
Ilagan	PH
Ilaiyankudi	IN
Ilam	IR
Ilampillai	IN
Ilanji	IN
Ilanskiy	RU
Ilaro	NG
Ilave	PE
Ilawa	PL
Ilchester	US
Ile-Ife	NG
Ile-des-Soeurs	CA
Ilebo	CD
Ilembula	TZ
Ilesa	NG
Ilford	GB
Ilfracombe	GB
Ilgaz	TR
Ilgin	TR
Ilha Comprida	BR
Ilha Solteira	BR
Ilha de Itamaraca	BR
Ilhabela	BR
Ilhavo	PT
Ilheus	BR
Ilhota	BR
Ilica	TR
Ilicinea	BR
Ilidza	BA
Iligan	PH
Iligan City	PH
Ilinden	MK
Ilinge	ZA
Ilion	GR
Ilioupoli	GR
Ilkal	IN
Ilkeston	GB
Ilkley	GB
Illapel	CL
Illela	NE
Illertissen	DE
Illescas	ES
Illingen	DE
Illintsi	UA
Illizi	DZ
Illkirch-Graffenstaden	FR
Illora	ES
Illzach	FR
Ilmajoki	FI
Ilmenau	DE
Ilo	PE
Ilobu	NG
Iloilo	PH
Ilongero	TZ
Ilopango	SV
Ilorin	NG
Ilovays'k	UA
Ilovlya	RU
Ilsede	DE
Ilula	TZ
Iluppur	IN
Imabari	JP
Imaculada	BR
Imaichi	JP
Imamoglu	TR
Imanshahr	IR
Imara Daima Estate	KE
Imaricho-ko	JP
Imarui	BR
Imatra	FI
Imbau	BR
Imbe	BR
Imbituba	BR
Imbituva	BR
Imeni Morozova	RU
Imeni Stepana Bandery	UA
Imerimandroso	MG
Imerintsiatosika	MG
Imi-n-Tanout	MA
Imishli	AZ
Imizu	JP
Immenstadt im Allgau	DE
Immingham	GB
Immokalee	US
Imola	IT
Imouzzer Kandar	MA
Impasugong	PH
Imperatriz	BR
Imperia	IT
Imperial	PE
Imperial Beach	US
Impfondo	CG
Imphal	IN
Imsida	MT
Imsil	KR
Imst	AT
Imus	PH
Imzouren	MA
In Salah	DZ
Ina	JP
Inabanga	PH
Inabe	JP
Inada	JP
Inagi	JP
Inaja	BR
Inala	AU
Inam Maniyachi	IN
Inami	JP
Inanda	ZA
Inaruwa	NP
Inashiki	JP
Inatori	JP
Inawashiro	JP
Inazawa	JP
Inba	JP
Inbawhkon	MM
Inca	ES
Ince-in-Makerfield	GB
Incheon	KR
Incirli	TR
Incirliova	TR
Inda Silase	ET
Indabaguna	ET
Indaial	BR
Indaiatuba	BR
Indang	PH
Indapur	IN
Indargarh	IN
Independence	US
Independencia	BR
Inderbor	KZ
Indergarh	IN
Indi	IN
Indian Trail	US
Indiana	US
Indianapolis	US
Indianola	US
Indiara	BR
Indiaroba	BR
Indio	US
Indooroopilly	AU
Indore	IN
Indralaya	ID
Indramayu	ID
Indre By	DK
Indri	IN
Induno Olona	IT
Inegol	TR
Ineu	RO
Inezgane	MA
Infernetto	IT
Inga	BR
Ingabu	MM
Ingelheim am Rhein	DE
Ingelmunster	BE
Ingeniero Guillermo N. Juarez	AR
Ingeniero Pablo Nogues	AR
Ingenio	ES
Ingersoll	CA
Ingija	RS
Ingleburn	AU
Ingleby Greenhow	GB
Inglewood	US
Inglewood-Finn Hill	US
Ingolstadt	DE
Ingombota	AO
Inhambane	MZ
Inhambupe	BR
Inhaminga	MZ
Inhangapi	BR
Inhapi	BR
Inhapim	BR
Inhassoro	MZ
Inhulets	UA
Inhuma	BR
Inhumas	BR
Inisa	NG
Injambakkam	IN
Injibara	ET
Inkerman	UA
Inkhil	SY
Inkisi	CD
Inkster	US
Inn Taing	MM
Inner Huai Khwang	TH
Innere Stadt	AT
Innisfil	CA
Innoshima	JP
Innsbruck	AT
Ino	JP
Inokashira	JP
Inokura	JP
Inongo	CD
Inopacan	PH
Inowroclaw	PL
Inozemtsevo	RU
Insein	MM
Inseno	ET
Inskoy	RU
Inta	RU
International City	AE
Intibuca	HN
Intich'o	ET
Inuyama	JP
Inver Grove Heights	US
Invercargill	NZ
Inverell	AU
Inverness	GB
Inverurie	GB
Inwood	US
Inyonga	TZ
Inza	RU
Inzai	JP
Inzari	PK
Inzhavino	RU
Ioannina	GR
Iona	US
Ionia	US
Ionview	CA
Iowa City	US
Ipaba	BR
Ipameri	BR
Ipanema	BR
Ipanguacu	BR
Ipaporanga	BR
Ipatinga	BR
Ipatovo	RU
Ipaumirim	BR
Ipaussu	BR
Ipecaeta	BR
Ipero	BR
Iperu	NG
Ipiales	CO
Ipiau	BR
Ipil	PH
Ipinda	TZ
Ipira	BR
Ipiranga	BR
Ipis	CR
Ipixuna	BR
Ipixuna do Para	BR
Ipoh	MY
Ipojuca	BR
Ipora	BR
Ipoti	NG
Ipouagui	CI
Ippy	CF
Ipswich	GB
Ipu	BR
Ipua	BR
Ipubi	BR
Ipueiras	BR
Iquique	CL
Iquitos	PE
Iracema	BR
Iracemapolis	BR
Iradan	KG
Irakleio	GR
Irakleion	GR
Iramaia	BR
Iramallur	IN
Iranduba	BR
Irani	BR
Iranshahr	IR
Irapuato	MX
Iraquara	BR
Irara	BR
Irati	BR
Iraucuba	BR
Irbid	JO
Irbit	RU
Irece	BR
Iretama	BR
Irewe	NG
Iriba	TD
Iriga City	PH
Irikkur	IN
Irimbiliyam	IN
Irineopolis	BR
Iringa	TZ
Iringal	IN
Iringappuram	IN
Irinjalakuda	IN
Irino	JP
Irituia	BR
Iriveri	IN
Irkutsk	RU
Irlam	GB
Irmo	US
Irondale	US
Irondequoit	US
Ironton	US
Iroopara	IN
Irosin	PH
Irpin	UA
Irugur	IN
Iruma	JP
Irun	ES
Irupi	BR
Irvine	US
Irving	US
Irving Park	US
Irvington	US
Iryango	UG
Isa	JP
Isabela	PH
Isagarh	IN
Isahaya	JP
Isaka	TZ
Isakogorka	RU
Isanlu-Itedoijowa	NG
Isaszeg	HU
Isawa	JP
Isbergues	FR
Iscehisar	TR
Ischia	IT
Ischia Porto	IT
Ise	JP
Ise-Ekiti	NG
Isebania	KE
Isehara	JP
Iselin	US
Iserlohn	DE
Isernhagen Farster Bauerschaft	DE
Isernia	IT
Isesaki	JP
Iseyin	NG
Isfahan	IR
Isfara	TJ
Ishaka	UG
Ishigaki	JP
Ishigami	JP
Ishige	JP
Ishii	JP
Ishikari	JP
Ishikawa	JP
Ishiki	JP
Ishim	RU
Ishimbay	RU
Ishinari	JP
Ishinomaki	JP
Ishioka	JP
Ishitsuka	JP
Ishoj	DK
Ishqoshim	TJ
Ishtixon Shahri	UZ
Ishwardi	BD
Isieke	NG
Isil'kul'	RU
Isingiro	UG
Isinya	KE
Isiolo	KE
Isiro	CD
Iskandar	UZ
Iskandar Puteri	MY
Iskenderun	TR
Iskilip	TR
Iskitim	RU
Isla	MX
Isla Cristina	ES
Isla Mujeres	MX
Isla Vista	US
Islamabad	PK
Islamey	RU
Islamgarh	PK
Islamkot	PK
Islamnagar	IN
Islampur	IN
Isle of Lewis	GB
Isleworth	GB
Islington	GB
Islington-City Centre West	CA
Islip	US
Ismailabad	IN
Ismailia	EG
Ismaning	DE
Ismayilli	AZ
Isnos	CO
Isny	DE
Isogo	JP
Isoka	ZM
Isola del Liri	IT
Isola di Capo Rizzuto	IT
Isparta	TR
Ispica	IT
Ispir	TR
Issaquah	US
Isselburg	DE
Issia	CI
Issoire	FR
Issoudun	FR
Issum	DE
Issy-les-Moulineaux	FR
Istalif	AF
Istanbul	TR
Istaravshan	TJ
Istgah-e Rah Ahan-e Garmsar	IR
Istinye	TR
Istiqlol	TJ
Istmina	CO
Istok	XK
Istra	RU
Istres	FR
Istvanmezo	HU
Isulan	PH
Isumi	JP
It Ong	VN
Ita	PY
Itabaiana	BR
Itabaianinha	BR
Itabashi	JP
Itabela	BR
Itabera	BR
Itaberaba	BR
Itaberai	BR
Itabira	BR
Itabirinha	BR
Itabirito	BR
Itaborai	BR
Itabuna	BR
Itacarambi	BR
Itacare	BR
Itacoatiara	BR
Itacorubi	BR
Itaete	BR
Itagi	BR
Itagiba	BR
Itaguacu	BR
Itaguacu da Bahia	BR
Itaguai	BR
Itaguara	BR
Itaguei	CO
Itahari	NP
Itai	BR
Itaiba	BR
Itaim Bibi	BR
Itaim Paulista	BR
Itainopolis	BR
Itaiopolis	BR
Itaipe	BR
Itaipulandia	BR
Itaitinga	BR
Itaituba	BR
Itajai	BR
Itajobi	BR
Itajuba	BR
Itajuipe	BR
Itako	JP
Itakura	JP
Italva	BR
Itamaraju	BR
Itamarandiba	BR
Itamarati	BR
Itamati	IN
Itambacuri	BR
Itambe	BR
Itami	JP
Itamogi	BR
Itamonte	BR
Itampolo	MG
Itanagar	IN
Itanhaem	BR
Itanhandu	BR
Itanhem	BR
Itanhomi	BR
Itaobim	BR
Itaocara	BR
Itapaci	BR
Itapage	BR
Itapagipe	BR
Itaparica	BR
Itape	BR
Itapecerica	BR
Itapecerica da Serra	BR
Itapecuru Mirim	BR
Itapejara d'Oeste	BR
Itapema	BR
Itapemirim	BR
Itaperucu	BR
Itaperuna	BR
Itapetim	BR
Itapetinga	BR
Itapetininga	BR
Itapeva	BR
Itapevi	BR
Itapicuru	BR
Itapipoca	BR
Itapira	BR
Itapiranga	BR
Itapissuma	BR
Itapitanga	BR
Itapiuna	BR
Itapoa	BR
Itapolis	BR
Itapora	BR
Itaporanga	BR
Itaporanga d'Ajuda	BR
Itapororoca	BR
Itapui	BR
Itapuranga	BR
Itaquaquecetuba	BR
Itaquera	BR
Itaqui	BR
Itaquirai	BR
Itaquitinga	BR
Itarana	BR
Itarantim	BR
Itarare	BR
Itarema	BR
Itariri	BR
Itarsi	IN
Itatiaia	BR
Itatiaiucu	BR
Itatiba	BR
Itatim	BR
Itatinga	BR
Itatira	BR
Itatuba	BR
Itau de Minas	BR
Itaueira	BR
Itaugua	PY
Itauna	BR
Itay al Barud	EG
Itayanagi	JP
Iten	KE
Iteya	ET
Itezhi-Tezhi	ZM
Ithaca	US
Itigi	TZ
Itinga	BR
Itinga do Maranhao	BR
Itiquira	BR
Itirapina	BR
Itirucu	BR
Itiuba	BR
Ito	JP
Itogawa	JP
Itogon	PH
Itoigawa	JP
Itoman	JP
Itororo	BR
Itoshima	JP
Itsa	EG
Itsoseng	ZA
Itsukaichi	JP
Itu	BR
Ituacu	BR
Ituango	CO
Itubera	BR
Ituiutaba	BR
Itumba	TZ
Itumbiara	BR
Itupeva	BR
Itupiranga	BR
Ituporanga	BR
Iturama	BR
Iturrama	ES
Ituverava	BR
Ituzaingo	AR
Itzehoe	DE
Iuiu	BR
Iuna	BR
Ivai	BR
Ivaipora	BR
Ivangorod	RU
Ivanhoe	AU
Ivano-Frankivsk	UA
Ivanovka	KG
Ivanovo	RU
Ivanovskoye	RU
Ivanteyevka	RU
Ivato	MG
Ivatsevichi	BY
Ivdel'	RU
Ives Estates	US
Ivohibe	MG
Ivory Park	ZA
Ivoti	BR
Ivrea	IT
Ivry-sur-Seine	FR
Ivybridge	GB
Iwade	JP
Iwai	JP
Iwaki	JP
Iwakuni	JP
Iwakura	JP
Iwamizawa	JP
Iwanai	JP
Iwanuma	JP
Iwase	JP
Iwashita	JP
Iwata	JP
Iwatsuki	JP
Iwo	NG
Iwon-up	KP
Ixelles	BE
Ixhuatlan del Sureste	MX
Ixmiquilpan	MX
Ixopo	ZA
Ixtaczoquitlan	MX
Ixtapa	MX
Ixtapa-Zihuatanejo	MX
Ixtapaluca	MX
Ixtapan de la Sal	MX
Ixtepec	MX
Ixtlan del Rio	MX
Iyo	JP
Izalco	SV
Izamal	MX
Izazi	TZ
Izberbash	RU
Izegem	BE
Izeh	IR
Izhevsk	RU
Iziaslav	UA
Izki	OM
Izluchinsk	RU
Izmayil	UA
Izmaylovo	RU
Izmir	TR
Izmit	TR
Iznik	TR
Izobil'nyy	RU
Izola	SI
Izra`	SY
Iztacalco	MX
Iztapalapa	MX
Izu	JP
Izucar de Matamoros	MX
Izumi	JP
Izumiotsu	JP
Izumisano	JP
Izumo	JP
Izunokuni	JP
Izyum	UA
Ja Ela	LK
Jabal os Saraj	AF
Jabalpur	IN
Jabalya	PS
Jabaquara	BR
Jabbeke	BE
Jabicunda	GW
Jablah	SY
Jablonec nad Nisou	CZ
Jaboatao	BR
Jaboatao dos Guararapes	BR
Jaboticabal	BR
Jaboticatubas	BR
Jaca	ES
Jacaltenango	GT
Jacana	BR
Jacaraci	BR
Jacarau	BR
Jacareacanga	BR
Jacarei	BR
Jacarezinho	BR
Jaciara	BR
Jacinto	BR
Jacinto City	US
Jacinto Machado	BR
Jackson	US
Jackson Heights	US
Jacksonville	US
Jacksonville Beach	US
Jacmel	HT
Jacobabad	PK
Jacobina	BR
Jacobo Hunter	PE
Jacobsdal	ZA
Jacona de Plancarte	MX
Jacqueville	CI
Jacunda	BR
Jacupiranga	BR
Jacutinga	BR
Jadcherla	IN
Jadder Cemetery	YE
Jadu	LY
Jadugora	IN
Jaemsae	FI
Jaen	ES
Jaervenpaeae	FI
Jaetkaesaari	FI
Jafarabad	IN
Jafaro	MG
Jaffa	IL
Jaffna	LK
Jagadhri	IN
Jagalur	IN
Jagatsinghapur	IN
Jagdalpur	IN
Jagdishpur	IN
Jagdispur	IN
Jaggaiahpet	IN
Jaggayyapeta	IN
Jagiroad	IN
Jaglot	PK
Jagna	PH
Jagnair	IN
Jagodina	RS
Jagraon	IN
Jagtial	IN
Jaguapita	BR
Jaguaquara	BR
Jaguara	BR
Jaguarao	BR
Jaguarari	BR
Jaguare	BR
Jaguaretama	BR
Jaguari	BR
Jaguariaiva	BR
Jaguaribara	BR
Jaguaribe	BR
Jaguaripe	BR
Jaguariuna	BR
Jaguaruana	BR
Jaguaruna	BR
Jagueey Grande	CU
Jahanabad	IN
Jahangira	PK
Jahangirabad	IN
Jahangirpur	IN
Jahanian	PK
Jahanian Shah	PK
Jahazpur	IN
Jahrom	IR
Jaiba	BR
Jaicos	BR
Jaigaon	IN
Jainagar	IN
Jainpur	IN
Jaipur	IN
Jais	IN
Jaisalmer	IN
Jaisingpur	IN
Jaitaran	IN
Jaito	IN
Jaitpur	IN
Jajpur	IN
Jakarta	ID
Jakobsberg	SE
Jakobstad	FI
Jakomini	AT
Jalacingo	MX
Jalai Nur	CN
Jalajala	PH
Jalakandapuram	IN
Jalal-Abad	KG
Jalalabad	AF
Jalali	IN
Jalalpore	IN
Jalalpur	IN
Jalalpur Jattan	PK
Jalalpur Pirwala	PK
Jalandhar	IN
Jalandhar Cantonment	IN
Jalapa	GT
Jalarpet	IN
Jalaun	IN
Jalda	IN
Jales	BR
Jalesar	IN
Jaleshwar	IN
Jalgaon	IN
Jalgaon Jamod	IN
Jali	IN
Jalilabad	AZ
Jalingo	NG
Jaljulya	IL
Jalladiampet	IN
Jalna	IN
Jalochi	IN
Jalolquduq	UZ
Jalor	IN
Jalostotitlan	MX
Jalpa	MX
Jalpa de Mendez	MX
Jalpaiguri	IN
Jalpan de Serra	MX
Jalpatagua	GT
Jalq	IR
Jaltenango de la Paz	MX
Jaltenco	MX
Jaltipan de Morelos	MX
Jalu	LY
Jam	IR
Jamaame	SO
Jamaat Shaim	MA
Jamadoba	IN
Jamai	IN
Jamaica	US
Jamaica Plain	US
Jamalpur	BD
Jamay	MX
Jamba	AO
Jambai	IN
Jambes	BE
Jambi City	ID
Jambusar	IN
James Bay	CA
Jamestown	US
Jamjamal	IQ
Jamjodhpur	IN
Jamkhandi	IN
Jamkhed	IN
Jammalamadugu	IN
Jammu	IN
Jammu Cantonment	IN
Jamnagar	IN
Jamner	IN
Jampur	PK
Jamshedpur	IN
Jamtara	IN
Jamui	IN
Jamul	IN
Jamundi	CO
Jamuria	IN
Jan Kempdorp	ZA
Janakkala	FI
Janakpur	NP
Janauba	BR
Jand	PK
Jandaia do Sul	BR
Jandiala	IN
Jandiala Guru	IN
Jandiala Sher Khan	PK
Jandira	BR
Jandli	IN
Janeng	BW
Janesville	US
Jangaon	IN
Jangheung	KR
Jangipur	IN
Jangseong	KR
Janin	PS
Janiuay	PH
Janjgir	IN
Janow Lubelski	PL
Janpur	IN
Jansath	IN
Januaria	BR
Janub as Surrah	KW
Janzur	LY
Jaora	IN
Japaratuba	BR
Japekrom	GH
Japeri	BR
Japoata	BR
Jaqueira	BR
Jarabacoa	DO
Jarabulus	SY
Jaragua	BR
Jaragua do Sul	BR
Jarajus	EG
Jaral del Progreso	MX
Jaranwala	PK
Jarash	JO
Jardim	BR
Jardim Alegre	BR
Jardim Angela	BR
Jardim Botanico	BR
Jardim Helena	BR
Jardim Paulista	BR
Jardim Sao Luis	BR
Jardim de Piranhas	BR
Jardim do Serido	BR
Jardin America	AR
Jardine's Lookout	HK
Jardines de la Silla	MX
Jardinopolis	BR
Jaridih	IN
Jarinu	BR
Jarocin	PL
Jaromer	CZ
Jaroslaw	PL
Jarrow	GB
Jaru	BR
Jaruco	CU
Jarville-la-Malgrange	FR
Jarwal	IN
Jasaan	PH
Jasdan	IN
Jashpur Nagar	IN
Jasidih	IN
Jasim	SY
Jaslo	PL
Jasmine Estates	US
Jasper	US
Jaspur	IN
Jastrzebie Zdroj	PL
Jaswantnagar	IN
Jaszbereny	HU
Jatai	BR
Jataizinho	BR
Jatani	IN
Jatara	IN
Jatauba	BR
Jaten	ID
Jatibarang	ID
Jatibonico	CU
Jatiroto	ID
Jatiwangi	ID
Jatoba	BR
Jatoi Shimali	PK
Jatt	IL
Jau	BR
Jauharabad	PK
Jauja	PE
Jaunpur	IN
Javanrud	IR
Javea	ES
Jawa	JO
Jawad	IN
Jawaharnagar	IN
Jawf al Maqbabah	YE
Jawhar	SO
Jawi	MY
Jawor	PL
Jaworzno	PL
Jaxaay Parcelle Niakoul Rap	SN
Jayamkondacholapuram	IN
Jayapura	ID
Jaynagar Majilpur	IN
Jayrud	SY
Jebba	NG
Jebel	TM
Jebel Ali	AE
Jeddah	SA
Jedeida	TN
Jedrzejow	PL
Jefferson	US
Jefferson City	US
Jefferson Hills	US
Jefferson Valley-Yorktown	US
Jeffersontown	US
Jeffersonville	US
Jeffreys Bay	ZA
Jega	NG
Jeju City	KR
Jejuri	IN
Jekabpils	LV
Jekulo	ID
Jelcz	PL
Jelcz Laskowice	PL
Jelebu	SG
Jelenia Gora	PL
Jelgava	LV
Jelilyuezi	CN
Jelutong	MY
Jem'at Oulad 'Abbou	MA
Jemappes	BE
Jember	ID
Jemeppe-sur-Meuse	BE
Jena	DE
Jendouba	TN
Jenipapo dos Vieiras	BR
Jenison	US
Jenjarum	MY
Jenks	US
Jennings	US
Jensen Beach	US
Jenzan	KR
Jeongeup	KR
Jeonju	KR
Jepara	ID
Jequeri	BR
Jequie	BR
Jequitinhonha	BR
Jerada	MA
Jerantut	MY
Jeremie	HT
Jeremoabo	BR
Jerez de Garcia Salinas	MX
Jerez de la Frontera	ES
Jerez de los Caballeros	ES
Jericho	PS
Jerome	US
Jeronimo Monteiro	BR
Jersey City	US
Jertih	MY
Jerusalem	IL
Jesenice	SI
Jesenik	CZ
Jesi	IT
Jessen	DE
Jessheim	NO
Jessore	BD
Jesuitas	BR
Jesus Gomez Portugal (Margaritas)	MX
Jesus Maria	PE
Jesus Menendez	CU
Jesus del Monte	MX
Jetafe	PH
Jetalsar	IN
Jetpur	IN
Jette	BE
Jeumont	FR
Jevargi	IN
Jever	DE
Jewar	IN
Jeypore	IN
Jhabua	IN
Jhadeshwar	IN
Jhajha	IN
Jhajjar	IN
Jhalawar	IN
Jhalida	IN
Jhalod	IN
Jhalrapatan	IN
Jhalu	IN
Jhang Sadr	PK
Jhanjharpur	IN
Jhansi	IN
Jhargram	IN
Jharia	IN
Jharoda Kalan	IN
Jharoda Mazra Burari	IN
Jharsuguda	IN
Jhawarian	PK
Jhelum	PK
Jhingergacha	BD
Jhinjhak	IN
Jhinjhana	IN
Jhinkpani	IN
Jhol	PK
Jhumri Telaiya	IN
Jhunjhunun	IN
Jhusi	IN
Ji Parana	BR
Ji'an	CN
Jiachuan	CN
Jiading	CN
Jiagao	CN
Jiagedaqi	CN
Jiahanbage	CN
Jiamusi	CN
Jian'ou	CN
Jianchang	CN
Jiang'an	CN
Jiangbei	CN
Jiangchi	CN
Jiangjia	CN
Jiangkou	CN
Jiangluo	CN
Jiangmen	CN
Jiangnan	CN
Jiangping	CN
Jiangshan	CN
Jianguang	CN
Jiangxi	CN
Jiangyan	CN
Jiangyin	CN
Jiangyou	CN
Jiangzhuang	CN
Jiangzi	CN
Jianlong	CN
Jianping	CN
Jianshan	CN
Jianshui	CN
Jiaogong	CN
Jiaohe	CN
Jiaojiang	CN
Jiaoshi	CN
Jiaozhou	CN
Jiaozuo	CN
Jiaping	CN
Jiashan	CN
Jiasi	CN
Jiawang	CN
Jiawang Zhen	CN
Jiaxing	CN
Jiayi	CN
Jiayue	CN
Jiayuguan	CN
Jiazi	CN
Jibek joly	KZ
Jibia	NG
Jibou	RO
Jicin	CZ
Jidd Hafs	BH
Jidong	CN
Jiehu	CN
Jielong	CN
Jieshi	CN
Jieshou	CN
Jietou	CN
Jiexiu	CN
Jieyang	CN
Jifeng	CN
Jigani	IN
Jiguani	CU
Jihlava	CZ
Jijel	DZ
Jijia	CN
Jijiang	CN
Jijiga	ET
Jijoca de Jericoacoara	BR
Jiladiguda	IN
Jilava	RO
Jilib	SO
Jilin	CN
Jilotepec de Molina Enriquez	MX
Jimaguayu	CU
Jimbolia	RO
Jimboomba	AU
Jimeta	NG
Jimma	ET
Jimo	CN
Jinan	CN
Jinan-gun	KR
Jinchang	CN
Jincheng	CN
Jind	IN
Jindai	CN
Jindaoxia	CN
Jindayris	SY
Jinding	CN
Jindrichuv Hradec	CZ
Jinfeng	CN
Jing'an	CN
Jingdezhen	CN
Jinggou	CN
Jingguan	CN
Jinghong	CN
Jingling	CN
Jingmen	CN
Jingui	CN
Jingzhi	CN
Jingzhou	CN
Jinhu	TW
Jinhua	CN
Jining	CN
Jinja	UG
Jinjang	MY
Jinji	CN
Jinjiang	CN
Jinka	ET
Jinlong	CN
Jinniu	CN
Jinotega	NI
Jinotepe	NI
Jinqiao	CN
Jinsha	CN
Jinshan	CN
Jinshanlu	CN
Jinshi	CN
Jintur	IN
Jinxiang	CN
Jinzhong	CN
Jinzhongzi	CN
Jinzhou	CN
Jipijapa	EC
Jiquilpan de Juarez	MX
Jiquirica	BR
Jiran	IN
Jirapa	GH
Jirapur	IN
Jirkov	CZ
Jiroft	IR
Jishou	CN
Jishu	CN
Jishui	CN
Jisr ash Shughur	SY
Jisr ez Zarqa	IL
Jitai	CN
Jitauna	BR
Jitra	MY
Jiuchao	CN
Jiuchi	CN
Jiudian	CN
Jiuhe	CN
Jiujiang	CN
Jiujing	CN
Jiulongshan	CN
Jiupu	CN
Jiuquan	CN
Jiushan	CN
Jiutai	CN
Jiutepec	MX
Jiuxian	CN
Jiwani	PK
Jiwanpur	IN
Jixi	CN
Jixian	CN
Jiyuan	CN
Jizan	SA
Jizhou	CN
Jizzax	UZ
Joacaba	BR
Joaima	BR
Joal	SN
Joanopolis	BR
Joao Alfredo	BR
Joao Camara	BR
Joao Dourado	BR
Joao Lisboa	BR
Joao Monlevade	BR
Joao Neiva	BR
Joao Pessoa	BR
Joao Pinheiro	BR
Joaquim Gomes	BR
Joaquim Nabuco	BR
Joaquim Pires	BR
Joaquim Tavora	BR
Joaquin V. Gonzalez	AR
Jobabo	CU
Jobat	IN
Jobner	IN
Jobstown	IE
Jocotenango	GT
Jocotepec	MX
Joda	IN
Jodar	ES
Jodhpur	IN
Jodiya Bandar	IN
Jodoigne	BE
Joenkoeping	SE
Joensuu	FI
Joetsu	JP
Jogbani	IN
Jogipet	IN
Jogonalan	ID
Johannesburg	ZA
Johannisthal	DE
Johi	PK
Johin	CI
Johns Creek	US
Johnson City	US
Johnsonville	NZ
Johnston	US
Johnstone	GB
Johnstown	US
Johor Bahru	MY
Johor Jaya	MY
Johvi	EE
Joigny	FR
Joint Base Lewis McChord	US
Joint Base Pearl Harbor Hickam	US
Joinville	BR
Joinville-le-Pont	FR
Jojutla	MX
Joliet	US
Joliette	CA
Jollyville	US
Jolo	PH
Jombang	ID
Jomboy Shahri	UZ
Jomvu	KE
Jona	CH
Jona Pur	IN
Jonava	LT
Jonesboro	US
Joniskis	LT
Jonquiere	CA
Joplin	US
Joppatowne	US
Jora	IN
Jora Khurd	IN
Jordan	HK
Jordania	BR
Jordbro	SE
Jorf	MA
Jorhat	IN
Jork	DE
Jos	NG
Jose Bonifacio	BR
Jose C. Paz	AR
Jose Cardel	MX
Jose Maria Morelos	MX
Jose Mariano Jimenez	MX
Jose Panganiban	PH
Jose Rizal	PH
Jose de Freitas	BR
Josefstadt	AT
Joselandia	BR
Joshimath	IN
Joso	JP
Joue-les-Tours	FR
Jounieh	LB
Joure	NL
Joutseno	FI
Jouy-le-Moutier	FR
Jovellanos	CU
Jowai	IN
Joyabaj	GT
Joyo	JP
Joypur Hat	BD
Jozefow	PL
Jozsef Attila-lakotelep	HU
Jozsefvaros	HU
Juan Aldama	MX
Juan Diaz	PA
Juan Griego	VE
Juan Jose Castelli	AR
Juan Jose Rios	MX
Juan L. Lacaze	UY
Juan Morales	MX
Juan Rodriguez Clara	MX
Juan de Acosta	CO
Juanjui	PE
Juara	BR
Juatuba	BR
Juazeiro	BR
Juazeiro do Norte	BR
Juba	SS
Jubayt	SD
Jucas	BR
Jucati	BR
Juchen	DE
Juchitepec	MX
Jucuapa	SV
Jucurutu	BR
Judeida Makr	IL
Judian	CN
Judibana	VE
Judita	JO
Juegang	CN
Juelich	DE
Jueterbog	DE
Juexi	CN
Jugial	IN
Jugsalai	IN
Juhaynah	EG
Juigalpa	NI
Juina	BR
Juiz de Fora	BR
Juja	KE
Jujuvadi	IN
Jukui	CN
Julau	MY
Juliaca	PE
Julianadorp	NL
Julio de Castilhos	BR
Juma Shahri	UZ
Jumayra	AE
Jumet	BE
Jumilla	ES
Jumunjin	KR
Junagadh	IN
Junagarh	IN
Junction Area	CA
Junction City	US
Jundiai	BR
Juneau	US
Jungpyong	KR
Juniata Park	US
Junin	AR
Junin de los Andes	AR
Junlian	CN
Junnar	IN
Junqueiro	BR
Junqueiropolis	BR
Jupi	BR
Jupille-sur-Meuse	BE
Jupiter	US
Juquia	BR
Juquitiba	BR
Jurbarkas	LT
Jurema	BR
Juripiranga	BR
Juriquilla	MX
Jurm	AF
Jurmala	LV
Jurong East	SG
Jurong Town	SG
Jurong West	SG
Juru	MY
Jurua	BR
Juruaia	BR
Juruena	BR
Jurupa Valley	US
Juruti	BR
Juscimeira	BR
Jussara	BR
Justice	US
Justicia	ES
Justiniskes	LT
Jutiapa	GT
Juticalpa	HN
Jutou	CN
Juventino Rosas	MX
Juvignac	FR
Juvisy-sur-Orge	FR
Juwana	ID
Juybar	IR
Juye	CN
Jwaneng	BW
Jyllinge	DK
Jyvaeskylae	FI
K'ola Diba	ET
K'olito	ET
Ka'erdun	CN
Ka'erqin	CN
Ka'ersai	CN
Ka-Mhinga	ZA
Kaa-Khem	RU
Kaambooni	SO
Kaarela	FI
Kaarina	FI
Kaarst	DE
Kab	IN
Kabacan	PH
Kabala	ML
Kabale	UG
Kabalo	CD
Kabanga	TZ
Kabanjahe	ID
Kabankalan	PH
Kabanovo	RU
Kabare	CD
Kabarnet	KE
Kabaty	PL
Kabba	NG
Kabbasin	SY
Kabeya-Kamwanga	CD
Kabilpor	IN
Kabin Buri	TH
Kabinda	CD
Kabirwala	PK
Kabkabiyah	SD
Kabnur	IN
Kabo	CF
Kabompo	ZM
Kabrai	IN
Kabul	AF
Kabwe	ZM
Kac	RS
Kachhwa	IN
Kachia	NG
Kachidoki	JP
Kachisi	ET
Kachkanar	RU
Kacoukro	CI
Kadachira	IN
Kadaiya	IN
Kadakkavoor	IN
Kadamakudi	IN
Kadambuttur	IN
Kadan	CZ
Kadannappalli	IN
Kadapa	IN
Kadattur	IN
Kadaura	IN
Kadayal	IN
Kadayanallur	IN
Kade	GH
Kadena	JP
Kadi	IN
Kadiganpalli	IN
Kadikkad	IN
Kadima Zoran	IL
Kadinhani	TR
Kadiolo	ML
Kadipur	IN
Kadiri	IN
Kadirli	TR
Kadiyampatti	IN
Kadiyivka	UA
Kadod	IN
Kadodara	IN
Kadogawa	JP
Kadoma	JP
Kadoorie	HK
Kadugli	SD
Kaduna	NG
Kadungalur	IN
Kadur	IN
Kaduy	RU
Kaech'on	KP
Kaedi	MR
Kaele	CM
Kaeng Khoi	TH
Kaeng Khro	TH
Kaesong	KP
Kafanchan	NG
Kafarati	NG
Kaffrine	SN
Kafia Kingi	SS
Kafin Hausa	NG
Kafr Buhum	SY
Kafr Kanna	IL
Kafr Laha	SY
Kafr Manda	IL
Kafr Qari'	IL
Kafr Qasim	IL
Kafr Sa'd	EG
Kafr Saqr	EG
Kafr Shams	SY
Kafr Shukr	EG
Kafr Takharim	SY
Kafr Zayta	SY
Kafr ad Dawwar	EG
Kafr al Battikh	EG
Kafr al Kurdi	EG
Kafr ash Shaykh	EG
Kafr az Zayyat	EG
Kafranbel	SY
Kafrul	BD
Kafue	ZM
Kaga	JP
Kaga-Bandoro	CF
Kagadi	UG
Kagal	IN
Kagano	RW
Kagaznagar	IN
Kagbe	CI
Kageleke	CN
Kagio	KE
Kagizman	TR
Kagoro	NG
Kagoshima	JP
Kahama	TZ
Kahandhale	ET
Kaharlyk	UA
Kahin	CI
Kahna Nau	PK
Kahoku	JP
Kahone	SN
Kahramanmaras	TR
Kahror Pakka	PK
Kahta	TR
Kahului	US
Kahuta	PK
Kai	JP
Kai Ching Estate	HK
Kai Tak	HK
Kaiama	NG
Kaiapoi	NZ
Kaifeng	CN
Kaihua	CN
Kaij	IN
Kaikalapettai	IN
Kaikalur	IN
Kailahun	SL
Kailaras	IN
Kailashahar	IN
Kaili	CN
Kailua	US
Kailua-Kona	US
Kaimganj	IN
Kaimori	IN
Kaimuki	US
Kaimur	IN
Kainan	JP
Kainuk	KE
Kaipamangalam	IN
Kairana	IN
Kairouan	TN
Kais	DZ
Kaisariani	GR
Kaiserslautern	DE
Kaitaichi	JP
Kaitang	CN
Kaithal	IN
Kaithoon	IN
Kaitong	CN
Kaiyuan	CN
Kaizu	JP
Kaizuka	JP
Kajaani	FI
Kajang	MY
Kajansi	UG
Kajiado	KE
Kajikazawa	JP
Kajiki	JP
Kajiya	JP
Kajuru	NG
Kaka	TM
Kaka'ako	US
Kakalur	IN
Kakamega	KE
Kakamigahara	JP
Kakanj	BA
Kakata	LR
Kakching	IN
Kakching Khunou	IN
Kakdwip	IN
Kakegawa	JP
Kakhovka	UA
Kaki Bukit Estate	SG
Kakinada	IN
Kakira	UG
Kakiri	UG
Kakkalapalle	IN
Kakkanad	IN
Kakkodi	IN
Kakogawacho-honmachi	JP
Kakonko	TZ
Kakori	IN
Kakrala	IN
Kakti	IN
Kakuda	JP
Kakuma	KE
Kakumiro	UG
Kakunodatemachi	JP
Kal'mius'ke	UA
Kala Chay	IR
Kalaa Srira	TN
Kalabagh	PK
Kalabahi	ID
Kalaban Koro	ML
Kalabo	ZM
Kalaburagi	IN
Kalach	RU
Kalach-na-Donu	RU
Kalachinsk	RU
Kaladi	IN
Kalagarh Project Colony	IN
Kalagyisu	MM
Kalajoki	FI
Kalakkadu	IN
Kalale	BJ
Kalaleh	IR
Kalamansig	PH
Kalamaria	GR
Kalamassery	IN
Kalamata	GR
Kalamazoo	US
Kalamb	IN
Kalamnuri	IN
Kalanaur	IN
Kalanwali	IN
Kalappanayakkanpatti	IN
Kalappatti	IN
Kalas	IN
Kalasin	TH
Kalasu	CN
Kalaswala	PK
Kalat	PK
Kalavad	IN
Kalavai	IN
Kalavoor	IN
Kalaw	MM
Kalayagaqi	CN
Kalayat	IN
Kalba	AE
Kalbatau	KZ
Kaldenkirchen	DE
Kalecik	TR
Kaleke Mandi	PK
Kalemie	CD
Kalemyo	MM
Kalghatgi	IN
Kalgoorlie	AU
Kalher	IN
Kalia	BD
Kalianget	ID
Kalibo (poblacion)	PH
Kaliganj	BD
Kalihi Valley	US
Kalihi-Palama	US
Kalilangan	PH
Kalima	CD
Kalimpong	IN
Kalinagar	IN
Kaliningrad	RU
Kalininsk	RU
Kalininskaya	RU
Kalininskiy	RU
Kalinjur	IN
Kalinkovichi	BY
Kaliro	UG
Kalisizo	UG
Kalispell	US
Kalisz	PL
Kaliua	TZ
Kaliyaganj	IN
Kalk	DE
Kalka	IN
Kalkar	DE
Kall	DE
Kallakkudi	IN
Kallakkurichchi	IN
Kallakurichi	IN
Kallam	IN
Kallamchavadi	IN
Kallang	SG
Kallangur	AU
Kallar Kahar	PK
Kalleribhagam	IN
Kallidaikurichi	IN
Kallio	FI
Kallithea	GR
Kalliyassheri	IN
Kalliyoor	IN
Kallukuttam	IN
Kallupatti	IN
Kallur Tekkumuri	IN
Kallur Vadakummuri	IN
Kalmar	SE
Kalmeshwar	IN
Kalmiuskyi	UA
Kalmthout	BE
Kalmunai	LK
Kalna	IN
Kalocsa	HU
Kalodzishchy	BY
Kalol	IN
Kalombe	IN
Kalomo	ZM
Kalpatta	IN
Kalpi	IN
Kaltan	RU
Kaltenkirchen	DE
Kaltungo	NG
Kaluga	RU
Kalugumalai	IN
Kalulushi	ZM
Kalundborg	DK
Kalur Kot	PK
Kalush	UA
Kalutara	LK
Kalwakurti	IN
Kalyan	IN
Kalyandurg	IN
Kalyani	IN
Kalyazin	RU
Kalymnos	GR
Kalynivka	UA
Kalynivskyi	UA
Kalyvia Thorikou	GR
Kam Tin	HK
Kam Ying	HK
Kamabi	GN
Kamachumu	TZ
Kamagaya	JP
Kamaishi	JP
Kamakhyanagar	IN
Kamakura	JP
Kamal	ID
Kamal Pur Majra Burari	IN
Kamala	CI
Kamalabaria N.C.	IN
Kamalapuram	IN
Kamalasai	TH
Kamalganj	IN
Kamalia	PK
Kamalnagar	IN
Kamalpur	IN
Kamalshahr	IR
Kaman	IN
Kamaqhekeza	ZA
Kamar Mushani	PK
Kamareddi	IN
Kamarhati	IN
Kamaruddinnagar	IN
Kamata	JP
Kamateron	GR
Kamatgi	IN
Kamayakkavundanpatti	IN
Kamba	NG
Kambah	AU
Kambainallur	IN
Kambar	PK
Kambarka	RU
Kambia	SL
Kambove	CD
Kameda-honcho	JP
Kamen	DE
Kamen'-Rybolov	RU
Kamen'-na-Obi	RU
Kamenjane	MK
Kamenka	RU
Kamenolomni	RU
Kamensk-Shakhtinsky	RU
Kamensk-Ural'skiy	RU
Kamenz	DE
Kameoka	JP
Kameshkovo	RU
Kameyama	JP
Kamez	AL
Kami	JP
Kami-furano	JP
Kamienna Gora	PL
Kamifukuoka	JP
Kamigori	JP
Kamigoto	JP
Kamigyo-ku	JP
Kamiichi	JP
Kamiigusa	JP
Kamiiso	JP
Kamikatagiri	JP
Kamikawa	JP
Kamikoizumi	JP
Kamimaruko	JP
Kamin-Kashyrskyi	UA
Kamina	CD
Kaminokawa	JP
Kaminoma	JP
Kaminoyama	JP
Kamioi	JP
Kamirenjaku	JP
Kamisu	JP
Kamiya	JP
Kamizawa	JP
Kamloops	CA
Kammivapettai	IN
Kamnik	SI
Kamo	JP
Kamogatacho-kamogata	JP
Kamogawa	JP
Kamojimacho-jogejima	JP
Kamoke	PK
Kamp-Lintfort	DE
Kampala	UG
Kampar	MY
Kampen	NL
Kampene	CD
Kamphaeng Phet	TH
Kampli	IN
Kampong Ayer	BN
Kampong Baharu Cheras Batu Sebelas	MY
Kampong Bakai	MY
Kampong Cham	KH
Kampong Chhnang	KH
Kampong Datuk Keramat	MY
Kampong Dungun	MY
Kampong Java Teban	SG
Kampong Kadok	MY
Kampong Loyang	SG
Kampong Masjid Tanah	MY
Kampong Merbok	MY
Kampong Pangkal Kalong	MY
Kampong Pasir Ris	SG
Kampong Potong Pasir	SG
Kampong Sidam	MY
Kampong Speu	KH
Kampong Thom	KH
Kampong Tunah Jambu	BN
Kampong Ubi	SG
Kampong Ulu Pandan	SG
Kampot	KH
Kamppi	FI
Kampung Alor Mengkudu	MY
Kampung Ayer Keroh	MY
Kampung Ayer Molek	MY
Kampung Baharu Nilai	MY
Kampung Baru Balakong	MY
Kampung Baru Subang	MY
Kampung Baru Ulu Melaka	MY
Kampung Batu Empat	MY
Kampung Bertam Ulu	MY
Kampung Bukit Baharu	MY
Kampung Bukit Tinggi, Bentong	MY
Kampung Cheng	MY
Kampung Chuping	MY
Kampung Hutan Arau	MY
Kampung Jeli	MY
Kampung Jelutong Tengah	MY
Kampung Jerlun	MY
Kampung Kangkar Teberau	MY
Kampung Kerubong	MY
Kampung Kuala Balah	MY
Kampung Kunak	MY
Kampung Kundassang	MY
Kampung Kupang	MY
Kampung Larkin Lama	MY
Kampung Machap Baru	MY
Kampung Manjoi	MY
Kampung Minyak Beku	MY
Kampung Panaga	BN
Kampung Pasir Gudang Baru	MY
Kampung Perak	MY
Kampung Sedenak	MY
Kampung Selang	MY
Kampung Setia	MY
Kampung Simpang Renggam	MY
Kampung Sungai Ara	MY
Kampung Sungai Glugur	MY
Kampung Sungai Kajang	MY
Kampung Tanjung Karang	MY
Kampung Tanjung Keling	MY
Kampung Tanjung Minyak	MY
Kampung Teluk Air Tawar	MY
Kampung Teluk Kemang	MY
Kampung Teluk Kumbar	MY
Kampung Titi Tinggi	MY
Kampur Town	IN
Kamra	PK
Kamsar	GN
Kamskiye Polyany	RU
Kamthi	IN
Kamuhanda / Ruyenzi	RW
Kamuli	UG
Kamunting	MY
Kamuthi	IN
Kamwenge	UG
Kamyanets-Podilskyi	UA
Kamyanka	UA
Kamyanka-Buzka	UA
Kamyanka-Dniprovska	UA
Kamyanobridskyi	UA
Kamyanske	UA
Kamyaran	IR
Kamyshin	RU
Kamyshlov	RU
Kamyzyak	RU
Kan Nar Middle	MM
Kan'onjicho	JP
Kanaishima	JP
Kanakapura	IN
Kanaker-Zeytun	AM
Kanakir	SY
Kanakono	CI
Kanamachi	JP
Kananga	CD
Kanar	IN
Kanash	RU
Kanasin	MX
Kanata	CA
Kanaya	JP
Kanayannur	IN
Kanazawa	JP
Kanbalu	MM
Kanbara	JP
Kanbe	MM
Kanchanaburi	TH
Kanchanpur	IN
Kanchipuram	IN
Kanchrapara	IN
Kanda	JP
Kandahar	AF
Kandalaksha	RU
Kandalloor	IN
Kandamkunnu	IN
Kandana	LK
Kandanissheri	IN
Kandari	IN
Kande	TG
Kandete	TZ
Kandhkot	PK
Kandhla	IN
Kandi	BJ
Kandiaro	PK
Kandira	TR
Kandla	IN
Kandoeng	KH
Kandri	IN
Kandry	RU
Kandukur	IN
Kandy	LK
Kandyagash	KZ
Kanegasaki	JP
Kanegusuku	JP
Kanekomachi	JP
Kanel	SN
Kaneohe	US
Kanevskaya	RU
Kangaba	ML
Kangal	TR
Kanganpur	PK
Kangar	MY
Kangarali-budrukh	IN
Kangaroo Flat	AU
Kangasala	FI
Kangavar	IR
Kangayam	IN
Kangding	CN
Kangdong-up	KP
Kangeyanallur	IN
Kanggye	KP
Kangiwa	NG
Kangkar	SG
Kangle	CN
Kangnyong	KP
Kangson	KP
Kangundo	KE
Kanhan	IN
Kanhangad	IN
Kanhirode	IN
Kani	JP
Kanie	JP
Kanifing	GM
Kanigiri	IN
Kanigiri U	IN
Kanina Khas	IN
Kaniv	UA
Kaniyarakod-Kizhakumuri	IN
Kaniyur	IN
Kanjari	IN
Kanjhawala	IN
Kanjia	CN
Kanjikkovil	IN
Kanjiramkulam	IN
Kanjiza	RS
Kankaanpaeae	FI
Kankakee	US
Kankan	GN
Kankauli	IN
Kanke	IN
Kanker	IN
Kankipadu	IN
Kankon	IN
Kanmaki	JP
Kannabecho-yahiro	JP
Kannad	IN
Kannadiparamba	IN
Kannamangalam	IN
Kannampalaiyam	IN
Kannanendal	IN
Kannankurichchi	IN
Kannapolis	US
Kannapuram	IN
Kannauj	IN
Kannelmaeki	FI
Kannivadi	IN
Kanniyakumari	IN
Kannod	IN
Kannur	IN
Kano	NG
Kanodar	IN
Kanor	IN
Kanota	IN
Kanowit	MY
Kanoya	JP
Kanpur	IN
Kansad	IN
Kansanshi	ZM
Kansapur	IN
Kansas City	US
Kansipati	PH
Kansk	RU
Kant	IN
Kantabanji	IN
Kantagi	KZ
Kantai	IN
Kantang	TH
Kantaphor	IN
Kantemirovka	RU
Kanth	IN
Kantharalak	TH
Kantyshevo	RU
Kanuma	JP
Kanungu	UG
Kanuru	IN
Kanyama	CD
Kanye	BW
Kanyobagonga	CD
Kanzakimachi-kanzaki	JP
Kaohsiung	TW
Kaolack	SN
Kaoma	ZM
Kaouara	CI
Kaoueni	YT
Kapa'a	US
Kapadvanj	IN
Kapan	AM
Kapar	MY
Kapas Herd	IN
Kapasan	IN
Kapchorwa	UG
Kapellen	BE
Kapenguria	KE
Kapiri Mposhi	ZM
Kapit	MY
Kapolei	US
Kaposvar	HU
Kapotnya	RU
Kappiyara	IN
Kapren	IN
Kapsabet	KE
Kapsan-up	KP
Kapurthala Town	IN
Kaputa	ZM
Kapuvar	HU
Kaqun	CN
Kara	TG
Kara Suu	KG
Kara-Balta	KG
Kara-Kul'	KG
Kara-Kulja	KG
Karabaglar	TR
Karabanovo	RU
Karabash	RU
Karabudakhkent	RU
Karabuek	TR
Karabulak	RU
Karacabey	TR
Karacaoeren	TR
Karachayevsk	RU
Karachev	RU
Karachi	PK
Karachi University Employees Co-operative Housing Society	PK
Karacoban	TR
Karad	IN
Karagandy	KZ
Karahrud	IR
Karaikal	IN
Karaikkudi	IN
Karaippudur	IN
Karaj	IR
Karak	PK
Karak City	JO
Karaki	CN
Karakkad	IN
Karakocan	TR
Karakol	KG
Karakul'	UZ
Karala	IN
Karamadai	IN
Karaman	TR
Karamay	CN
Karambakkudi	IN
Karambi	RW
Karamsad	IN
Karamuck	IN
Karamuersel	TR
Karang	SN
Karangampel	ID
Karanganom	ID
Karangnongko	ID
Karangsembung	ID
Karanja	IN
Karanjia	IN
Karankasso	BF
Karanpur	IN
Karapinar	TR
Karari	IN
Karasu	TR
Karasu Mahallesi	TR
Karasuk	RU
Karasuyama	JP
Karatau	KZ
Karatina	KE
Karatsu	JP
Karauli	IN
Karawalnagar	IN
Karawang	ID
Karbala	IQ
Karben	DE
Karcag	HU
Karczew	PL
Kardhan	IN
Karditsa	GR
Kardzhali	BG
Kareli	IN
Karema	TZ
Karengera	RW
Karera	IN
Kargal	IN
Kargat	RU
Kargil	IN
Kargopol'	RU
Karhal	IN
Karhula	FI
Kari	NG
Karia Ba Mohamed	MA
Kariapatti	IN
Kariba	ZW
Kariega	ZA
Karikad	IN
Karimangalam	IN
Karimganj	IN
Karimnagar	IN
Karingal	IN
Karivali	IN
Kariya	JP
Karjan	IN
Karjat	IN
Karkala	IN
Karlin	CZ
Karlivka	UA
Karlova Ves	SK
Karlovac	HR
Karlovo	BG
Karlovy Vary	CZ
Karlowice	PL
Karlowice-Rozanka	PL
Karlsfeld	DE
Karlshamn	SE
Karlshorst	DE
Karlskoga	SE
Karlskrona	SE
Karlsruhe	DE
Karlstad	SE
Karlstadt	DE
Karmala	IN
Karmeta	IN
Karmi'el	IL
Karnal	IN
Karnaphuli	BD
Karnawad	IN
Karnobat	BG
Karo	IN
Karoi	ZW
Karol Bagh	IN
Karoliniskes	LT
Karonga	MW
Karor	PK
Karori	NZ
Karow	DE
Karpinsk	RU
Karrapur	IN
Karratha	AU
Kars	TR
Karsiyaka	TR
Kartaly	RU
Kartarpur	IN
Kartasura	ID
Karthikappally	IN
Kartuzy	PL
Karuizawa	JP
Karukh	AF
Karukkalvadi	IN
Karumalur	IN
Karumandi Chellipalaiyam	IN
Karumattampatti	IN
Karumbakkam	IN
Karungappalli	IN
Karunguli	IN
Karuppur	IN
Karur	IN
Karuri	KE
Karusi	BI
Karuva	IN
Karuvanthuruthy	IN
Karuvellur	IN
Karvina	CZ
Karwar	IN
Karymskoye	RU
Kas	SD
Kasaali	UG
Kasai	JP
Kasaishi	JP
Kasama	ZM
Kasamatsucho	JP
Kasambya	UG
Kasamwa	TZ
Kasanda	UG
Kasangati	UG
Kasangulu	CD
Kasanje	UG
Kasaoka	JP
Kasara	IN
Kasaragod	IN
Kasba	IN
Kasba Tadla	MA
Kasdol	IN
Kaseda-shirakame	JP
Kasempa	ZM
Kasese	UG
Kaset Sombun	TH
Kaset Wisai	TH
Kasganj	IN
Kashgar	CN
Kashiba	JP
Kashihara	JP
Kashihara-shi	JP
Kashima	JP
Kashima-shi	JP
Kashin	RU
Kashipur	IN
Kashira	RU
Kashiwa	JP
Kashiwara	JP
Kashiwazaki	JP
Kashmar	IR
Kashmor	PK
Kasibugga	IN
Kasihan	ID
Kasimov	RU
Kasin	MM
Kasipalaiyam	IN
Kasli	RU
Kasoa	GH
Kasongo	CD
Kasongo-Lunda	CD
Kasozi	UG
Kaspi	GE
Kaspiysk	RU
Kasrawad	IN
Kassala	SD
Kassel	DE
Kassere	CI
Kasserine	TN
Kastamonu	TR
Kastanayevo	RU
Kastav	HR
Kastel	DE
Kasterlee	BE
Kastoria	GR
Kastsyukowka	BY
Kasuga	JP
Kasugai	JP
Kasukabe	JP
Kasulu	TZ
Kasumi	JP
Kasumigaura	JP
Kasumkent	RU
Kasungu	MW
Kasur	PK
Kataba	ZM
Katabi	UG
Katagami	JP
Katagum	NG
Kataiya	IN
Katakai	JP
Katalem va Sadat Shahr	IR
Katanawa	JP
Katanda	CD
Katangi	IN
Katano	JP
Kataragama	LK
Katav-Ivanovsk	RU
Katavallur	IN
Kataysk	RU
Katerero	TZ
Katerini	GR
Katerynivka	UA
Katesh	TZ
Katete	ZM
Katghora	IN
Katha	MM
Kathanian	IN
Katheru	IN
Kathhara	IN
Kathlal	IN
Kathmandu	NP
Kathor	IN
Kathu	TH
Kathua	IN
Kati	ML
Katihar	IN
Katima Mulilo	NA
Katiola	CI
Katipunan	PH
Katirur	IN
Kato	JP
Kato Lakatameia	CY
Kato Polemidia	CY
Katobu	ID
Katoke	UG
Katol	IN
Katori-shi	JP
Katoro	TZ
Katowice	PL
Katoya	IN
Katpadi	IN
Katras	IN
Katrineholm	SE
Katsina	NG
Katsina-Ala	NG
Katsumada	JP
Katsuragi	JP
Katsuren-haebaru	JP
Katsushika	JP
Katsuta	JP
Katsuura	JP
Katsuyama	JP
Kattakampala	IN
Kattanam	IN
Kattaqo'rg'on Shahri	UZ
Kattatturai	IN
Kattipparutti	IN
Kattivakkam	IN
Kattumannarkoil	IN
Kattupputtur	IN
Kattur	IN
Katumba	TZ
Katunayaka	LK
Katutura	NA
Katwa	CD
Katwijk aan Zee	NL
Katy	US
Kau Wa Keng	HK
Kaufbeuren	DE
Kaufungen	DE
Kauhajoki	FI
Kauhava	FI
Kaukajaervi	FI
Kaukauna	US
Kaulsdorf	DE
Kaunas	LT
Kauniainen	FI
Kaura Namoda	NG
Kavadarci	MK
Kavaje	AL
Kavakli	TR
Kavala	GR
Kavalerovo	RU
Kavali	IN
Kavanur	IN
Kavar	IR
Kavaratti	IN
Kavarna	BG
Kaveripak	IN
Kaveripatnam	IN
Kavieng	PG
Kavisuryanagar	IN
Kavkazskaya	RU
Kawachi-Nagano	JP
Kawage	JP
Kawagoe	JP
Kawaguchi	JP
Kawaida	KE
Kawake	CN
Kawalu	ID
Kawambwa	ZM
Kawaminami	JP
Kawanishi	JP
Kawanoecho	JP
Kawara	JP
Kawardha	IN
Kawasaki	JP
Kawasan Penempatan Ulu Benut Lima	MY
Kawasan Penempatan Ulu Benut Tiga	MY
Kawasan Penempatan Ulu Sungai Benut	MY
Kawasan Perindustrian Cheng	MY
Kawasi	ID
Kawatana	JP
Kawit	PH
Kawkareik	MM
Kawm Hamadah	EG
Kawthoung	MM
Kax	CN
Kaya	BF
Kayakent	RU
Kayalpattinam	IN
Kayamkulam	IN
Kayan	MM
Kayanza	BI
Kayar	SN
Kayattar	IN
Kayes	ML
Kayna	CD
Kaynasli	TR
Kayonza	RW
Kays Qal'ah	IQ
Kayseri	TR
Kaysville	US
Kayunga	UG
Kayyerkan	RU
Kazan	RU
Kazanlak	BG
Kazanskaya	RU
Kazarman	KG
Kazaure	NG
Kazerun	IR
Kazincbarcika	HU
Kazo	JP
Kazungula	ZM
Kazygurt	KZ
Kbombole	SN
Ke-Macina	ML
Kearney	US
Kearns	US
Kearny	US
Kearsley	GB
Keat Hong Village	SG
Kebemer	SN
Kebili	TN
Kebisoni	UG
Kebomas	ID
Kebonarun	ID
Kebri Dahar	ET
Keciborlu	TR
Kecskemet	HU
Keda	CN
Kedainiai	LT
Kedia	IN
Kediri	ID
Kedougou	SN
Kedrovka	RU
Kedungwaru	ID
Kedungwuni	ID
Kedzierzyn-Kozle	PL
Keelesdale-Eglinton West	CA
Keelung	TW
Keene	US
Keerikkad	IN
Keetmanshoop	NA
Keevallur	IN
Keezhkulam	IN
Kefamenanu	ID
Keffi	NG
Keflavik	IS
Kegalle	LK
Kegeyli Shahar	UZ
Kehl	DE
Keighley	GB
Keila	EE
Keilor East	AU
Keirao Bitra	IN
Keita	NE
Keizer	US
Kekem	CM
Kekri	IN
Kelaa Kebira	TN
Kelaat Mgouna	MA
Kelamangalam	IN
Kelaniya	LK
Kelapa Sawit	MY
Kelar	IQ
Kele	ET
Kelenfoeld	HU
Kelheim	DE
Kelibia	TN
Kelishad va Sudarjan	IR
Kelkheim	DE
Kelkit	TR
Kellabine	TN
Keller	US
Kellyville	AU
Kellyville Ridge	AU
Kelmscott	AU
Kelo	TD
Kelowna	CA
Kelso	US
Kelsterbach	DE
Kelwa	IN
Kem'	RU
Kemalpasa	TR
Kemasik	MY
Kembangan	SG
Kemer	TR
Kemerovo	RU
Kemi	FI
Kemigawa	JP
Kemin	KG
Kemise	ET
Kemp Mill	US
Kempanayakkanpalaiyam	IN
Kempas	MY
Kempele	FI
Kempen	DE
Kempston	GB
Kempston Hardwick	GB
Kempten (Allgaeu)	DE
Kemri	IN
Ken Caryl	US
Kencong	ID
Kenda	IN
Kendal	GB
Kendale Lakes	US
Kendall	US
Kendall West	US
Kendari	ID
Kendraparha	IN
Kenema	SL
Keng Hau	HK
Keng Tung	MM
Kenge	CD
Kenilworth	GB
Keningau	MY
Kenitra	MA
Kenley	GB
Kenmore	US
Kennedy Park	CA
Kennedy Street	US
Kenner	US
Kennesaw	US
Kennett	US
Kennewick	US
Kenol	KE
Kenora	CA
Kenosha	US
Kensal Green	GB
Kenscoff	HT
Kensington	US
Kensington-Cedar Cottage	CA
Kensington-Chinatown	CA
Kent	US
Kentau	KZ
Kenton	ZA
Kentron	AM
Kentville	CA
Kentwood	US
Kenwood	US
Kenzhe	RU
Keokuk	US
Keonjhargarh	IN
Kep	KH
Kepala Batas	MY
Kepanjen	ID
Kepno	PL
Kepong	MY
Keratsini	GR
Kerava	FI
Kerben	KG
Kerch	UA
Kercha	ET
Keren	ER
Kericho	KE
Kerkandi	IN
Kerkera	DZ
Kerki	TM
Kerkrade	NL
Kerman	IR
Kermanshah	IR
Kernersville	US
Keroka	KE
Kerou	BJ
Kerouane	GN
Kerpen	DE
Kerr Serign	GM
Kerrisdale	CA
Kerrville	US
Kertih	MY
Kertosono	ID
Keru	IN
Kerugoya	KE
Keruh	MY
Kerur	IN
Kesabpur	BD
Kesan	TR
Kesap	TR
Kesariya	IN
Kesennuma	JP
Kesgrave	GB
Keshod	IN
Keshorai Patan	IN
Kesinga	IN
Keskal	IN
Keskin	TR
Kesrisinghpur	IN
Kessel-Lo	BE
Kessenich	DE
Kestel	TR
Keswick	CA
Keszthely	HU
Keta	GH
Ketanggungan	ID
Kete Krachi	GH
Ketesso	CI
Ketou	BJ
Ketro	CI
Ketrzyn	PL
Ketsch	DE
Kettering	GB
Kety	PL
Keur Madiabel	SN
KeurMedoune	SN
Kevelaer	DE
Kew	AU
Kew Gardens	US
Kew Gardens Hills	US
Kewanee	US
Key Biscayne	US
Key Largo	US
Key West	US
Keynsham	GB
Keysborough	AU
Keystone	US
Kez	RU
Kezilexilike	CN
Kezmarok	SK
Kfar Saba	IL
Kfar Yasif	IL
KfarYona	IL
Kgwaripe	ZA
Khabarovsk	RU
Khabarovsk Vtoroy	RU
Khachrod	IN
Khada	IN
Khadbari	NP
Khadkale	IN
Khadki	IN
Khadki Buzurg	IN
Khadyzhensk	RU
Khaga	IN
Khagaria	IN
Khagaul	IN
Khagrachhari	BD
Khai Gala	PK
Khailar	IN
Khair	IN
Khaira	IN
Khaira Bari	IN
Khairabad	IN
Khairagarh	IN
Khairpur	PK
Khairpur Mir's	PK
Khairpur Nathan Shah	PK
Khairpur Tamewah	PK
Khairtal	IN
Khajoori Khas	IN
Khajuraho Group of Monuments	IN
Khalabat	PK
Khalandrion	GR
Khalari	IN
Khali Kachigam	IN
Khalifah A City	AE
Khalil Shahr	IR
Khalilabad	IN
Khalis	IQ
Khalkhal	IR
Khallikot	IN
Kham Sakae Saeng	TH
Khamanon Kalan	IN
Khamaria	IN
Khambhaliya	IN
Khambhat	IN
Khamgaon	IN
Khamis Mushait	SA
Khammam	IN
Khan Bebin	IR
Khan Na Yao	TH
Khan Neshin	AF
Khan Shaykhun	SY
Khan Yunis	PS
Khanabad	AF
Khanapur	IN
Khanapuram Haveli	IN
Khanaqin	IQ
Khandela	IN
Khandwa	IN
Khangah Dogran	PK
Khangarh	PK
Khanh Vinh Yen	VN
Khaniadhana	IN
Khanna	IN
Khanpur	PK
Khanpur Mahar	PK
Khanr	IN
Khanskaya	RU
Khanty-Mansiysk	RU
Khanu Woralaksaburi	TH
Khanzhonkivskyi	UA
Khanzhonkove	UA
Khao Saming	TH
Khao Wong	TH
Khao Yoi	TH
Khapa	IN
Khapat	IN
Khar	PK
Kharabali	RU
Kharaghoda	IN
Kharagpur	IN
Kharakvasla	IN
Kharan	PK
Kharar	IN
Khardah	IN
Kharela	IN
Khargapur	IN
Kharghar	IN
Khargone	IN
Kharhial	IN
Kharian	PK
Khariar Road	IN
Kharkhauda	IN
Kharkiv	UA
Kharkivskyi Masyv	UA
Kharod	IN
Kharovsk	RU
Kharsia	IN
Khartoum	SD
Khartoum North	SD
Khartsyzk	UA
Kharupatia	IN
Khasab	OM
Khasavyurt	RU
Khash	IR
Khashm al Qirbah	SD
Khashuri	GE
Khatauli	IN
Khategaon	IN
Khatima	IN
Khatra	IN
Khawr Fakkan	AE
Khawzawl	IN
Khe Sanh	VN
Khed	IN
Kheda	IN
Khedbrahma	IN
Khekra	IN
Khem Karan	IN
Khemis Miliana	DZ
Khemis el Khechna	DZ
Khemisset	MA
Khenchela	DZ
Khenichet-sur Ouerrha	MA
Khenifra	MA
Kheralu	IN
Kherdi	IN
Kheri	IN
Kheri Nangal	IN
Kheri Sampla	IN
Kherli	IN
Kherson	UA
Khetia	IN
Khetri	IN
Khetsamsenok	TH
Khewra	PK
Khilchipur	IN
Khilok	RU
Khimki	RU
Khirdalan	AZ
Khiri Mat	TH
Khirkiya	IN
Khlong Chan	TH
Khlong Kum	TH
Khlong Luang	TH
Khlong Sam Wa	TH
Khlong San	TH
Khlong Toei	TH
Khlong Yai	TH
Khlung	TH
Khmelnytskyi	UA
Khmilnyk	UA
Khnach Romeas	KH
Khobar	SA
Kholmsk	RU
Kholmskiy	RU
Khomam	IR
Khombole	SN
Khomeyn	IR
Khomeyni Shahr	IR
Khon Buri	TH
Khon Kaen	TH
Khongapani	IN
Khoni	IN
Khonsa	IN
Khopoli	IN
Khor	RU
Khordha	IN
Khorixas	NA
Khorol	UA
Khorol'	RU
Khoroshevo-Mnevniki	RU
Khorramabad	IR
Khorramdarreh	IR
Khorramshahr	IR
Khorugh	TJ
Khost	AF
Khosta	RU
Khot'kovo	RU
Khouribga	MA
Khovd	MN
Khowa	ZA
Khowai	IN
Khowrzuq	IR
Khowy	IR
Khoyniki	BY
Khreshchatyi Yar	UA
Khrestivka	UA
Khromtau	KZ
Khrustalnyi	UA
Khudaganj	IN
Khujand	TJ
Khujner	IN
Khulays	SA
Khuldabad	IN
Khulm	AF
Khulna	BD
Khunays	TN
Khunti	IN
Khurai	IN
Khurarianwala	PK
Khuraybat as Suq	JO
Khurja	IN
Khushab	PK
Khusropur	IN
Khust	UA
Khutar	IN
Khuzdar	PK
Khvaf	IR
Khvalynsk	RU
Khvansar	IR
Khwaeng Bang Khae	TH
Khwaeng Bang Plat	TH
Khwisero	KE
Kiamba	PH
Kiambu	KE
Kiba	JP
Kibaha	TZ
Kibaigwa	TZ
Kibakwe	TZ
Kibara	TZ
Kibiito	UG
Kibiti	TZ
Kiboga	UG
Kibondo	TZ
Kibre Mengist	ET
Kibungo	RW
Kibuye	RW
Kicevo	MK
Kichha	IN
Kichijoji-honcho	JP
Kidal	ML
Kidapawan	PH
Kidarakulam	IN
Kidatu	TZ
Kidbrooke	GB
Kidderminster	GB
Kidira	SN
Kidlington	GB
Kidodi	TZ
Kidsgrove	GB
Kiel	DE
Kielce	PL
Kien An	VN
Kien Hai	VN
Kierspe	DE
Kiffa	MR
Kifisia	GR
Kifri	IQ
Kigali	RW
Kigoma	TZ
Kigonsera	TZ
Kigumba	UG
Kihancha	KE
Kihangara	TZ
Kihara	JP
Kihei	US
Kihihi	UG
Kihoku	JP
Kihoku-cho	JP
Kiiminki	FI
Kikinda	RS
Kiklah	LY
Kikube	UG
Kikuchi	JP
Kikugawa	JP
Kikuna	JP
Kikuyu	KE
Kikwit	CD
Kil Bhuvanagiri	IN
Kilakarai	IN
Kilapavoor	IN
Kilattingal	IN
Kilburn	GB
Kilgore	US
Kilgoris	KE
Kilifi	KE
Kilindoni	TZ
Kilinochchi	LK
Kilis	TR
Kiliya	UA
Kilju	KP
Kilkenny	IE
Kilkis	GR
Killai	IN
Killannur	IN
Killara	AU
Killarney	CA
Killeen	US
Killingly Center	US
Kilmarnock	GB
Kilo	FI
Kilosa	TZ
Kilquade	IE
Kilsyth	AU
Kilwa Masoko	TZ
Kilwinning	GB
Kim	IN
Kimamba	TZ
Kimana	KE
Kimbe	PG
Kimberley	ZA
Kimhae	KR
Kimilili	KE
Kiminini	KE
Kimitsu	JP
Kimje	KR
Kimokawa	JP
Kimovsk	RU
Kimpese	CD
Kimry	RU
Kin	JP
Kinabatangan	MY
Kinana	SD
Kinarut	MY
Kindi	BF
Kindia	GN
Kindrativskyi	UA
Kindu	CD
Kinel'	RU
Kinel'-Cherkassy	RU
Kineshma	RU
King City	US
King of Prussia	US
King's Cross	GB
King's Lynn	GB
Kingaroy	AU
Kingersheim	FR
Kingisepp	RU
Kingman	US
Kingori	TZ
Kings Bridge	US
Kings Mountain	US
Kings Park	US
Kings Park West	US
Kings Point	US
Kingsburg	US
Kingsessing	US
Kingsford	AU
Kingsgate	US
Kingsgrove	AU
Kingsland	US
Kingsley	AU
Kingsport	US
Kingsteignton	GB
Kingston	JM
Kingston upon Hull	GB
Kingston upon Thames	GB
Kingstown	VC
Kingsview Village-The Westway	CA
Kingsville	US
Kingswinford	GB
Kingswood	GB
Kingswood Park	AU
Kinigi	RW
Kinik	TR
Kinkala	CG
Kinna	SE
Kinnelon	US
Kinoenishi	JP
Kinoi	KE
Kinokawa	JP
Kinoni	UG
Kinoshita	JP
Kinrooi	BE
Kinross	ZA
Kinshasa	CD
Kinston	US
Kintampo	GH
Kintinian	GN
Kinwat	IN
Kinzan	KR
Kiomboi	TZ
Kipamba	CD
Kiphire	IN
Kippax	GB
Kipushi	CD
Kira	UG
Kirakat	IN
Kirambo	RW
Kirando	TZ
Kirandul	IN
Kiranur	IN
Kiraoli	IN
Kirari Sulemannagar	IN
Kiratpur	IN
Kiratu	TZ
Kiraz	TR
Kirchberg	LU
Kirchhain	DE
Kirchheim bei Muenchen	DE
Kirchheim unter Teck	DE
Kirchhundem	DE
Kirchlengern	DE
Kirchlinde	DE
Kirchlinteln	DE
Kirchrode	DE
Kirchwerder	DE
Kirdasah	EG
Kirecocagi	TR
Kireka	UG
Kirensk	RU
Kireyevsk	RU
Kirguli	UZ
Kirikhan	TR
Kirikkale	TR
Kirimbi	RW
Kirippatti	IN
Kirishi	RU
Kirishima	JP
Kirk Sandall	GB
Kirkagac	TR
Kirkby	GB
Kirkby in Ashfield	GB
Kirkcaldy	GB
Kirkdale	GB
Kirkel	DE
Kirkintilloch	GB
Kirkkonummi	FI
Kirkland	US
Kirklareli	TR
Kirksville	US
Kirkuk	IQ
Kirkwood	US
Kirodimalnagar	IN
Kirov	RU
Kirovgrad	RU
Kirovo-Chepetsk	RU
Kirovsk	RU
Kirs	RU
Kirsanov	RU
Kirsehir	TR
Kirtipur	NP
Kiruhura	UG
Kirumba	CD
Kiruna	SE
Kirundo	BI
Kirwan	AU
Kiryandongo Refugee Camp	UG
Kiryas Joel	US
Kiryat Gat	IL
Kiryat Ono	IL
Kiryu	JP
Kirzhach	RU
Kisai	JP
Kisanga	TZ
Kisangani	CD
Kisaran	ID
Kisarawe	TZ
Kisarazu	JP
Kisasa	TZ
Kisela Voda	MK
Kiselevsk	RU
Kiserian	KE
Kisesa	TZ
Kish	IR
Kishaba	JP
Kishanganj	IN
Kishangarh	IN
Kishapu	TZ
Kishimoto	JP
Kishiwada	JP
Kishorganj	BD
Kishtwar	IN
Kisi	NG
Kisii	KE
Kisilevsk	RU
Kisinga	UG
Kiskoros	HU
Kiskunfelegyhaza	HU
Kiskunhalas	HU
Kiskunmajsa	HU
Kislovodsk	RU
Kismayo	SO
Kiso	JP
Kisoro	UG
Kispest	HU
Kissidougou	GN
Kissimmee	US
Kissing	DE
Kista	SE
Kistarcsa	HU
Kisujszallas	HU
Kisumu	KE
Kisvarda	HU
Kita	JP
Kita-Akita	JP
Kitagata	JP
Kitahama	JP
Kitahiroshima	JP
Kitaibaraki	JP
Kitakami	JP
Kitakata	JP
Kitakyushu	JP
Kitale	KE
Kitama	TZ
Kitami	JP
Kitamoto	JP
Kitanagoya	JP
Kitangari	TZ
Kitchener	CA
Kitengela	KE
Kitgum	UG
Kithor	IN
Kitob	UZ
Kitsilano	CA
Kitsuki	JP
Kitui	KE
Kituku	CD
Kitwe	ZM
Kitzingen	DE
Kiunga	PG
Kivertsi	UA
Kivistoe	FI
Kivsharivka	UA
Kiwira	TZ
Kiyawa	NG
Kiyose	JP
Kiyosu	JP
Kizel	RU
Kizhake Chalakudi	IN
Kizhakkumbagam	IN
Kizhariyur	IN
Kizhuparamba	IN
Kizhuvalam-Koonthalloor	IN
Kiziba	UG
Kizilcahamam	TR
Kiziltepe	TR
Kizilyurt	RU
Kizlyar	RU
Kizugawa	JP
Kladno	CZ
Kladow	DE
Klaeng	TH
Klagenfurt am Woerthersee	AT
Klahanie	US
Klaipeda	LT
Klamath Falls	US
Klang	MY
Klangenan	ID
Klasterec nad Ohri	CZ
Klaten	ID
Klatovy	CZ
Klaukkala	FI
Klazienaveen	NL
Klebang Besar	MY
Kleefeld	DE
Kleinblittersdorf	DE
Kleinmachnow	DE
Kleinzschocher	DE
Klerksdorp	ZA
Kletnya	RU
Kletsk	BY
Kleve	DE
Klimovichi	BY
Klimovo	RU
Klimovsk	RU
Klin	RU
Klingenstein	DE
Klinteby Frihed	DK
Klintsy	RU
Klobuck	PL
Klodzko	PL
Klosterneuburg	AT
Kloten	CH
Klotzsche	DE
Klouekanme	BJ
Klov	UA
Kluang	MY
Kluczbork	PL
Klungkung	ID
Klyuchi	RU
Knaresborough	GB
Knightdale	US
Knightsbridge and Belgravia	GB
Knik-Fairview	US
Knittelfeld	AT
Knjazevac	RS
Knocklyon	IE
Knokke	BE
Knokke-Heist	BE
Knottingley	GB
Knotty Ash	GB
Knowle	GB
Knowledge Village	AE
Knoxville	US
Knurow	PL
Knutsford	GB
Knysna	ZA
Ko Chang	TH
Ko Pha Ngan	TH
Ko Samui	TH
Koath	IN
Kobakma	ID
Kobang	MY
Kobanya	HU
Kobayashi	JP
Kobe	JP
Koblenz	DE
Kobo	ET
Koboko	UG
Kobryn	BY
Kobuleti	GE
Kobylisy	CZ
Kobylka	PL
Kocaali	TR
Koch Bihar	IN
Koch'ang	KR
Kochani	MK
Kochenevo	RU
Kochi	IN
Kochkor-Ata	KG
Kochubeyevskoye	RU
Kodaikanal	IN
Kodaira	JP
Kodala	IN
Kodamacho-kodamaminami	JP
Kodamthuruth	IN
Kodar	IN
Kodarma	IN
Kodavasal	IN
Kodikkulam	IN
Kodinar	IN
Kodinsk	RU
Kodoli	IN
Kodumudi	IN
Kodungallur	IN
Kodur	IN
Koduvayur	IN
Koekelberg	BE
Koeln	DE
Koelwar	IN
Koeneuergench	TM
Koenigs Wusterhausen	DE
Koenigslutter am Elm	DE
Koenigstaedten	DE
Koenigstein im Taunus	DE
Koenigswinter	DE
Koeniz	CH
Koepenick	DE
Koeping	SE
Koerfez	TR
Koersel	BE
Koesan	KR
Koethen	DE
Koezepso-Ferencvaros	HU
Kofele	ET
Koffiefontein	ZA
Koforidua	GH
Kofu	JP
Koga	JP
Kogalym	RU
Koganei	JP
Kogarah	AU
Koge	DK
Kogon Shahri	UZ
Kogota	JP
Kogota-ekimae	JP
Koh Kong	KH
Kohat	PK
Kohima	IN
Kohlu	PK
Kohoutovice	CZ
Kohtla-Jaerve	EE
Koidu	SL
Koipadi	IN
Koka	JP
Kokhma	RU
Kokkola	FI
Kokofata	ML
Kokologo	BF
Kokomo	US
Kokopo	PG
Kokoszki	PL
Kokotamangalam South	IN
Kokoumbo	CI
Kokrajhar	IN
Koksan-up	KP
Kokshetau	KZ
Koksijde	BE
Kokstad	ZA
Kokubu-matsuki	JP
Kokubunji	JP
Kokyar	CN
Kol'chugino	RU
Kola	RU
Kola'a	SB
Kolaboui	GN
Kolaccheri	IN
Kolar	IN
Kolaras	IN
Kolarovo	SK
Kolasib	IN
Kolavallur	IN
Kolazhi	IN
Kolbermoor	DE
Kolbuszowa	PL
Kolda	SN
Kolding	DK
Kolea	DZ
Kolente	GN
Kolhapur	IN
Kolia	CI
Kolin	CZ
Kolkata	IN
Kolkhozobod	TJ
Kolkwitz	DE
Kollam	IN
Kollancode	IN
Kollegal	IN
Kollivayal	IN
Kollo	NE
Kolno	PL
Kolo	PL
Kolobrzeg	PL
Kolokani	ML
Kolomenskoye	RU
Kolomna	RU
Kolomyagi	RU
Kolomyia	UA
Kolondieba	ML
Kolonnawa	LK
Kolpashevo	RU
Kolpino	RU
Koltushi	RU
Koluszki	PL
Kolwezi	CD
Kolyvan'	RU
Kom Ombo	EG
Komae	JP
Komagane	JP
Komagome	JP
Komaki	JP
Komalapuram	IN
Komarno	SK
Komarom	HU
Komatipoort	ZA
Komatsu	JP
Komatsushimacho	JP
Kombai	IN
Kombissiri	BF
Kombolcha	ET
Komendantsky aerodrom	RU
Komlo	HU
Kommunar	RU
Komono	JP
Komoro	JP
Komotini	GR
Kompalli	IN
Kompienga	BF
Komsomol'skiy	RU
Komsomolsk-on-Amur	RU
Komtikas	ET
Komusan Il-tong	KP
Komyshova Bukhta	UA
Kon Tum	VN
Konaje	IN
Konak	TR
Konakli	TR
Konakovo	RU
Konan	JP
Konarak	IR
Konarka	IN
Konayev	KZ
Konch	IN
Kondagaon	IN
Kondalampatti	IN
Kondalwadi	IN
Kondapalle	IN
Kondasamudram	IN
Kondhi	IN
Kondichettippatti	IN
Kondli	IN
Kondoa	TZ
Kondopoga	RU
Kondotty	IN
Kondovo	MK
Kondrovo	RU
Konduga	NG
Kondur	IN
Kone Ta La Paung	MM
Konedougou	CI
Konefla	CI
Kong	CI
Kongens Lyngby	DK
Kongolo	CD
Kongoussi	BF
Kongsberg	NO
Kongsvinger	NO
Kongtan	CN
Kongwa	TZ
Konibodom	TJ
Konigsbrunn	DE
Konin	PL
Konjic	BA
Konnagar	IN
Konnur	IN
Konobeyevo	RU
Konongo	GH
Konosha	RU
Konosu	JP
Konotop	UA
Konskie	PL
Konstancin-Jeziorna	PL
Konstantinovsk	RU
Konstantynow Lodzki	PL
Konstanz	DE
Kontagora	NG
Kontich	BE
Kontiolahti	FI
Kontula	FI
Konya	TR
Konz	DE
Koolauloa	US
Koori	JP
Koothanallur	IN
Koothappar	IN
Koovappady	IN
Kop'ung	KP
Kopaganj	IN
Kopali	IN
Kopargaon	IN
Kopargo	BJ
Kopavogur	IS
Kopawor	IN
Koper	SI
Kopervik	NO
Kopeysk	RU
Kopoky	MG
Kopong	BW
Koppal	IN
Koppies	ZA
Koprivnica	HR
Koprivnice	CZ
Kora	RW
Korablino	RU
Koraput	IN
Koratagere	IN
Koratla	IN
Koratti	IN
Korb	DE
Korba	IN
Korbach	DE
Korce	AL
Kord Kuy	IR
Koreatown	US
Koregaon	IN
Korem	ET
Korenovsk	RU
Korgan	TR
Korhogo	CI
Korinthos	GR
Koriukivka	UA
Koriyama	JP
Korkino	RU
Korkuteli	TR
Korla	CN
Kormend	HU
Kormilovka	RU
Korneuburg	AT
Kornhill	HK
Korntal	DE
Kornwestheim	DE
Koro	ML
Korochi	IN
Korogwe	TZ
Korokaha	CI
Korolev	RU
Korolevo	UA
Koronadal	PH
Koronowo	PL
Koropi	GR
Koror	PW
Koror Town	PW
Korosten	UA
Korostyshiv	UA
Korrewegwijk	NL
Korsakov	RU
Korschenbroich	DE
Korsholm	FI
Korsimoro	BF
Korsor	DK
Korsun-Shevchenkivskyy	UA
Kortemark	BE
Kortenberg	BE
Kortrijk	BE
Korvel	NL
Korwai	IN
Koryazhma	RU
Korydallos	GR
Kos	GR
Kosai	JP
Kosamba	IN
Kosan	KP
Kosaya Gora	RU
Koscian	PL
Koscierzyna	PL
Koseda	JP
Koshi	JP
Koshigaya	JP
Koshksaray	IR
Koshu	JP
Kosi	IN
Kosice	SK
Kosigi	IN
Kosire	CZ
Koson	UZ
Kosong	KR
Kosonsoy	UZ
Kosovo Polje	XK
Kostanay	KZ
Koster	ZA
Kosti	SD
Kostiantynivka	UA
Kostinbrod	BG
Kostomuksha	RU
Kostopil	UA
Kostroma	RU
Kostrzyn nad Odra	PL
Kostyantynivka	UA
Kostyukovichi	BY
Kosuge	JP
Kosum Phisai	TH
Koszalin	PL
Koszeg	HU
Kot Addu	PK
Kot Diji	PK
Kot Ghulam Muhammad	PK
Kot Isa Khan	IN
Kot Kapura	IN
Kot Malik Barkhurdar	PK
Kot Mumin	PK
Kot Radha Kishan	PK
Kot Samaba	PK
Kot Sultan	PK
Kota	IN
Kota Batu	BN
Kota Belud	MY
Kota Bharu	MY
Kota Damansara	MY
Kota Kinabalu	MY
Kota Kuala Muda	MY
Kota Samarahan	MY
Kota Sambas	ID
Kota Tinggi	MY
Kotabumi	ID
Kotagiri	IN
Kotamangalam	IN
Kotaparh	IN
Kotari	JP
Kotdwara	IN
Kotekara	IN
Kotel'nich	RU
Kotel'niki	RU
Kotel'nikovo	RU
Kotelva	UA
Koteshwar	IN
Kothakota	IN
Kothanallur	IN
Kotharia	IN
Kothri Kalan	IN
Kotido	UG
Kotikawatta	LK
Kotivakkam	IN
Kotka	FI
Kotkapura	IN
Kotlas	RU
Kotli	PK
Kotli Loharan	PK
Kotlovka	RU
Kotma	IN
Koto	JP
Koton-Karfe	NG
Kotovo	RU
Kotovsk	RU
Kotputli	IN
Kotri	PK
Kotsiubynske	UA
Kottagudem	IN
Kottaikadu	IN
Kottaikuppam	IN
Kottaiyur	IN
Kottakkal	IN
Kottangara	IN
Kottapeta	IN
Kottappally	IN
Kottarakara	IN
Kottaram	IN
Kottavalasa	IN
Kottayam	IN
Kottur	IN
Kotturu	IN
Kottuvalli	IN
Kotu	GM
Kotur	IN
Kotwa	IN
Kouamefra	CI
Kouande	BJ
Kouango	CF
Kouassi-Kouassikro	CI
Koudougou	BF
Kouetinfla	CI
Kouibly	CI
Kouka	BF
Koulamoutou	GA
Koulikoro	ML
Koumassi	CI
Koumbia	GN
Koumpentoum	SN
Koumra	TD
Koundara	GN
Koungheul	SN
Koungneul Sosse	SN
Koungou	YT
Kounkane	SN
Koupela	BF
Kouri	ML
Kourou	GF
Kouroussa	GN
Kousseri	CM
Kouta	CI
Koutiala	ML
Kouto	CI
Kouvola	FI
Kovancilar	TR
Kovdor	RU
Kovel	UA
Kovilpalaiyampudur	IN
Kovilpatti	IN
Kovin	RS
Kovpakivskyi	UA
Kovrov	RU
Kovur	IN
Kovvur	IN
Kovylkino	RU
Kowary	PL
Kowloon	HK
Kowloon Bay	HK
Kowloon City	HK
Kowloon City Centre	HK
Kowloon Tong	HK
Kowloon West End	HK
Kowon-up	KP
Koyilandy	IN
Koynanagar	IN
Koysinceq	IQ
Koz'modem'yansk	RU
Kozakai-cho	JP
Kozan	TR
Kozani	GR
Kozanow	PL
Kozel'sk	RU
Kozeyevo	RU
Kozhancheri	IN
Kozhikode	IN
Kozhukhovo	RU
Kozhukkallur	IN
Koziatyn	UA
Kozienice	PL
Kozle	PL
Kozloduy	BG
Kozlovka	RU
Kozluk	TR
Kozy	PL
Kpalime	TG
Kpandu	GH
Kpozoun	BJ
Kraaifontein	ZA
Kraainem	BE
Krabi	TH
Kragujevac	RS
Kraichtal	DE
Krakow	PL
Kraksaan	ID
Kralapur	IN
Kralendijk	BQ
Kraljevo	RS
Kralovo Pole	CZ
Kralovske Vinohrady	CZ
Kralupy nad Vltavou	CZ
Kramatorsk	UA
Kranichstein	DE
Kranj	SI
Kranuan	TH
Kranzadougou	CI
Krapkowice	PL
Kraskovo	RU
Krasnaya Glinka	RU
Krasnik	PL
Krasnoarmeysk	RU
Krasnoarmeyskaya	RU
Krasnobrodskiy	RU
Krasnodar	RU
Krasnogorsk	RU
Krasnogorskiy	RU
Krasnogvardeyskoye	RU
Krasnogvargeisky	RU
Krasnohorivka	UA
Krasnokamensk	RU
Krasnokamsk	RU
Krasnokumskoye	RU
Krasnoobsk	RU
Krasnoslobodsk	RU
Krasnoturinsk	RU
Krasnoufimsk	RU
Krasnoural'sk	RU
Krasnovishersk	RU
Krasnoyarsk	RU
Krasnoye Selo	RU
Krasnoyilsk	UA
Krasnozavodsk	RU
Krasnozerskoye	RU
Krasnoznamensk	RU
Krasnystaw	PL
Krasnyy Kut	RU
Krasnyy Sulin	RU
Krasnyy Yar	RU
Krasyliv	UA
Krathum Baen	TH
Kratie	KH
Kratovo	MK
Krc	CZ
Krefeld	DE
Kremenchuk	UA
Kremenets	UA
Kremenki	RU
Kreminna	UA
Krems an der Donau	AT
Kresek	ID
Krestovskiy ostrov	RU
Kretinga	LT
Kreuzau	DE
Kreuzberg	DE
Kreuzlingen	CH
Kreuztal	DE
Krian	ID
Kribi	CM
Kriel	ZA
Kriens	CH
Kriftel	DE
Krim Krim	TD
Krimpen aan den IJssel	NL
Krishnagiri	IN
Krishnanagar	IN
Krishnapuram	IN
Krishnarajasagara	IN
Krishnarajpet	IN
Krishnarayapuram	IN
Krishnasamudram	IN
Kristiansand	NO
Kristianstad	SE
Kristiansund	NO
Kristinehamn	SE
Kriva Palanka	MK
Krivyanskaya	RU
Krizevci	HR
Krnov	CZ
Kroepeliner-Tor-Vorstadt	DE
Krolevets	UA
Kromeriz	CZ
Kronach	DE
Kronberg	DE
Kronberg Tal	DE
Kronshagen	DE
Kronstadt	RU
Kroonstad	ZA
Kropotkin	RU
Kropyvnytskyy	UA
Krosno	PL
Krosno Odrzanskie	PL
Krotoszyn	PL
Kroya	ID
Krugersdorp	ZA
Kruibeke	BE
Kruisfontein	ZA
Kruje	AL
Krumbach	DE
Krupka	CZ
Krusevac	RS
Krychaw	BY
Krylovskaya	RU
Krymsk	RU
Krynica-Zdroj	PL
Kryukiv	UA
Kryvyy Rih	UA
Krzyki	PL
Krzyki-Partynice	PL
Ksar	MR
Ksar Chellala	DZ
Ksar El Kebir	MA
Ksar Hellal	TN
Ksar el Boukhari	DZ
Ksiba	TN
Ksibet el Mediouni	TN
Ksour Essaf	TN
Kstovo	RU
Kuacjok	SS
Kuah	MY
Kuala Belait	BN
Kuala Kangsar	MY
Kuala Kedah	MY
Kuala Ketil	MY
Kuala Krai	MY
Kuala Kubu Baharu	MY
Kuala Kurau	MY
Kuala Lipis	MY
Kuala Lumpur	MY
Kuala Nerus	MY
Kuala Pahang	MY
Kuala Penyu	MY
Kuala Perlis	MY
Kuala Pilah	MY
Kuala Rompin	MY
Kuala Selangor	MY
Kuala Sungai Baru	MY
Kuala Terengganu	MY
Kuala Tungkal	ID
Kualakapuas	ID
Kuanchuan	CN
Kuandian	CN
Kuang	MY
Kuangshi	CN
Kuantan	MY
Kubang Semang	MY
Kubinka	RU
Kuchai Lama	MY
Kuchaman	IN
Kuchera	IN
Kuchesfahan	IR
Kuchinarai	TH
Kuchinda	IN
Kuching	MY
Kucove	AL
Kuda	IN
Kudachi	IN
Kudal	IN
Kudali	IN
Kudamatsu	JP
Kudappanakkunnu	IN
Kudat	MY
Kudepsta	RU
Kudligi	IN
Kudlu	IN
Kudowa-Zdroj	PL
Kudrovo	RU
Kudus	ID
Kudwa	IN
Kudymkar	RU
Kuecuekcigli	TR
Kuenzelsau	DE
Kuerti	CN
Kuesnacht	CH
Kuessnacht	CH
Kuetahya	TR
Kufa	IQ
Kugesi	RU
Kuhalur	IN
Kuhbanan	IR
Kuhdasht	IR
Kuhsan	AF
Kui Buri	TH
Kuils River	ZA
Kuiya	CN
Kujama	NG
Kujang-up	KP
Kuje	NG
Kuji	JP
Kuju	IN
Kukatpally	IN
Kukawa	NG
Kukdeshwar	IN
Kukes	AL
Kukichuo	JP
Kukmor	RU
Kukshi	IN
Kula	TR
Kulachi	PK
Kulai	MY
Kulan	KZ
Kulasegaram	IN
Kulasekarapuram	IN
Kulathummal	IN
Kulattuppalaiyam	IN
Kulattur	IN
Kulebaki	RU
Kuleshovka	RU
Kulgam	IN
Kulim	MY
Kuliouou - Kalani Iki	US
Kulittalai	IN
Kullattur	IN
Kulmbach	DE
Kulob	TJ
Kulp	TR
Kulpahar	IN
Kulti	IN
Kulu	TR
Kulunda	RU
Kumagawa	JP
Kumagaya	JP
Kumagunnam	NG
Kumakura	JP
Kumamoto	JP
Kumano	JP
Kumanovo	MK
Kumaragiri	IN
Kumaralingam	IN
Kumarapalaiyam	IN
Kumarapalayam	IN
Kumarapuram	IN
Kumarghat	IN
Kumasi	GH
Kumba	CM
Kumbakonam	IN
Kumbalam	IN
Kumbalangy	IN
Kumbalgod	IN
Kumbhraj	IN
Kumbo	CM
Kumburgaz	TR
Kumertau	RU
Kumhari	IN
Kumher	IN
Kumi	UG
Kumla	SE
Kummersbruck	DE
Kumo	NG
Kumru	TR
Kumta	IN
Kuna	US
Kunda	IN
Kundapura	IN
Kundarkhi	IN
Kundgol	IN
Kundian	PK
Kundla	IN
Kundli	IN
Kunduz	AF
Kungaelv	SE
Kungsaengen	SE
Kungsbacka	SE
Kungsholmen	SE
Kungur	RU
Kungyangon	MM
Kunigal	IN
Kuningan	ID
Kunisaki	JP
Kunitachi	JP
Kuniyamuttur	IN
Kunjah	PK
Kunjanpalaiyam	IN
Kunjatturu	IN
Kunkujang	GM
Kunkuri	IN
Kunming	CN
Kunnamangalam	IN
Kunnamkulam	IN
Kunnatnad	IN
Kunnimangalam	IN
Kunnumma	IN
Kunnummal	IN
Kunratice	CZ
Kunri	PK
Kunshan	CN
Kunwi	KR
Kunyang	CN
Kunzell	DE
Kuopio	FI
Kuoshi'airike	CN
Kuoyiqi	CN
Kupang	ID
Kupavna	RU
Kupchino	RU
Kupiansk	UA
Kupino	RU
Kuppam	IN
Kupwara	IN
Kur'yanovo	RU
Kuragino	RU
Kurakhove	UA
Kurakhovo	UA
Kurali	IN
Kurandvad	IN
Kurara	IN
Kurashiki	JP
Kurattissery	IN
Kuraymah	SD
Kurayoshi	JP
Kurayyimah	JO
Kurchaloy	RU
Kurchatov	RU
Kurduvadi	IN
Kure	JP
Kureekkad	IN
Kurenivka	UA
Kuressaare	EE
Kurgan	RU
Kurganinsk	RU
Kuri Dulal	PK
Kurichchi	IN
Kurihama	JP
Kurihara	JP
Kurihashi	JP
Kurikka	FI
Kurikuppi	IN
Kurim	CZ
Kuringen	BE
Kurinjippadi	IN
Kuriyama	JP
Kurman	UA
Kurmuk	SD
Kurnool	IN
Kurobe-shi	JP
Kuroda	JP
Kuroishi	JP
Kuroiso	JP
Kurono	JP
Kurortnyy	RU
Kurovskoye	RU
Kursavka	RU
Kursenai	LT
Kurseong	IN
Kursk	RU
Kurskaya	RU
Kursunlu	TR
Kurtalan	TR
Kurtamysh	RU
Kurten	DE
Kurud	IN
Kurumathur	IN
Kurumbalur	IN
Kurumbapet	IN
Kurume	JP
Kurumpilavu	IN
Kurunegala	LK
Kurunjang	AU
Kuruvattur	IN
Kurwai	IN
Kurye	KR
Kuryk	KZ
Kusa	RU
Kusadasi	TR
Kusatsu	JP
Kusavampatti	IN
Kuseifa	IL
Kushalgarh	IN
Kushalnagar	IN
Kushchyovskaya	RU
Kushikino	JP
Kushima	JP
Kushimoto	JP
Kushinagar	IN
Kushiro	JP
Kushk	AF
Kushnarenkovo	RU
Kushtagi	IN
Kushtia	BD
Kushva	RU
Kuskovo	RU
Kusong-si	KP
Kusum Pur	IN
Kut Chap	TH
Kut-e 'Abdollah	IR
Kuta	ID
Kutaisi	GE
Kutchan	JP
Kuthalam	IN
Kutiatodu	IN
Kutina	HR
Kutiyana	IN
Kutkai	MM
Kutloanong	ZA
Kutna Hora	CZ
Kutno	PL
Kutoarjo	ID
Kuttali	IN
Kuttampuzha	IN
Kuttikkattur	IN
Kuttippuram	IN
Kuttuparamba	IN
Kuttur	IN
Kuttyattur	IN
Kutu	CD
Kutum	SD
Kuurne	BE
Kuusamo	FI
Kuvandyk	RU
Kuvshinovo	RU
Kuwait City	KW
Kuwana	JP
Kuybyshev	RU
Kuyera	ET
Kuytun	RU
Kuz'minki	RU
Kuz'molovskiy	RU
Kuzhithurai	IN
Kuznetsk	RU
Kvareli	GE
KwaDukuza	ZA
Kwaggafontein	ZA
Kwai Chung	HK
Kwail-up	KP
Kwaksan	KP
Kwale	NG
Kwangyang	KR
Kwekwe	ZW
Kwidzyn	PL
Kwinana	AU
Kwong Yuen	HK
Kwun Tong	HK
Ky Anh	VN
Kyabe	TD
Kyaikkami	MM
Kyaiklat	MM
Kyaikto	MM
Kyaka	TZ
Kyaka II Refugee Camp	UG
Kyakhta	RU
Kyamahungu	UG
Kyangwali Refugee Camp	UG
Kyar Inn West	MM
Kyarusozi	UG
Kyathampalle	IN
Kyaukme	MM
Kyaukpadaung	MM
Kyaukpyu	MM
Kyaukse	MM
Kyauktaga	MM
Kyauktan	MM
Kyauktaw	MM
Kyazanga	UG
Kybalchych	UA
Kyegegwa	UG
Kyeintali	MM
Kyela	TZ
Kyelang	IN
Kyengera	UG
Kyenjojo	UG
Kyimyindine	MM
Kyiv	UA
Kyivskyi	UA
Kyje	CZ
Kyjov	CZ
Kyle	US
Kyo Kone East	MM
Kyo Kone West	MM
Kyomendao	JP
Kyongsong	KP
Kyonpyaw	MM
Kyosai	KR
Kyotamba	JP
Kyotanabe	JP
Kyotango	JP
Kyoto	JP
Kyrenia	CY
Kyritz	DE
Kyshtym	RU
Kysucke Nove Mesto	SK
Kyurdarmir	AZ
Kyustendil	BG
Kyzyl	RU
Kyzyl-Adyr	KG
Kyzyl-Kyya	KG
Kyzyl-Suu	KG
Kyzylorda	KZ
L'Alcudia	ES
L'Amoreaux	CA
L'Ancienne-Lorette	CA
L'Aquila	IT
L'Arbaa Nait Irathen	DZ
L'Archet	FR
L'Ariane	FR
L'Assomption	CA
L'Eliana	ES
L'Etang-Sale	RE
L'Hay-les-Roses	FR
L'Hospitalet de Llobregat	ES
L'Ile-Bizard-Sainte-Genevieve	CA
L'Isle-Adam	FR
L'Isle-d'Abeau	FR
L'Isle-sur-la-Sorgue	FR
L'Union	FR
L'govskiy	RU
L'vovskiy	RU
L.A.Sagaram	IN
LOHAS Park	HK
La Agustina	DO
La Algaba	ES
La Asuncion	VE
La Azulita	VE
La Banda	PE
La Baneza	ES
La Barca	MX
La Baule-Escoublac	FR
La Blancarde	FR
La Bonanova	ES
La Bordeta	ES
La Breita	PE
La Cabima	PA
La Calamine	BE
La Calera	CL
La Canada	MX
La Canada Flintridge	US
La Capelette	FR
La Carlota	PH
La Carolina	ES
La Castellana	PH
La Ceiba	HN
La Ceja	CO
La Celle-Saint-Cloud	FR
La Chapelle-Saint-Luc	FR
La Chapelle-sur-Erdre	FR
La Chaux-de-Fonds	CH
La Chorrera	PA
La Ciotat	FR
La Cite-Limoilou	CA
La Concepcion	VE
La Condamine	MC
La Courneuve	FR
La Crau	FR
La Crescenta-Montrose	US
La Crosse	US
La Cruz	CL
La Defense	FR
La Democracia	GT
La Dolorita	VE
La Dorada	CO
La Entrada	HN
La Ermita	MX
La Esperanza	GT
La Estrella	CO
La Falda	AR
La Felguera	ES
La Ferte-Bernard	FR
La Fleche	FR
La Fria	VE
La Garde	FR
La Garenne-Colombes	FR
La Gazelle	TN
La Gi	VN
La Gloria	CO
La Gomera	GT
La Goulette	TN
La Grande	US
La Grange	US
La Grange Park	US
La Grita	VE
La Guaira	VE
La Guardia	VE
La Habana Vieja	CU
La Habra	US
La Haute-Saint-Charles	CA
La Homa	US
La Isla	MX
La Jagua de Ibirico	CO
La Jolla	US
La Joya	MX
La Julia	DO
La Laguna	ES
La Latina	ES
La Leonesa	AR
La Libertad	EC
La Ligua	CL
La Lima	HN
La Linea de la Concepcion	ES
La Llagosta	ES
La Louviere	BE
La Maddalena	IT
La Madeleine	FR
La Magdalena Chichicaspa	MX
La Magdalena Tlaltelulco	MX
La Mana	EC
La Manga del Mar Menor	ES
La Marque	US
La Marsa	TN
La Massimina-Casal Lumbroso	IT
La Mesa	US
La Mira	MX
La Mirada	US
La Mohammedia	TN
La Mornaghia	TN
La Motte-Servolex	FR
La Oliva	ES
La Orilla	MX
La Orotava	ES
La Oroya	PE
La Palma	US
La Palma del Condado	ES
La Paragua	VE
La Paz	BO
La Paz Centro	NI
La Peca	PE
La Piedad de Cabadas	MX
La Pineda	ES
La Pintana	CL
La Plata	AR
La Pobla de Vallbona	ES
La Pomme	FR
La Porte	US
La Possession	RE
La Pradera	PE
La Prairie	CA
La Presa	US
La Providencia Siglo XXI	MX
La Puebla de Cazalla	ES
La Puebla del Rio	ES
La Puente	US
La Punta	AR
La Queue-en-Brie	FR
La Quiaca	AR
La Quinta	US
La Resolana	MX
La Rinconada	ES
La Rinconada Ana Maria (La Rinconada)	PE
La Rioja	AR
La Riviera	US
La Roca del Valles	ES
La Roche-sur-Foron	FR
La Roche-sur-Yon	FR
La Rochelle	FR
La Roda	ES
La Romana	DO
La Rose	FR
La Sagrera	ES
La Salud	CU
La Sebala du Mornag	TN
La Serena	CL
La Seu d'Urgell	ES
La Seyne-sur-Mer	FR
La Sierpe	CU
La Solana	ES
La Spezia	IT
La Tebaida	CO
La Teste-de-Buch	FR
La Tijera	MX
La Tour-de-Peilz	CH
La Trinidad	PH
La Trinite	MQ
La Troncal	EC
La Tuque	CA
La Union	CO
La Valette-du-Var	FR
La Vega	DO
La Vela de Coro	VE
La Vergne	US
La Verne	US
La Victoria	VE
La Villa del Rosario	VE
La Virginia	CO
La Vista	US
LaGrange	US
LaSalle	CA
Laajasalo	FI
Laaksolahti	FI
Laarne	BE
Laascaanood	SO
Laattaouia	MA
Laatzen	DE
Laayoune	EH
Laba	CN
Labangan	PH
Labasa	FJ
Labattoir	YT
Labbaikkudikkadu	IN
Labe	GN
Labinsk	RU
Labis	MY
Labo	PH
Laboulaye	AR
Labrador	AU
Labrea	BR
Labuan	MY
Labuan Bajo	ID
Labuan Lombok	ID
Labuhan Deli	ID
Labuleng	CN
Labutta	MM
Labytnangi	RU
Lac	AL
Lacey	US
Lachi	PK
Lackawanna	US
Lacombe	CA
Laconia	US
Ladainha	BR
Ladang Seri Kundang	MY
Ladario	BR
Ladenburg	DE
Ladera Ranch	US
Ladhaura	IN
Ladhewala Waraich	PK
Ladispoli	IT
Ladner	CA
Ladnun	IN
Ladozhskaya	RU
Ladson	US
Ladwa	IN
Lady Frere	ZA
Lady Lake	US
Ladybrand	ZA
Ladysmith	ZA
Ladywell	GB
Ladyzhyn	UA
Lae	PG
Laela	TZ
Laem Ngop	TH
Laem Sing	TH
Laensisatama	FI
Lafayette	US
Lafey	KE
Lafia	NG
Lafiagi	NG
Lafleche	CA
Lagan'	RU
Lagarto	BR
Lagawe	PH
Lagdo	CM
Lage	DE
Lages	BR
Laghouat	DZ
Lagny-sur-Marne	FR
Lago Norte	BR
Lago Sul	BR
Lago Verde	BR
Lago da Pedra	BR
Lagoa	PT
Lagoa Dourada	BR
Lagoa Formosa	BR
Lagoa Grande	BR
Lagoa Grande do Maranhao	BR
Lagoa Nova	BR
Lagoa Real	BR
Lagoa Santa	BR
Lagoa Seca	BR
Lagoa Vermelha	BR
Lagoa da Canoa	BR
Lagoa da Confusao	BR
Lagoa da Prata	BR
Lagoa do Carro	BR
Lagoa do Itaenga	BR
Lagoa do Mato	BR
Lagoa do Ouro	BR
Lagoa dos Gatos	BR
Lagos	NG
Lagos de Moreno	MX
Laguilayan	PH
Laguna	US
Laguna Beach	US
Laguna City	HK
Laguna Hills	US
Laguna Niguel	US
Laguna Paiva	AR
Laguna Verde	HK
Laguna Verde (Estate)	HK
Laguna Woods	US
Laguna de Duero	ES
Lagunillas	VE
Lagymanyos	HU
Lahad Datu	MY
Lahaina	US
Lahan	NP
Lahar	IN
Laharpur	IN
Lahat	ID
Lahauran Bara	IN
Lahbab	AE
Lahewa	ID
Lahij	YE
Lahijan	IR
Lahnstein	DE
Lahore	PK
Lahr	DE
Lahraouyine	MA
Lahti	FI
Lai	TD
Lai Chau	VN
Lai Chi Van	MO
Lai Tsui Court	HK
Lai Vung	VN
Laibin	CN
Laichingen	DE
Lainate	IT
Laisu	CN
Laitan	CN
Laitumkhrah	IN
Laives	IT
Laiwu	CN
Laixi	CN
Laiyang	CN
Laizhou	CN
Laja	BO
Lajas	CU
Laje	BR
Lajeado	BR
Lajedo	BR
Lajinha	BR
Lajosmizse	HU
Lak Si	TH
Lakang	MM
Lake Arrowhead	US
Lake Bonavista	CA
Lake Butler	US
Lake Charles	US
Lake City	US
Lake Country	CA
Lake Elsinore	US
Lake Forest	US
Lake Forest Park	US
Lake Grove	US
Lake Havasu City	US
Lake Jackson	US
Lake Los Angeles	US
Lake Magdalene	US
Lake Mary	US
Lake Morton-Berrydale	US
Lake Oswego	US
Lake Ridge	US
Lake Ronkonkoma	US
Lake Saint Louis	US
Lake Sebu	PH
Lake Shore	US
Lake Station	US
Lake Stevens	US
Lake Wales	US
Lake Worth Beach	US
Lake Worth Corridor	US
Lake Zurich	US
Lake in the Hills	US
Lakeland	US
Lakeland Highlands	US
Lakeland North	US
Lakeland South	US
Lakeland Village	US
Lakemba	AU
Lakes by the Bay	US
Lakeside	US
Lakeville	US
Lakeway	US
Lakewood	US
Lakewood Park	US
Lakhdaria	DZ
Lakheri	IN
Lakhi	PK
Lakhimpur	IN
Lakhipur	IN
Lakhna	IN
Lakhnadon	IN
Lakhtar	IN
Lakhtinskiy	RU
Lakhyabad	IN
Lakinsk	RU
Lakkampatti	IN
Lakkanahalli	IN
Lakki	PK
Lakota	CI
Laksar	IN
Laksham	BD
Lakshettipet	IN
Lakshmeshwar	IN
Lakshminarayanapuram	IN
Lakshmipur	BD
Lal Bahadur Nagar	IN
Lala	IN
Lala Musa	PK
Lalago	TZ
Lalejin	IR
Lalganj	IN
Lalgola	IN
Lalgudi	IN
Lalian	PK
Lalibela	ET
Lalig	PH
Lalin	ES
Lalitpur	IN
Lalla Mimouna	MA
Lallmatie	MU
Lalmatie	MU
Lalmohan	BD
Lalmonirhat	BD
Lalo	BJ
Lalor	AU
Lalpettai	IN
Lalpur	IN
Lalru	IN
Lalsot	IN
Lalupon	NG
Lam Tin	HK
Lamas	PE
Lamballe	FR
Lambare	PY
Lambarene	GA
Lambari	BR
Lambari d'Oeste	BR
Lambayeque	PE
Lambayong	PH
Lambersart	FR
Lambton Shores	CA
Lamego	PT
Lamentin	GP
Lamezia Terme	IT
Lami	FJ
Lamia	GR
Lamin	GM
Lamongan	ID
Lamont	US
Lampa	CL
Lampang	TH
Lampertheim	DE
Lamphun	TH
Lamshang	IN
Lamu	KE
Lan Sak	TH
Lanaken	BE
Lancaster	US
Lancaster Gate	GB
Lancenigo-Villorba	IT
Lanciano	IT
Lancing	GB
Lancut	PL
Lancy	CH
Land O' Lakes	US
Landau an der Isar	DE
Landau in der Pfalz	DE
Landeh	IR
Landen	BE
Landenberg	US
Lander	VE
Landerneau	FR
Landover	US
Landsberg am Lech	DE
Landsdale	AU
Landshut	DE
Landskrona	SE
Landstrasse	AT
Lane Cove	AU
Lane Cove North	AU
Lanester	FR
Lang Co	VN
Lang Son	VN
Lang Suan	TH
Lang Thuong	VN
Lang'ata	KE
Langao Chengguanzhen	CN
Langarud	IR
Langelsheim	DE
Langen	DE
Langenau	DE
Langendreer	DE
Langenfeld	DE
Langenhagen	DE
Langenhorn	DE
Langenselbold	DE
Langenthal	CH
Langenzenn	DE
Langepas	RU
Langerwehe	DE
Langfang	CN
Langford	CA
Langgar	CN
Langgons	DE
Langley	CA
Langley Park	US
Langru	CN
Langsa	ID
Langtang	NG
Langtoucun	CN
Langwarrin	AU
Langwedel	DE
Langxiang	CN
Langzhong	CN
Lanham	US
Lanham-Seabrook	US
Lanja	IN
Lanji	IN
Lanka	IN
Lankaran	AZ
Lankow	DE
Lankwitz	DE
Lannion	FR
Lanqiao	CN
Lansdale	US
Lansdowne	ZA
Lanshan	CN
Lansing	US
Lansing-Westgate	CA
Lantana	US
Lanxi	CN
Lanyang	CN
Lanzhou	CN
Lao Bao	VN
Lao Cai	VN
Laoag	PH
Laoang	PH
Laohekou	CN
Laojunmiao	CN
Laon	FR
Lapa	BR
Lapai	NG
Lapao	BR
Laplace	US
Lappeenranta	FI
Lappersdorf	DE
Lapseki	TR
Lapu-Lapu City	PH
Lapua	FI
Lapy	PL
Laqiyya	IL
Lar	IR
Lara	AU
Laracha	ES
Larache	MA
Laramie	US
Laranja da Terra	BR
Laranjal Paulista	BR
Laranjal do Jari	BR
Laranjeiras	BR
Laranjeiras do Sul	BR
Laranjeiro	PT
Larbaa	DZ
Lardjem	DZ
Laredo	US
Laren	NL
Largo	US
Largs	GB
Lariano	IT
Larisa	GR
Larkana	PK
Larkhall	GB
Larkird	AF
Larkspur	US
Larnaca	CY
Larne	GB
Larvik	NO
Las Aguilas	ES
Las Amapolas	MX
Las Animas	CL
Las Brenas	AR
Las Cabezas de San Juan	ES
Las Choapas	MX
Las Cortes	ES
Las Cruces	US
Las Cumbres	PA
Las Delicias	MX
Las Gabias	ES
Las Guacamayas	MX
Las Lomas	PA
Las Lomitas	AR
Las Margaritas	MX
Las Matas	ES
Las Matas de Farfan	DO
Las Matas de Santa Cruz	DO
Las Nazarenas	PE
Las Palmas	MX
Las Palmas de Gran Canaria	ES
Las Parejas	AR
Las Piedras	UY
Las Pinas	PH
Las Pintas de Arriba	MX
Las Pintitas	MX
Las Rosas	MX
Las Rozas de Madrid	ES
Las Tejerias	VE
Las Torres de Cotillas	ES
Las Toscas	AR
Las Tres Torres	ES
Las Tunas	CU
Las Varas	MX
Las Varillas	AR
Las Vegas	US
Las Veredas	MX
Lasalgaon	IN
Lasarte	ES
Lasem	ID
Lashibi	GH
Lashio	MM
Lashkar Gah	AF
Lasht-e Nesha	IR
Lask	PL
Lasoano	ET
Lassodyameri	IN
Lastoursville	GA
Lastra a Signa	IT
Lat Krabang	TH
Lat Phrao	TH
Lat Yao	TH
Latacunga	EC
Latakia	SY
Latchmere	GB
Latehar	IN
Lateri	IN
Laterza	IT
Latham	US
Lathi	IN
Lathrop	US
Latiano	IT
Latina	ES
Latkrabang	TH
Latour	SR
Latri Kunda	GM
Latri Sabiji	GM
Lattes	FR
Latur	IN
Lau	NG
Laubach	DE
Lauchhammer	DE
Lauda-Konigshofen	DE
Lauderdale Lakes	US
Lauderhill	US
Lauenburg	DE
Lauf an der Pegnitz	DE
Lauffen am Neckar	DE
Lauingen	DE
Laukaa	FI
Laukkai	MM
Launceston	AU
Laungowal	IN
Laupheim	DE
Laur	PH
Laurel	US
Laurelton	US
Laurentian Hills	CA
Laurentides	CA
Lauri	IN
Laurinburg	US
Lauro Mueller	BR
Lauro de Freitas	BR
Lausanne	CH
Lautaro	CL
Lauterach	AT
Lauterbach	DE
Lautoka	FJ
Lauttasaari	FI
Lavagna	IT
Laval	CA
Laval-des-Rapides	CA
Lavandevil	IR
Lavapies	ES
Lavasan	IR
Lavaur	FR
Lavello	IT
Laventille	TT
Lavington	AU
Lavinio	IT
Lavradio	PT
Lavras	BR
Lavras da Mangabeira	BR
Lawang	ID
Lawar Khas	IN
Lawas	MY
Lawksawk	MM
Lawndale	US
Lawngtlai	IN
Lawrence	US
Lawrence Park North	CA
Lawrence Park South	CA
Lawrenceburg	US
Lawrenceville	US
Lawson	CA
Lawton	US
Laxmangarh	IN
Laxmidevipally	IN
Laxou	FR
Layang Layang	MY
Layka	CN
Layla	SA
Layton	US
Laytown	IE
Layyah	PK
Lazarevac	RS
Lazarevskoye	RU
Lazaro Cardenas	MX
Lazdynai	LT
Laziska Gorne	PL
Le Bardo	TN
Le Blanc-Mesnil	FR
Le Bourget	FR
Le Bouscat	FR
Le Cabot	FR
Le Camas	FR
Le Cannet	FR
Le Chambon-Feugerolles	FR
Le Chesnay	FR
Le Creusot	FR
Le Francois	MQ
Le Gosier	GP
Le Grand-Quevilly	FR
Le Gros-Morne	MQ
Le Havre	FR
Le Hochet	MU
Le Kram	TN
Le Kremlin-Bicetre	FR
Le Lamentin	MQ
Le Locle	CH
Le Mans	FR
Le Mee-sur-Seine	FR
Le Moule	GP
Le Pecq	FR
Le Perreux-sur-Marne	FR
Le Petit-Quevilly	FR
Le Plateau	SN
Le Plateau-Mont-Royal	CA
Le Plessis-Robinson	FR
Le Plessis-Trevise	FR
Le Pont-de-Claix	FR
Le Pontet	FR
Le Port	RE
Le Portel	FR
Le Pradet	FR
Le Pre-Saint-Gervais	FR
Le Puy-en-Velay	FR
Le Raincy	FR
Le Relecq-Kerhuon	FR
Le Robert	MQ
Le Roux	ZA
Le Sud-Ouest	CA
Le Tampon	RE
Le Vesinet	FR
Le Vieux-Longueuil	CA
Lea Hill	US
League City	US
Lealman	US
Leamington	CA
Leander	US
Leaside-Bennington	CA
Leatherhead	GB
Leavenworth	US
Leawood	US
Lebach	DE
Lebaksiu	ID
Lebanon	US
Lebbeke	BE
Lebedinovka	KG
Lebedyan'	RU
Lebedyn	UA
Leblon	BR
Lebohang	ZA
Lebon Regis	BR
Lebork	PL
Lebowakgomo	ZA
Lebrija	ES
Lebu	CL
Leca da Palmeira	PT
Leca do Bailio	PT
Lecce	IT
Lecco	IT
Lecheng	CN
Lecherias	VE
Leczna	PL
Leczyca	PL
Lede	BE
Leduc	CA
Ledyard	US
Ledziny	PL
Lee	GB
Lee On	HK
Lee's Summit	US
Leeds	GB
Leek	NL
Leeming	AU
Leer	DE
Leerdam	NL
Lees	GB
Leesburg	US
Leesten	NL
Leeudoringstad	ZA
Leeuwarden	NL
Lefortovo	RU
Leganes	ES
Legaspi	PH
Legazpi	ES
Legian	ID
Legionowo	PL
Legnago	IT
Legnano	IT
Legnica	PL
Leh	IN
Lehi	US
Lehigh Acres	US
Lehragaga	IN
Lehre	DE
Lehrte	DE
Lei Cheng Uk Estate	HK
Lei Tung	HK
Lei Tung Estate	HK
Leicester	GB
Leicester Forest East	GB
Leichhardt	AU
Leichlingen	DE
Leiden	NL
Leiderdorp	NL
Leifeng	CN
Leigh	GB
Leighton Buzzard	GB
Leighton Hill	HK
Leimen	DE
Leinefelde-Worbis	DE
Leinfelden-Echterdingen	DE
Leingarten	DE
Leini	IT
Leioa	ES
Leipzig	DE
Leiria	PT
Leirvik	NO
Leisure City	US
Leiwang	CN
Leixlip	IE
Leiyang	CN
Lejanias	CO
Lekki	NG
Leku	ET
Leland	US
Lelydorp	SR
Lelystad	NL
Lemay	US
Lembang	ID
Lembar	ID
Lembeni	TZ
Leme	BR
Lemgo	DE
Lemmer	NL
Lemon Grove	US
Lemont	US
Lemoore	US
Lempaeaelae	FI
Lenbe	HT
Lencois	BR
Lencois Paulista	BR
Lend	AT
Lenexa	US
Lengede	DE
Lenger	KZ
Lengerich	DE
Lenggeng	MY
Lenggong	MY
Lengshuijiang	CN
Lengshuitan	CN
Leningradskaya	RU
Leninkent	RU
Leninogorsk	RU
Leninsk	RU
Leninsk-Kuznetsky	RU
Leninskiye Gory	RU
Lennestadt	DE
Lennox	US
Leno	IT
Lenoir	US
Lens	FR
Lensk	RU
Lentate sul Seveso	IT
Lentini	IT
Lents	US
Lentvaris	LT
Lenvik	NO
Lenyenye	ZA
Lenzburg	CH
Leo	BF
Leogane	HT
Leominster	US
Leon	NI
Leon Valley	US
Leon de los Aldama	MX
Leonberg	DE
Leonforte	IT
Leonovo	RU
Leopold	AU
Leopoldina	BR
Leopoldsburg	BE
Leopoldshohe	DE
Leova	MD
Lepe	ES
Lephalale	ZA
Leposaviq	XK
Leppaevaara	FI
Lequn	CN
Lerdo	MX
Lerdo de Tejada	MX
Lere	NG
Lerida	CO
Lerik	AZ
Lerma de Villada	MX
Lermontov	RU
Lerum	SE
Les Abymes	GP
Les Avirons	RE
Les Cayes	HT
Les Clayes-sous-Bois	FR
Les Corts	ES
Les Coteaux	CA
Les Herbiers	FR
Les Lilas	FR
Les Moulins	FR
Les Mureaux	FR
Les Olives	FR
Les Pavillons-sous-Bois	FR
Les Pennes-Mirabeau	FR
Les Ponts-de-Ce	FR
Les Rivieres	CA
Les Sables-d'Olonne	FR
Les Ulis	FR
Leshan	CN
Leskovac	RS
Leslie	ZA
Lesnoy	RU
Lesosibirsk	RU
Lesozavodsk	RU
Lessines	BE
Lessiri	CI
Leszno	PL
Letchworth Garden City	GB
Leteri	IN
Lethbridge	CA
Leticia	CO
Letlhabile	ZA
Letlhakane	BW
Letnany	CZ
Letpandan	MM
Letterkenny	IE
Letychiv	UA
Leuben	DE
Leusden	NL
Leutenbach	DE
Leutkirch	DE
Leuven	BE
Leuwiliang	ID
Levada	UA
Levallois-Perret	FR
Levanger	NO
Levelland	US
Leverano	IT
Leverkusen	DE
Levice	SK
Levin	NZ
Levis	CA
Levittown	US
Levoberezhnyy	RU
Levoca	SK
Levokumskoye	RU
Levski	BG
Lewe	MM
Lewes	GB
Lewis Center	US
Lewisburg	US
Lewiston	US
Lewiston Orchards	US
Lewisville	US
Lewoleba	ID
LexeibaUn	MR
Lexington	US
Lexington Park	US
Lexington-Fayette	US
Leyland	GB
Leyton	GB
Leytonstone	GB
Lezajsk	PL
Lezhe	AL
Lhasa	CN
Lhoka	CN
Lhokseumawe	ID
Lhuenzhub	CN
Liancheng	CN
Liang	BN
Lianga	PH
Liangdang Chengguanzhen	CN
Lianghekou	CN
Lianghu	CN
Liangji	CN
Liangping	CN
Liangshan	CN
Liangshui	CN
Liangxiang	CN
Liangzhai	CN
Lianhe	CN
Lianhu	CN
Lianhua	CN
Lianjiang	CN
Lianozovo	RU
Lianshan	CN
Lianwu	CN
Lianyuan	CN
Lianyungang	CN
Lianzhou	CN
Liaocheng	CN
Liaolan	CN
Liaoyang	CN
Liaozhong	CN
Libano	CO
Libaspur	IN
Liben	CZ
Libenge	CD
Liberal	US
Liberdade	BR
Liberec	CZ
Liberia	CR
Libertad	PH
Libertador General San Martin	AR
Liberty	US
Libertyville	US
Libiaz	PL
Libog	PH
Libon	PH
Libourne	FR
Librazhd	AL
Librazhd-Qender	AL
Libres	MX
Libreville	GA
Licata	IT
Lice	TR
Licenciado Benito Juarez	MX
Lich	DE
Licha	CN
Licheng	CN
Lichfield	GB
Lichinga	MZ
Lichtenau	DE
Lichtenberg	DE
Lichtenburg	ZA
Lichtenfels	DE
Lichtenrade	DE
Lichtenstein	DE
Lichtenvoorde	NL
Lichterfelde	DE
Lichuan	CN
Lichuan Zhen	CN
Licinio de Almeida	BR
Lida	BY
Lidcombe	AU
Lidingoe	SE
Lidkoeping	SE
Lido	IT
Lido Town	IN
Lido di Jesolo	IT
Lido di Ostia	IT
Lidu	CN
Lidzbark Warminski	PL
Liebenau	AT
Liedekerke	BE
Liege	BE
Lieksa	FI
Lienz	AT
Liepaja	LV
Lier	BE
Liestal	CH
Liesti	RO
Lieto	FI
Lieu Giai	VN
Lievin	FR
Ligang	CN
Ligao	PH
Ligezhuang	CN
Lighthouse Point	US
Liguo	CN
Lihe	CN
Liji	CN
Lijia	CN
Lijiang	CN
Lijun	CN
Likak	IR
Likasi	CD
Likhobory	RU
Likhoslavl'	RU
Likhovskoy	RU
Likino-Dulevo	RU
Likisa	TL
Lilburn	US
Lilia	IN
Liliani	PK
Lilienthal	DE
Liliha - Kapalama	US
Lilio	PH
Lille	FR
Lillehammer	NO
Lillerod	DK
Lillers	FR
Lillestrom	NO
Liloan	PH
Lilongwe	MW
Lilydale	AU
Lima	PE
Lima Campos	BR
Lima Duarte	BR
Limache	CL
Limanowa	PL
Limao	BR
Limassol	CY
Limavady	GB
Limay	PH
Limbach-Oberfrohna	DE
Limbang	MY
Limbdi	IN
Limbe	CM
Limbiate	IT
Limburg an der Lahn	DE
Limburgerhof	DE
Limehouse	GB
Limeil-Brevannes	FR
Limeira	BR
Limerick	IE
Liminka	FI
Limoeiro	BR
Limoeiro de Anadia	BR
Limoeiro do Ajuru	BR
Limoeiro do Norte	BR
Limoges	FR
Limon	CR
Limonar	CU
Limoux	FR
Limpertsberg	LU
Limpio	PY
Limulunga	ZM
Limuru	KE
Linares	MX
Lincang	CN
Lincoln	US
Lincoln Park	US
Lincoln Square	US
Lincolnia	US
Lincolnton	US
Lincolnwood	US
Linda	US
Linda-a-Velha	PT
Lindau	DE
Linden	GY
Linden-Mitte	DE
Linden-Nord	DE
Lindenberg	DE
Lindenholt	NL
Lindenhurst	US
Lindenwold	US
Lindi	TZ
Lindlar	DE
Lindley	ZA
Lindome	SE
Lindon	US
Lindsay	CA
Linevo	RU
Linfen	CN
Linfeng	CN
Lingao	CN
Lingayen	PH
Lingcheng	CN
Lingdong	CN
Lingen	DE
Linghai	CN
Linghe	CN
Lingiadih	IN
Lingjiao	CN
Lingolsheim	FR
Lingquan	CN
Lingsugur	IN
Linguere	SN
Lingwu	CN
Lingxia	CN
Lingyuan	CN
Linh GJam	VN
Linhares	BR
Linhe	CN
Linjiacun	CN
Linjiang	CN
Linkenheim-Hochstetten	DE
Linkoeping	SE
Linkou	CN
Linlithgow	GB
Linnei	TW
Linnich	DE
Lino Lakes	US
Linping	CN
Linqiong	CN
Linqu	CN
Lins	BR
Linshi	CN
Linshui	CN
Linstead	JM
Lintan Chengguanzhen	CN
Linthicum	US
Linton Hall	US
Lintong	CN
Lintuvaara	FI
Linxi	CN
Linxia Chengguanzhen	CN
Linyi	CN
Linz	AT
Lipa City	PH
Liperi	FI
Lipetsk	RU
Liping	CN
Lipkovo	MK
Lipno	PL
Lipotvaros	HU
Lipova	RO
Lippstadt	DE
Liptovsky Mikulas	SK
Lira	UG
Lirang	CN
Lisakovsk	KZ
Lisala	CD
Lisbon	PT
Lisburn	GB
Lisen	CZ
Lishi	CN
Lishu	CN
Lishui	CN
Lisieux	FR
Liski	RU
Lisle	US
Lisovyi Masyv	UA
Lisse	NL
Lissone	IT
Lista	ES
Litein	KE
Litherland	GB
Lithia Springs	US
Litomerice	CZ
Litomysl	CZ
Litovel	CZ
Littau	CH
Little Canada	US
Little Chute	US
Little Elm	US
Little Falls	US
Little Ferry	US
Little Havana	US
Little Hulton	GB
Little Lever	GB
Little Neck	US
Little Portugal	CA
Little Rock	US
Little Venice	GB
Littleborough	GB
Littlehampton	GB
Littleton	US
Litvinov	CZ
Liubao	CN
Liuboml	UA
Liubotyn	UA
Liufeng	CN
Liuhe	CN
Liuji	CN
Liuku	CN
Liuli	TZ
Liulin	CN
Liupanshui	CN
Liuping	CN
Liuquan	CN
Liushan	CN
Liutuan	CN
Liuxin	CN
Liuyin	CN
Liuzhi	CN
Liuzhou	CN
Livadeia	GR
Livadiya	RU
Live Oak	US
Livermore	US
Liverpool	GB
Liversedge	GB
Livingston	GB
Livingstone	ZM
Livno	BA
Livny	RU
Livoberezhnyi	UA
Livoberezhnyi Masyv	UA
Livonia	US
Livorno	IT
Livramento de Nossa Senhora	BR
Livramento do Brumado	BR
Livry-Gargan	FR
Liwa	OM
Liwale	TZ
Liwonde	MW
Lixi	CN
Lixian	CN
Lixin	CN
Lizhi	CN
Lizzano	IT
Ljubljana	SI
Ljungby	SE
Llaillay	CL
Llallagua	BO
Llandudno	GB
Llanelli	GB
Llanera	ES
Llanes	ES
Llanquihue	CL
Llantrisant	GB
Llantwit Major	GB
Llazice	XK
Llefia	ES
Lleida	ES
Llica d'Amunt	ES
Lliria	ES
Llodio	ES
Lloret de Mar	ES
Lloydminster	CA
Llucmajor	ES
Lo Prado	CL
Loa Janan	ID
Loanda	BR
Loandjili	CG
Loano	IT
Lobakuya	CI
Lobatera	VE
Lobatse	BW
Lobez	PL
Lobito	AO
Lobnya	RU
Loboc	PH
Lobogba	CI
Loboville	CI
Locarno	CH
Lochapada	IN
Lochearn	US
Lochem	NL
Lochristi	BE
Lockhart	US
Lockport	US
Locri	IT
Lod	IL
Lodeynoye Pole	RU
Lodhran	PK
Lodi	US
Lodja	CD
Lodwar	KE
Lodz	PL
Loebau	DE
Loebtau	DE
Loehne	DE
Loei	TH
Loeningen	DE
Loerrach	DE
Loessnitz	DE
Lofthouse	GB
Logan	US
Logan City	AU
Logan Square	US
Logansport	US
Loganville	US
Logiya	ET
Lognes	FR
Logouale	CI
Logoysk	BY
Logrono	ES
Loha	IN
Lohara	IN
Lohardaga	IN
Loharu	IN
Lohfelden	DE
Lohian	IN
Lohja	FI
Lohmar	DE
Lohne	DE
Lohogaon	IN
Lohr am Main	DE
Loikaw	MM
Loimaa	FI
Loja	EC
Lok Fu	HK
Lokbatan	AZ
Lokeren	BE
Lokhvytsya	UA
Lokichar	KE
Lokichokio	KE
Lokoja	NG
Lokomotivnyy	RU
Lokossa	BJ
Lokot'	RU
Lola	GN
Lollar	DE
Lolodorf	CM
Lom	BG
Lom Sak	TH
Loma Bonita	MX
Loma Linda	US
Loma de Gato	PH
Lomas de San Agustin	MX
Lomas de San Sebastian	MX
Lomas de Zamora	AR
Lomas del Sur	MX
Lombard	US
Lombardia	MX
Lombardijen	NL
Lome	TG
Lomianki	PL
Lomita	US
Lomma	SE
Lomme	FR
Lommel	BE
Lomonosov	RU
Lompoc	US
Lomza	PL
Lonand	IN
Lonar	IN
Lonate Pozzolo	IT
Lonavla	IN
Loncoche	CL
London	GB
Londonderry	US
Londonderry County Borough	GB
Londrina	BR
Londuimbali	AO
Lone Tree	US
Long	TH
Long Beach	US
Long Bien	VN
Long Branch	US
Long Eaton	GB
Long Island City	US
Long Khanh	VN
Long My	VN
Long Thanh	VN
Long Xuyen	VN
Long'e	CN
Longavi	CL
Longchang	CN
Longcheng	CN
Longchi	CN
Longdong	CN
Longfellow Community	US
Longfeng	CN
Longfield	GB
Longgang	CN
Longgu	CN
Longhe	CN
Longhua	CN
Longji	CN
Longjiang	CN
Longjing	CN
Longju	CN
Longjumeau	FR
Longkong	CN
Longlin	CN
Longling County	CN
Longmeadow	US
Longmen	CN
Longmont	US
Longnan	CN
Longonjo	AO
Longowal	IN
Longqiao	CN
Longquan	CN
Longsha	CN
Longshan	CN
Longshe	CN
Longsheng	CN
Longshi	CN
Longshui	CN
Longsight	GB
Longtai	CN
Longtan	CN
Longtanzi	CN
Longton	GB
Longuenesse	FR
Longueuil	CA
Longview	US
Longwood	US
Longwy	FR
Longxi	CN
Longxing	CN
Longyan	CN
Loni	IN
Lonigo	IT
Loniya	IN
Lons	FR
Lons-le-Saunier	FR
Lontras	BR
Loon op Zand	NL
Loos	FR
Lop	CN
Lop Buri	TH
Lopatino	RU
Lopatinskiy	RU
Lopez	PH
Lopik	NL
Lora del Rio	ES
Lorain	US
Loralai	PK
Lorca	ES
Lorch	DE
Lordegan	IR
Lordelo	PT
Lordelo do Ouro	PT
Lorena	BR
Loreto	MX
Lorica	CO
Lorient	FR
Lormi	IN
Lormont	FR
Lorsch	DE
Lorton	US
Los Alamitos	US
Los Alamos	CL
Los Alcazares	ES
Los Altos	US
Los Andes	CL
Los Angeles	US
Los Arabos	CU
Los Banos	PH
Los Barrios	ES
Los Corrales de Buelna	ES
Los Dos Caminos	VE
Los Gatos	US
Los Llanos de Aridane	ES
Los Lunas	US
Los Mochis	MX
Los Osos	US
Los Palacios	CU
Los Palacios y Villafranca	ES
Los Palmitos	CO
Los Patios	CO
Los Polvorines	AR
Los Puertos de Altagracia	VE
Los Rastrojos	VE
Los Realejos	ES
Los Reyes Acaquilpan	MX
Los Reyes de Juarez	MX
Los Reyes de Salgado	MX
Los Rosales	ES
Los Teques	VE
Los Vilos	CL
Losal	IN
Loschwitz	DE
Losheim	DE
Losino-Petrovskiy	RU
Losning	DK
Lospalos	TL
Losser	NL
Lota	CL
Lotte	DE
Loudaya	MA
Loudeac	FR
Loudi	CN
Loudima	CG
Louga	SN
Loughborough	GB
Lougheed	CA
Louis Trichardt	ZA
Louisville	US
Loule	PT
Loum	CM
Louny	CZ
Lourdes	FR
Loures	PT
Lousa	PT
Loushanguan	CN
Loutete	CG
Louth	GB
Loutraki	GR
Louvain-la-Neuve	BE
Louveira	BR
Louviers	FR
Lovech	BG
Loveland	US
Loves Park	US
Lovina	ID
Lovington	US
Lovisa	FI
Lowell	US
Lower Burrell	US
Lower Earley	GB
Lower Hutt	NZ
Lower Lonsdale	CA
Lower Moyamensing	US
Lower Sackville	CA
Lower Valley	KY
Lower West Side	US
Lower Wong Tai Sin Estate (I & II)	HK
Lowertown	CA
Lowes Island	US
Lowestoft	GB
Lowicz	PL
Lowshan	IR
Loxstedt	DE
Loyang	SG
Loznica	RS
Lozova	UA
Lqoliaa	MA
Lu'an	CN
Luancheng	CN
Luanco	ES
Luanda	AO
Luang Prabang	LA
Luanshya	ZM
Luau	AO
Lubaczow	PL
Lubalo	AO
Luban	PL
Lubango	AO
Lubao	PH
Lubartow	PL
Lubata	TZ
Lubbeek	BE
Lubbock	US
Lubero	CD
Lubin	PL
Lublin	PL
Lubliniec	PL
Lubnjow	DE
Lubny	UA
Lubon	PL
Lubsko	PL
Lubu	CN
Lubuklinggau	ID
Lubumbashi	CD
Lubwe	ZM
Lucala	AO
Lucan	IE
Lucapa	AO
Lucas	BR
Lucas do Rio Verde	BR
Lucaya	BS
Lucban	PH
Lucca	IT
Luce	FR
Lucelia	BR
Lucena	PH
Lucenec	SK
Lucento	IT
Lucera	IT
Lucero	ES
Luchegorsk	RU
Lucheng	CN
Luchenza	MW
Luchingu	TZ
Luckau	DE
Luckeesarai	IN
Luckenwalde	DE
Lucknow	IN
Lucon	FR
Luderitz	NA
Ludhiana	IN
Ludlow	US
Ludus	RO
Ludvika	SE
Ludwigsburg	DE
Ludwigsfelde	DE
Ludwigshafen am Rhein	DE
Ludwigslust	DE
Luebbecke	DE
Luebeck	DE
Luebo	CD
Luedenscheid	DE
Luedinghausen	DE
Lueeyang Chengguanzhen	CN
Luefeng	CN
Luegde	DE
Luehouan	CI
Lueleburgaz	TR
Lueliang	CN
Luena	AO
Lueneburg	DE
Luenen	DE
Luenoufla	CI
Lueshun	CN
Luetgendortmund	DE
Lufkin	US
Luga	RU
Lugano	CH
Luganville	VU
Lugazi	UG
Lugo	ES
Lugoba	TZ
Lugoj	RO
Lugones	ES
Lugovoy	KZ
Lugu	TW
Lugulu	KE
Luhansk	UA
Luhe	CN
Luhuan	MO
Luino	IT
Luis Antonio	BR
Luis Correia	BR
Luis Eduardo Magalhaes	BR
Luiz Alves	BR
Lujan	AR
Luk Yeung	HK
Lukavac	BA
Lukaya	UG
Lukhovitsy	RU
Lukolela	CD
Lukow	PL
Lukoyanov	RU
Lukula	CD
Lukuledi	TZ
Lukulu	ZM
Lukut	MY
Lukwatini	ZA
Lukyanivka	UA
Lulea	SE
Luling	US
Lulou	CN
Lumaco	CL
Lumajang	ID
Lumame	ET
Lumbala	AO
Lumbang	PH
Lumberton	US
Lumding Railway Colony	IN
Lumezzane	IT
Lumiar	PT
Luming	CN
Lummen	BE
Lumphat	KH
Lumut	MY
Lun Pequeno	PH
Luna	PH
Lunas	MY
Lunavada	IN
Lund	SE
Lundazi	ZM
Lundu	MY
Lunel	FR
Lunetten	NL
Luneville	FR
Lunglei	IN
Luninyets	BY
Lunsar	SL
Lunteren	NL
Luobei	CN
Luobuqiongzi	CN
Luocheng	CN
Luohe	CN
Luohu District	CN
Luohuang	CN
Luojiang	CN
Luoli	CN
Luolong	CN
Luomen	CN
Luong Bang	VN
Luoping	CN
Luoqi	CN
Luorong	CN
Luotang	CN
Luotian	CN
Luoyang	CN
Luoyu	CN
Luoyun	CN
Lupao	PH
Lupeni	RO
Lupiro	TZ
Lupon	PH
Luputa	CD
Luquembo	AO
Luruaco	CO
Lurup	DE
Lusacan	PH
Lusail	QA
Lusaka	ZM
Lusaka West	ZM
Lusambo	CD
Lusan	DE
Lusciano	IT
Lushan	CN
Lushar	CN
Lushnje	AL
Lushoto	TZ
Lushui	CN
Lustenau	AT
Lutayan	PH
Lutes Mountain	CA
Lutherville-Timonium	US
Luton	GB
Lutsk	UA
Lutuhyne	UA
Lutz	US
Luuq	SO
Luwero	UG
Luwingu	ZM
Luwuk	ID
Luxembourg	LU
Luxor	EG
Luz	BR
Luza	RU
Luzern	CH
Luzhniki	RU
Luzhou	CN
Luziania	BR
Luzilandia	BR
Lviv	UA
Lwakyomba	UG
Lwengo	UG
Ly Son	VN
Lyakhovichi	BY
Lyangasovo	RU
Lyantonde	UG
Lyantor	RU
Lyasny	BY
Lydenburg	ZA
Lyepyel'	BY
Lyman	UA
Lymanka	UA
Lymington	GB
Lymm	GB
Lynbrook	US
Lynchburg	US
Lynden	US
Lyndhurst	US
Lyndon	US
Lynn	US
Lynn Haven	US
Lynnfield	US
Lynnwood	US
Lynwood	US
Lyon	FR
Lyon 01	FR
Lyon 02	FR
Lyon 03	FR
Lyon 04	FR
Lyon 05	FR
Lyon 06	FR
Lyon 07	FR
Lyon 08	FR
Lyon 09	FR
Lyons	US
Lypky	UA
Lys'va	RU
Lys-lez-Lannoy	FR
Lyskovo	RU
Lysogorskaya	RU
Lyss	CH
Lystrup	DK
Lysychansk	UA
Lytham St Annes	GB
Lytkarino	RU
Lyuban'	BY
Lyubertsy	RU
Lyubinskiy	RU
Lyublino	RU
Lyudinovo	RU
M'Bahiakro	CI
M'Batto	CI
M'Bengue	CI
M'Daourouch	DZ
M'Sila	DZ
M'dhilla	TN
Ma On Shan	HK
Ma Tau Kok	HK
Ma Tau Wai	HK
Ma Wan	HK
Ma'ai	CN
Ma'ale Adummim	PS
Ma'an	JO
Ma'anshan	CN
Ma'rib	YE
Ma`arratmisrin	SY
Maai Mahiu	KE
Maale Iron	IL
Maamba	ZM
Maao	PH
Maardu	EE
Maarssen	NL
Maaseik	BE
Maasin	PH
Maasmechelen	BE
Maaspoort	NL
Maassluis	NL
Maastricht	NL
Maatkas	DZ
Maatmeur	TN
Maba	CN
Mabai	CN
Mabalacat City	PH
Mabama	TZ
Mabamba	TZ
Mabanza	RW
Mabare	UG
Mabehiri	CI
Mabitac	PH
Mablethorpe	GB
Mableton	US
Maboke	ZA
Mabopane	ZA
Mabote	LS
MacPherson	SG
Macae	BR
Macaiba	BR
Macajuba	BR
Macapa	BR
Macaparana	BR
Macara	EC
Macarani	BR
Macas	EC
Macatuba	BR
Macau	MO
Macaubas	BR
Macclesfield	GB
Macedonia	US
Maceio	BR
Macenta	GN
Macerata	IT
Macerata Campania	IT
Mach	PK
Machachi	EC
Machadinho d'Oeste	BR
Machado	BR
Machadodorp	ZA
Machados	BR
Machagai	AR
Machai	IN
Machakos	KE
Machala	EC
Machali	CL
Machelen	BE
Macheng	CN
Macherla	IN
Machesney Park	US
Machhiwara	IN
Machhlishahr	IN
Machico	PT
Machida	JP
Machilipatnam	IN
Machina	NG
Machipanda	MZ
Machiques	VE
Machiya	JP
Machulishchy	BY
Macia	MZ
Macin	RO
Mack	US
Macka	TR
Mackay	AU
Maclear	ZA
Maco	PH
Macomb	US
Macomer	IT
Macomia	MZ
Macon	US
Macquarie Fields	AU
Macuba	RW
Macuspana	MX
Madaba	JO
Madagali	NG
Madala	NG
Madalena	BR
Madambakkam	IN
Madanapalle	IN
Madanayakahalli	IN
Madang	PG
Madanpur	IN
Madaoua	NE
Madara	NG
Madaripur	BD
Madarounfa	NE
Madattukkulam	IN
Madaya	MM
Madayi	IN
Madayikonam	IN
Maddaloni	IT
Maddington	AU
Maddur	IN
Made	NL
Madeji	PK
Madera	US
Madgaon	IN
Madhapar	IN
Madhavaram	IN
Madhepura	IN
Madhira	IN
Madhoganj	IN
Madhogarh	IN
Madhuban	IN
Madhubani	IN
Madhugiri	IN
Madhupur	IN
Madhurampur Dehri	IN
Madhuru	IN
Madhyamgram	IN
Madhyapur Thimi	NP
Madido	ZM
Madikeri	IN
Madimba	TZ
Madina Wandifa	SN
Madina do Boe	GW
Madinah	SA
Madinat Hamad	BH
Madinat Khalifah	QA
Madinat Wadi an Natrun	EG
Madinat `Isa	BH
Madinat an Nasr	EG
Madinat as Sadat	EG
Madipakkam	IN
Madison	US
Madison Heights	US
Madisonville	US
Madiun	ID
Madizini	TZ
Mado Gashi	KE
Madoge	CI
Madonna di Campagna	IT
Madre de Deus	BR
Madrid	ES
Madrid Centro	ES
Madridejos	ES
Madruga	CU
Madugula	IN
Madukkarai	IN
Madukkur	IN
Madurai	IN
Maduraivayal	IN
Madurantakam	IN
Maduravoyal	IN
Mae Chan	TH
Mae Ramat	TH
Mae Sai	TH
Mae Sot	TH
Mae Tha	TH
Mae do Rio	BR
Maebaru-chuo	JP
Maebashi	JP
Maeda	JP
Maentsaelae	FI
Maerkisches Viertel	DE
Maersta	SE
Maesteg	GB
Maevatanana	MG
Mafemani	ZA
Mafere	CI
Mafeteng	LS
Mafikeng	ZA
Mafinga	TZ
Mafra	BR
Mafraq	JO
Maga	CM
Magadan	RU
Magadi	IN
Magalang	PH
Magalhaes de Almeida	BR
Magalia	US
Magamaga	UG
Magangue	CO
Maganja	MZ
Maganoy	PH
Magapit	PH
Magapit, Aguiguican	PH
Magarao	PH
Magaria	NE
Magba	CM
Magburaka	SL
Magdagachi	RU
Magdalena	MX
Magdalena Atlicpac	MX
Magdalena Contreras	MX
Magdalena Milpas Altas	GT
Magdalena de Kino	MX
Magdeburg	DE
Magdolnanegyed	HU
Mage	BR
Magelang	ID
Magenta	IT
Maghaghah	EG
Maghama	MR
Maghar	IL
Maghnia	DZ
Maghull	GB
Maglie	IT
Maglod	HU
Magna	US
Magnitogorsk	RU
Magnolia	US
Magog	CA
Magole	TZ
Magomeni	TZ
Magong	TW
Magsaysay	PH
Magta' Lahjar	MR
Magtymguly	TM
Magu	TZ
Maguan	CN
Magude	MZ
Magugpo Poblacion	PH
Magugu	TZ
Magumeri	NG
Magway	MM
Maha Sarakham	TH
Mahabad	IR
Mahabaleshwar	IN
Mahabalipuram	IN
Mahabe	MG
Mahad	IN
Mahadula	IN
Mahagama	IN
Mahajanga	MG
Mahajeran	IR
Mahalapye	BW
Mahalingpur	IN
Mahallat Damanah	EG
Mahalpur	IN
Maham	IN
Mahanje	TZ
Mahanoro	MG
Mahapleu	CI
Maharagama	LK
Maharaganj	IN
Maharajgani	IN
Maharajpur	IN
Maharda	SY
Mahasamund	IN
Mahates	CO
Mahayag	PH
Mahbubabad	IN
Mahbubnagar	IN
Mahd adh Dhahab	SA
Mahdasht	IR
Mahdia	TN
Mahdishahr	IR
Mahe	IN
Mahebourg	MU
Mahembe	RW
Mahemdavad	IN
Mahendragarh	IN
Mahendranagar	IN
Mahesana	IN
Maheshtala	IN
Maheshwar	IN
Mahgawan	IN
Mahiari	IN
Mahilyow	BY
Mahina	ML
Mahires	TN
Mahis	JO
Mahishadal	IN
Mahlow	DE
Mahlsdorf	DE
Mahmudabad	IN
Mahmutlar	TR
Mahna	IN
Mahnar Bazar	IN
Mahoba	IN
Mahogany	CA
Maholi	IN
Mahriz	IR
Mahu Khurd	IN
Mahudha	IN
Mahuta	TZ
Mahuva	IN
Mahuver	IN
Mahwa	IN
Mahwah	US
Mai	KE
Mai Dich	VN
Mai Khet	TH
Maia	PT
Maianga	AO
Maibara	JP
Maicao	CO
Maida Hill	GB
Maidan Garhi	IN
Maidenhead	GB
Maidstone	GB
Maiduguri	NG
Maihar	IN
Maijdi	BD
Mailani	IN
Mailaram	IN
Maile	ZA
Maillardville	CA
Mailsi	PK
Mainaguri	IN
Mainburg	DE
Maindargi	IN
Maine Soroa	NE
Mainpuri	IN
Maintal	DE
Maintirano	MG
Mainvilliers	FR
Mainz	DE
Maipu	CL
Maiquetia	VE
Mairang	IN
Mairena del Alcor	ES
Mairena del Aljarafe	ES
Mairi	BR
Mairinque	BR
Mairipora	BR
Mairo Inya	KE
Mairwa	IN
Maisach	DE
Maisi	CU
Maison Blanche	FR
Maisons-Alfort	FR
Maisons-Laffitte	FR
Maithon	IN
Maitland	AU
Maiurno	SD
Maiyama	NG
Maizhokunggar	CN
Maizuru	JP
Majadahonda	ES
Majagual	CO
Majalengka	ID
Majalgaon	IN
Majayjay	PH
Majd el Kurum	IL
Majdal Shams	IL
Majdanpek	RS
Majenang	ID
Majene	ID
Majengo	KE
Majhauli	IN
Majhiaon Kalan	IN
Majholi	IN
Majie	CN
Majikavo Koropa	YT
Majitha	IN
Major Isidoro	BR
Majorna	SE
Majuro	MH
Makabana	CG
Makabe	JP
Makak	CM
Makakilo	US
Makakilo / Kapolei / Honokai Hale	US
Makakilo City	US
Makamba	BI
Makarska	HR
Makassar	ID
Makati City	PH
Makeni	SL
Makhachkala	RU
Makhdumpur	IN
Makhjan	IN
Makhu	IN
Maki	JP
Makiki / Lower Punchbowl / Tantalus	US
Makilala	PH
Makindu	KE
Makinsk	KZ
Makiyivka	UA
Makkah	SA
Makkasan	TH
Mako	HU
Makoko	NG
Makokou	GA
Makongolosi	TZ
Makoua	CG
Makouda	DZ
Makrana	IN
Makron	IN
Makronia	IN
Maksenyit	ET
Maksi	IN
Maktampur	IN
Maktar	TN
Maku	IR
Makubetsu	JP
Makueni Boma	KE
Makuhari	JP
Makum	IN
Makumbako	TZ
Makungu	TZ
Makurazaki	JP
Makurdi	NG
Makutano	KE
Makuyuni	TZ
Makwassie	ZA
Mala	PE
Mala Vyska	UA
Malaba	UG
Malabanban Norte	PH
Malabo	GQ
Malabon	PH
Malacacheta	BR
Malacatan	GT
Malacca	MY
Malacky	SK
Maladziecna	BY
Malaga	ES
Malahide	IE
Malaimachchampatti	IN
Malajkhand	IN
Malakal	SS
Malakanagiri	IN
Malakhovka	RU
Malakoff	FR
Malakpur Kohi Rangpur	IN
Malakwal	PK
Malakwal City	PK
Malambo	CO
Malampaka	TZ
Malamulele	ZA
Malandag	PH
Malanday	PH
Malang	ID
Malangawa	NP
Malango	SB
Malanje	AO
Malanville	BJ
Malapatan	PH
Malappuram	IN
Malard	IR
Malatia-Sebastia	AM
Malatya	TR
Malavalli	IN
Malaya	PH
Malaya Vishera	RU
Malaybalay	PH
Malayer	IR
Malayinkeezhu	IN
Malazgirt	TR
Malbaza	NE
Malbork	PL
Malda	IN
Maldegem	BE
Malden	US
Maldhe	IN
Maldon	GB
Maldonado	UY
Male	MV
Malegaon	IN
Malekan	IR
Malema	MZ
Malemba	CD
Malemba-Nkulu	CD
Malente	DE
Maler Kotla	IN
Malesice	CZ
Malgobek	RU
Malgrat de Mar	ES
Malhada	BR
Malhador	BR
Malhipur	IN
Mali	CN
Maliana	TL
Malianzhuang	CN
Malibu	US
Malihabad	IN
Malilipot	PH
Malinau	ID
Malindi	KE
Malingao	PH
Malingshan	CN
Malinyi	TZ
Malir Cantonment	PK
Malita	PH
Maliu	CN
Maliuzui	CN
Maliya	IN
Malkajgiri	IN
Malkapur	IN
Malkara	TR
Malkera	IN
Mallammaduri	NG
Mallankinar	IN
Mallapuram	IN
Mallasamudram	IN
Mallawi	EG
Mallet	BR
Mallow	IE
Mallur	IN
Malmedy	BE
Malmesbury	ZA
Malmoe	SE
Malnate	IT
Malo	IT
Malolos	PH
Malorita	BY
Malout	IN
Maloyaroslavets	RU
Malpasse	FR
Malpe	IN
Malpura	IN
Malsch	DE
Malsisar	IN
Maltby	GB
Maltepe	TR
Maltrata	MX
Malu	CN
Malumfashi	NG
Malungun	PH
Malur	IN
Maluso	PH
Malvan	IN
Malvar	PH
Malvern	CA
Malvern East	AU
Malya	TZ
Malyn	UA
Mamadysh	RU
Mamafubedu	ZA
Mamanguape	BR
Mamaroneck	US
Mamatid	PH
Mambajao	PH
Mambang Di Awan	MY
Mambore	BR
Mambuk	ET
Mamburao	PH
Mamfe	CM
Mamidalapadu	IN
Mamou	GN
Mamoudzou	YT
Mampikony	MG
Mampong	GH
Mamporal	VE
Mamre	ZA
Mamsapuram	IN
Mamu Kanjan	PK
Mamuju	ID
Mamun	IN
Man	CI
Man'gyongdae-ri	KP
Mana-Camp	IN
Manacapuru	BR
Manacor	ES
Manado	ID
Manafwa	UG
Manage	BE
Managua	NI
Manaira	BR
Manakara	MG
Manakunnam	IN
Manali	IN
Manalur	IN
Manama	BH
Manamadurai	IN
Mananara	MG
Mananjary	MG
Manantheri	IN
Mananwala	PK
Manaoag	PH
Manapakkam	IN
Manapla	PH
Manapparai	IN
Manaquiri	BR
Manari	BR
Manasa	IN
Manassas	US
Manassas Park	US
Manati	CO
Manaung	MM
Manaus	BR
Manavadar	IN
Manavalakurichi	IN
Manaveli	IN
Manavgat	TR
Manawar	IN
Manay	PH
Manbij	SY
Mancha Real	ES
Manchar	IN
Mancherial	IN
Manchester	GB
Manchester City Centre	GB
Manching	DE
Mancio Lima	BR
Mandaguacu	BR
Mandaguari	BR
Mandakad	IN
Mandal	IN
Mandalay	MM
Mandalgarh	IN
Mandalgovi	MN
Mandali	IQ
Mandaluyong	PH
Mandaluyong City	PH
Mandamarri	IN
Mandan	US
Mandapam	IN
Mandapeta	IN
Mandaqui	BR
Mandaue City	PH
Mandawa	IN
Mandawar	IN
Mandela	GH
Mandelia	TD
Mandelieu-la-Napoule	FR
Mandello del Lario	IT
Mandeni	ZA
Mandera	KE
Mandeville	JM
Mandi	IN
Mandi Bahauddin	PK
Mandi Dabwali	IN
Mandiana	GN
Mandideep	IN
Mandimba	MZ
Mandinari	GM
Mandir Hasaud	IN
Mandirituba	BR
Mandla	IN
Mandleshwar	IN
Mandoli	IN
Mandra	GR
Mandsaur	IN
Mandu	IN
Mandurah	AU
Manduria	IT
Mandvi	IN
Mandya	IN
Maneah	GN
Manegaon	IN
Manendragarh	IN
Maner	IN
Manerbio	IT
Manesar	IN
Manevychi	UA
Manfalut	EG
Manfla	CI
Manfredonia	IT
Manga	BF
Mangai	CD
Mangalagiri	IN
Mangalam	IN
Mangalapadi	IN
Mangaldai	IN
Mangaldan	PH
Mangalia	RO
Mangalme	TD
Mangaluru	IN
Mangalvedha	IN
Mangaratiba	BR
Mangatarem	PH
Mangattidam	IN
Mangawan	IN
Mangbang	CN
Mangbwalu	CD
Mangere	NZ
Mangere East	NZ
Manggahan	PH
Manggar	ID
Manghit	UZ
Mangilao Village	GU
Mangina	CD
Mangistau	KZ
Mangla	PK
Manglai	CN
Manglaur	IN
Manglya	IN
Mangnai Zhen	CN
Mango	IN
Mangochi	MW
Mangotsfield	GB
Mangrol	IN
Mangrul Pir	IN
Mangshi	CN
Mangueirinha	BR
Manhattan	US
Manhattan Beach	US
Manhattan Valley	US
Manhica	MZ
Manhuacu	BR
Manhumirim	BR
Mani	BF
Mani Majra	IN
Maniago	IT
Maniar	IN
Manibaug Pasig	PH
Manica	MZ
Manicaragua	CU
Manicore	BR
Manihari	IN
Manikchari	BD
Manikganj	BD
Manikpur	IN
Manila	PH
Manilva	ES
Manimutharu	IN
Manipal	IN
Manisa	TR
Manises	ES
Manismata	ID
Manitowoc	US
Maniwa	JP
Maniyur	IN
Manizales	CO
Manjacaze	MZ
Manjai Kunda	GM
Manjakandriana	MG
Manjanadi	IN
Manjathala	IN
Manjeri	IN
Manjhand	PK
Manjhanpur	IN
Manjil	IR
Manjo	CM
Mankachar	IN
Mankato	US
Mankayan	PH
Mankera	PK
Mankesim	GH
Mankhul	AE
Mankoeng	ZA
Mankono	CI
Mankuwa	IN
Mankweng	ZA
Manlleu	ES
Manly	AU
Manly West	AU
Manmad	IN
Mannachanallur	IN
Mannanchori	IN
Mannar	LK
Mannarai	IN
Mannarakkat	IN
Mannargudi	IN
Mannheim	DE
Manoa	US
Manoel Ribas	BR
Manoel Urbano	BR
Manoel Vitorino	BR
Manohar Thana	IN
Manoharpur	IN
Manokwari	ID
Manolo Fortich	PH
Manono	CD
Manor	IN
Manor Park	GB
Manorville	US
Manosque	FR
Manouba	TN
Manp'o	KP
Manresa	ES
Mansa	ZM
Mansalay	PH
Mansehra	PK
Mansfield	GB
Mansfield City	US
Mansfield Woodhouse	GB
Manshiyat al Qanatir	EG
Mansidao	BR
Mansilingan	PH
Mansoura	DZ
Mansourah	DZ
Manta	EC
Mantampay	PH
Mantasoa	MG
Manteca	US
Mantena	BR
Mantenopolis	BR
Mantes-la-Jolie	FR
Mantes-la-Ville	FR
Manthani	IN
Mantilla	CU
Mantua	IT
Manturovo	RU
Manuel Ojinaga	MX
Manuguru	IN
Manukan	PH
Manukau City	NZ
Manurewa	NZ
Manvi	IN
Manville	US
Manwath	IN
Manyama	ZM
Manyinga	ZM
Manyoni	TZ
Manyue	CN
Manzanares	ES
Manzanillo	MX
Manzanoua	CI
Manzhouli	CN
Manzini	SZ
Mao	TD
Maocun	CN
Maogong	CN
Maoming	CN
Maozhou	CN
Mapalo	ZM
Mapandan	PH
Mapastepec	MX
Mapinga	TZ
Maple Grove	US
Maple Heights	US
Maple Leaf	CA
Maple Ridge	CA
Maple Shade	US
Maple Valley	US
Maplewood	US
Mapo	CN
Maposeni	TZ
Mapoteng	LS
Mappilaiurani	IN
Mapun	PH
Mapusa	IN
Maputo	MZ
Maputsoe	LS
Maqanshy	KZ
Maqat	KZ
Maqin County	CN
Maquela do Zombo	AO
Mar de Espanha	BR
Mar del Plata	AR
Mar'ina Gorka	BY
Mar'ino	RU
Mara Rosa	BR
Maraa	BR
Maraba	BR
Marabba	SD
Marabella	TT
Maracacume	BR
Maracai	BR
Maracaibo	VE
Maracaju	BR
Maracana	BR
Maracanau	BR
Maracas	BR
Maracay	VE
Maracena	ES
Maradi	NE
Maradong	MY
Maradu	IN
Maragheh	IR
Maragogi	BR
Maragogipe	BR
Maragondon	PH
Marahra	IN
Marahui	CI
Marai Kalan	IN
Maraimalainagar	IN
Marakkanam	IN
Maralal	KE
Maramag	PH
Maramba	TZ
Marampilly	IN
Maran	MY
Marana	US
Marancheri	IN
Marand	IR
Marandahalli	IN
Maranding	PH
Marang	MY
Marangaroo	AU
Maranguape	BR
Maranhaozinho	BR
Marano di Napoli	IT
Marapanim	BR
Marapong	ZA
Marataizes	BR
Marattakara	IN
Marau	BR
Maravatio de Ocampo	MX
Maravilha	BR
Marawi City	PH
Marayur	IN
Marbach am Neckar	DE
Marbella	ES
Marblehead	US
Marburg an der Lahn	DE
Marcala	HN
Marcali	HU
Marcavelica	PE
Marcelandia	BR
March	GB
Marche-en-Famenne	BE
Marchena	ES
Marchienne-au-Pont	BE
Marcianise	IT
Marcinelle	BE
Marco	BR
Marco Island	US
Marcon-Gaggio-Colmello	IT
Marcory	CI
Marcos Juarez	AR
Marcq-en-Baroeul	FR
Mardakan	AZ
Mardan	PK
Mardin	TR
Marechal Candido Rondon	BR
Marechal Deodoro	BR
Marechal Floriano	BR
Marechal Thaumaturgo	BR
Mareth	TN
Marfil	MX
Marg'ilon	UZ
Margahayukencana	ID
Margaret Drive	SG
Margareten	AT
Margaride	PT
Margasari	ID
Margate	GB
Marghera	IT
Margherita	IN
Margherita di Savoia	IT
Marghita	RO
Margosatubig	PH
Marhamat	UZ
Marhanets	UA
Marhaura	IN
Mari	BR
Maria da Fe	BR
Maria la Baja	CO
Mariahilf	AT
Mariahu	IN
Mariakani	KE
Mariakerke	BE
Marialva	BR
Mariana	BR
Marianao	CU
Mariani	IN
Mariano	PH
Mariano Comense	IT
Mariano Roque Alonso	PY
Marianske Lazne	CZ
Mariara	VE
Maribondo	BR
Maribor	SI
Maribyrnong	AU
Marica	BR
Maricopa	US
Maridi	SS
Mariehamn	AX
Mariel	CU
Marienberg	DE
Mariendorf	DE
Marienfelde	DE
Marienheide	DE
Mariental	NA
Marienthal	DE
Mariestad	SE
Marietta	US
Marigliano	IT
Marignane	FR
Mariinsk	RU
Mariinskiy Posad	RU
Marijampole	LT
Marikana	ZA
Marikina City	PH
Marilandia	BR
Marilao	PH
Marilia	BR
Marin	ES
Marina	US
Marina di Ardea-Tor San Lorenzo	IT
Marina di Carrara	IT
Marina di Massa	IT
Marine Parade	SG
Mariners Harbor	US
Marinette	US
Maringa	BR
Marinha Grande	PT
Marinilla	CO
Marino	IT
Mario Campos	BR
Marion	US
Marion Oaks	US
Marituba	BR
Mariupol	UA
Marivan	IR
Mariveles	PH
Marj Al Hamam	JO
Marka	SO
Markala	ML
Markapur	IN
Markaz-e Woluswali-ye Achin	AF
Markdorf	DE
Market Deeping	GB
Market Drayton	GB
Market Harborough	GB
Markgroningen	DE
Markha	RU
Markham	CA
Marki	PL
Markkleeberg	DE
Markland Wood	CA
Markova	RU
Markranstaedt	DE
Marks	RU
Markt Schwaben	DE
Marktheidenfeld	DE
Marktoberdorf	DE
Marktredwitz	DE
Marl	DE
Marlboro	US
Marlborough	US
Marlow	GB
Marlton	US
Marly	FR
Marly-le-Roi	FR
Marmande	FR
Marmara Ereglisi	TR
Marmaris	TR
Marmeleiro	BR
Marne La Vallee	FR
Marneuli	GE
Maro	TD
Maroantsetra	MG
Marolambo	MG
Maromandia	MG
Maromme	FR
Marondera	ZW
Maroochydore	AU
Maros	ID
Maroua	CM
Maroubra	AU
Marousi	GR
Marovantaza	MG
Marovoay	MG
Marpingen	DE
Marple	GB
Marpole	CA
Marquard	ZA
Marquetalia	CO
Marquette	US
Marquette-lez-Lille	FR
Marracuene	MZ
Marrakesh	MA
Marratxi	ES
Marrero	US
Marrickville	AU
Marromeu	MZ
Marroquina	ES
Marsa Alam	EG
Marsa Matruh	EG
Marsabit	KE
Marsala	IT
Marsaskala	MT
Marsberg	DE
Marsden	AU
Marsdijk	NL
Marseille	FR
Marseille 01	FR
Marseille 02	FR
Marseille 03	FR
Marseille 04	FR
Marseille 05	FR
Marseille 06	FR
Marseille 07	FR
Marseille 08	FR
Marseille 09	FR
Marseille 10	FR
Marseille 11	FR
Marseille 12	FR
Marseille 13	FR
Marseille 14	FR
Marseille 15	FR
Marseille 16	FR
Marsella	CO
Marsfield	AU
Marshall	US
Marshall-McCallum	CA
Marshalltown	US
Marshfield	US
Marsiling	SG
Martaban	MM
Martapura	ID
Marte	NG
Martha Lake	US
Marthandam	IN
Marti	CU
Martigny-Ville	CH
Martigues	FR
Martil	MA
Martin	SK
Martina Franca	IT
Martindale	CA
Martinez	US
Martinez de la Torre	MX
Martinho Campos	BR
Martinlaakso	FI
Martinopole	BR
Martinopolis	BR
Martinsburg	US
Martinsicuro	IT
Martinsville	US
Martorell	ES
Martos	ES
Martuni	AM
Marturu	IN
Maru	NG
Marudi	MY
Marudur	IN
Marugame	JP
Maruim	BR
Marumori	JP
Marungur	IN
Maruobara	JP
Maruoka	JP
Marupe	LV
Marutharod	IN
Marvdasht	IR
Marvila	PT
Marwar Junction	IN
Mary	TM
Maryborough	AU
Maryland City	US
Maryland Heights	US
Marylebone	GB
Marysville	US
Maryvale	US
Maryville	US
Marzahn	DE
Masagua	GT
Masai	MY
Masaka	UG
Masaki-cho	JP
Masal	IR
Masalani	KE
Masalukot Uno	PH
Masamba	ID
Masan	KR
Masantol	PH
Masasi	TZ
Masatepe	NI
Masaurhi Buzurg	IN
Masaya	NI
Masbate	PH
Mascalucia	IT
Mascara	DZ
Mascot	AU
Mascote	BR
Mascouche	CA
Masdar City	AE
Maseru	LS
Mashat	IN
Mashava	ZW
Mashhad	IR
Mashiko	JP
Mashpee	US
Mashtul as Suq	EG
Masi-Manimba	CD
Masila	IN
Masina	CD
Masindi	UG
Masinloc	PH
Masis	AM
Masjed Soleyman	IR
Maslak	TR
Maslice	PL
Maslyanino	RU
Masohi	ID
Masoko	TZ
Mason	US
Mason City	US
Masonboro	US
Maspalomas	ES
Maspeth	US
Massa	IT
Massa Lubrense	IT
Massafra	IT
Massaguet	TD
Massakory	TD
Massama	PT
Massamagrell	ES
Massape	BR
Massapequa	US
Massapequa Park	US
Massaranduba	BR
Massarosa	IT
Massawa	ER
Massena	US
Massey	NZ
Massey East	NZ
Massillon	US
Massinga	MZ
Massiogo	ML
Massy	FR
Mastaga	AZ
Masterton	NZ
Mastic	US
Mastic Beach	US
Mastung	PK
Masuda	JP
Masumbwe	TZ
Masvingo	ZW
Maswa	TZ
Masyaf	SY
Mata Grande	BR
Mata Roma	BR
Mata de Sao Joao	BR
Matabhanga	IN
Matadi	CD
Matagalpa	NI
Matai	TZ
Matala	AO
Matale	LK
Matam	SN
Matamba	TZ
Matamey	NE
Matamoros	MX
Matane	CA
Matanzas	CU
Matao	BR
Matara	LK
Mataram	ID
Mataro	ES
Matatiele	ZA
Matay	EG
Matca	RO
Mateare	NI
Matehuala	MX
Matelandia	BR
Matera	IT
Materi	BJ
Mateszalka	HU
Mateur	TN
Mateus Leme	BR
Mathba	BD
Mathur	IN
Mathura	IN
Mati	PH
Matiari	PK
Matias Barbosa	BR
Matias Olimpio	BR
Matias Romero Avendano	MX
Matiguas	NI
Matilda Estate	SG
Matina	BR
Matinha	BR
Matinhos	BR
Matinkylae	FI
Matino	IT
Matipo	BR
Matiri	TZ
Matli	PK
Matlock	GB
Mato Verde	BR
Matoes	BR
Matoes do Norte	BR
Matola	MZ
Matonga	TZ
Matongo	TZ
Matosinhos	PT
Matoury	GF
Matozinhos	BR
Matriz de Camaragibe	BR
Matsubara	JP
Matsubase	JP
Matsubushi	JP
Matsuda-soryo	JP
Matsudo	JP
Matsue	JP
Matsulu	ZA
Matsumoto	JP
Matsusaka	JP
Matsushige	JP
Matsushima	JP
Matsuto	JP
Matsuura	JP
Matsuyama	JP
Matsuzaki	JP
Mattanur	IN
Mattapan	US
Mattenbach (Kreis 7)	CH
Matteson	US
Matthews	US
Mattigiri	IN
Mattoon	US
Matu	MY
Matuail	BD
Matuga	KE
Matui	TZ
Matunda	KE
Matundasi	TZ
Matupa	BR
Maturin	VE
Matuu	KE
Matveyev Kurgan	RU
Matveyevskoye	RU
Matyasfoeld	HU
Mau	IN
Mau Aimma	IN
Mau Narok	KE
Maua	BR
Mauban	PH
Maubara	TL
Maubeuge	FR
Maubin	MM
Mauda	IN
Maudaha	IN
Maues	BR
Mauganj	IN
Mauguio	FR
Maulavi Bazar	BD
Mauldin	US
Mauli Jagran	IN
Maullin	CL
Maumee	US
Maumelle	US
Maumere	ID
Maun	BW
Maur	IN
Mauranwan	IN
Maurepas	FR
Maurilandia	BR
Mauriti	BR
Maval	IN
Mavelikara	IN
Mavinga	AO
Mavisehir	TR
Mavitayi	IN
Mavoor	IN
Mawana	IN
Mawang	CN
Mawlai-Mawiong	IN
Mawlaik	MM
Mawlamyine	MM
Mawlamyinegyunn	MM
Mawson Lakes	AU
Mawu	CN
Maxaranguape	BR
Maxcanu	MX
Maxhutte-Haidhof	DE
Maxixe	MZ
May Cadera	ET
May Pen	JM
Mayabandar	IN
Mayagueez	PR
Mayahi	NE
Mayang Imphal	IN
Mayapur	IN
Maych'ew	ET
Mayen	DE
Mayenne	FR
Mayevka	KG
Mayfield	GB
Mayfield Heights	US
Mayiladi	IN
Mayiladuthurai	IN
Maying	CN
Maykop	RU
Maylands	AU
Mayma	RU
Maymana	AF
Maynard	US
Maynooth	IE
Mayrtup	RU
Mays Chapel	US
Mayskiy	RU
Mayuan	CN
Mayuge	UG
Maywood	US
Mayyanad	IN
Mayyil	IN
Mazabuka	ZM
Mazagao	BR
Mazamet	FR
Mazar-e Sharif	AF
Mazara del Vallo	IT
Mazargues	FR
Mazarron	ES
Mazatenango	GT
Mazatlan	MX
Mazeikiai	LT
Mazenod	LS
Mazeras	KE
Mazha	CN
Mazhan	CN
Mazidagi	TR
Mazinde	TZ
Mazkeret Batya	IL
Mazouna	DZ
Mazyr	BY
Mazzarino	IT
Mbabane	SZ
Mbaiki	CF
Mbake	SN
Mbala	ZM
Mbale	UG
Mbalmayo	CM
Mbandaka	CD
Mbandjok	CM
Mbanga	CM
Mbanza Kongo	AO
Mbanza-Ngungu	CD
Mbarara	UG
Mbekenyera	TZ
Mbera	MR
Mbeya	TZ
Mbinga	TZ
Mbita	KE
Mbombela	ZA
Mboro	SN
Mbouda	CM
Mbour	SN
Mboursou Lere	TD
Mbres	CF
Mbuguni	TZ
Mbuji-Mayi	CD
Mbulu	TZ
McAlester	US
McAllen	US
McComb	US
McCully - Moiliili	US
McDonough	US
McFarland	US
McHenry	US
McKeesport	US
McKenzie Lake	CA
McKenzie Towne	CA
McKinley Park	US
McKinleyville	US
McKinney	US
McLean	US
McMinnville	US
McPherson	US
Mchinji	MW
Mdantsane	ZA
Mdiq	MA
Me Taw	MM
Mead Valley	US
Meadow Heights	AU
Meadow Woods	US
Meadowbrook	US
Meads	US
Meadville	US
Meagui	CI
Meaux	FR
Mebane	US
Mecapaca	BO
Mechanicsville	US
Mechcheri	IN
Mechelen	BE
Mechelen-aan-de-Maas	BE
Mecheria	DZ
Mechernich	DE
Mechouar-Kasba	MA
Mechraa Bel Ksiri	MA
Meckenbeuren	DE
Meckenheim	DE
Meco	ES
Meconta	MZ
Meda	IT
Medak	IN
Medan	ID
Medankarwadi	IN
Medchal	IN
Meddappakkam	IN
Medea	DZ
Medeiros Neto	BR
Medellin	CO
Medemblik	NL
Medenine	TN
Medford	US
Medgidia	RO
Media Legua	ES
Media Luna	CU
Medianeira	BR
Medias	RO
Medicilandia	BR
Medicine Hat	CA
Medina	US
Medina Estates	GH
Medina Gounas	SN
Medina Sidonia	ES
Medina del Campo	ES
Medininagar	IN
Medinipur	IN
Mediouna	MA
Medjez el Bab	TN
Mednogorsk	RU
Medpalli	IN
Medvedevo	RU
Medvedovskaya	RU
Medvezh'yegorsk	RU
Medway	US
Meenambakkam	IN
Meerane	DE
Meerbusch	DE
Meerpet	IN
Meerut	IN
Meerzorg	SR
Meethari Marwar	IN
Meftah	DZ
Megara	GR
Megarine	DZ
Meghnagar	IN
Meghraj	IN
Megion	RU
Megrine	TN
Meguro	JP
Mehal Meda	ET
Mehana	NE
Mehar	PK
Mehdia daira de meghila	DZ
Mehdya	MA
Mehendiganj	BD
Mehidpur	IN
Mehkar	IN
Mehlville	US
Mehmood Pora	IN
Mehnagar	IN
Mehndawal	IN
Mehoni	ET
Mehrabpur	PK
Mehran	IR
Mehsi	IN
Mehtar Lam	AF
Mei Foo	HK
Mei Foo Sun Chuen	HK
Meiderich	DE
Meidling	AT
Meiganga	CM
Meihekou	CN
Meijiang	CN
Meikle Earnock	GB
Meiktila	MM
Meilen	CH
Meinerzhagen	DE
Meiningen	DE
Meise	BE
Meishan	CN
Meissen	DE
Meitingen	DE
Meizhou	CN
Mejaniga	IT
Mejicanos	SV
Mejillones	CL
Mejiro	JP
Mejorada del Campo	ES
Mek'ele	ET
Mek'i	ET
Mekhe	SN
Mekla	DZ
Meknes	MA
Mel'nikovo	RU
Melati	ID
Melbourne	AU
Melbourne City Centre	AU
Melchor Ocampo	MX
Melchor de Mencos	GT
Melegnano	IT
Melenki	RU
Meleuz	RU
Melfi	IT
Melgaco	BR
Melgar	CO
Meliana	ES
Melilla	ES
Melipilla	CL
Melissia	GR
Melito di Napoli	IT
Melitopol	UA
Melkbosstrand	ZA
Melksham	GB
Melle	DE
Mellieha	MT
Mellit	SD
Mellunkylae	FI
Melmadai	IN
Melnik	CZ
Melo	UY
Melong	CM
Melouza	DZ
Melres	PT
Melrose	US
Melrose Park	US
Melsele	BE
Melsungen	DE
Melton Mowbray	GB
Melton South	AU
Melun	FR
Melur	IN
Melville	US
Melvindale	US
Melzo	IT
Memari	IN
Memmingen	DE
Memot	KH
Memphis	US
Memuro-minami	JP
Mena	ET
Menai	AU
Menaka	ML
Menasha	US
Mendaha	ID
Mendahigashi	JP
Mendarda	IN
Mende	FR
Mendefera	ER
Mendeleyevsk	RU
Menden	DE
Menderes	TR
Mendes	BR
Mendez-Nunez	PH
Mendi	ET
Mendip	GB
Mendota	US
Mendota Heights	US
Mendoza	AR
Mendrisio	CH
Mene Grande	VE
Mene de Mauroa	VE
Menemen	TR
Menemeni	GR
Menen	BE
Menfi	IT
Meng'a	CN
Mengcheng Chengguanzhen	CN
Mengede	DE
Mengen	DE
Mengenich	DE
Menghuan	CN
Mengka	CN
Mengla	CN
Menglang	CN
Mengman	CN
Mengmao	CN
Mengwang	CN
Mengyan	CN
Mengyin	CN
Mengzi	CN
Menifee	US
Menlo Park	US
Mennanyam	IN
Mennecy	FR
Mennzel Bou Zelfa	TN
Menomonee Falls	US
Menomonie	US
Menongue	AO
Mentakab	MY
Mentana	IT
Mentiri	BN
Menton	FR
Mentone	AU
Mentor	US
Mentougou	CN
Menuma	JP
Menzel Abderhaman	TN
Menzel Bourguiba	TN
Menzel Ennour	TN
Menzel Hayet	TN
Menzel Jemil	TN
Menzel Temime	TN
Menzelinsk	RU
Meppadam	IN
Meppayyur	IN
Meppel	NL
Meppen	DE
Mequon	US
Mer'awi	ET
Merano	IT
Merate	IT
Merauke	ID
Mercaderes	CO
Mercato San Severino	IT
Merced	US
Mercedes	AR
Mercedes Norte	CR
Mercer Island	US
Mercerville	US
Mercerville-Hamilton Square	US
Merces	BR
Merchtem	BE
Merchweiler	DE
Mercier	CA
Mercier-Hochelaga-Maisonneuve	CA
Merefa	UA
Merelani	TZ
Merelbeke	BE
Merenwijk	NL
Merewether	AU
Mericourt	FR
Merida	MX
Meriden	US
Meridian	US
Merignac	FR
Mering	DE
Merke	KZ
Merkezefendi	TR
Merksem	BE
Merlimau	MY
Merlo	AR
Mermaid Waters	AU
Mermoz Boabab	SN
Mernda	AU
Merouana	DZ
Merowe	SD
Merriam	US
Merrick	US
Merrifield	US
Merrillville	US
Merrimack	US
Merritt Island	US
Merrylands	AU
Mers El Kheir	MA
Mers el Kebir	DZ
Mersa	ET
Merseburg	DE
Mersin	TR
Mersing	MY
Merta	IN
Merta Road	IN
Merter Keresteciler	TR
Merthyr Tydfil	GB
Merti	KE
Mertoyudan	ID
Mertule Maryam	ET
Meru	KE
Meruoca	BR
Merzifon	TR
Merzig	DE
Mesa	US
Mesagne	IT
Meschede	DE
Meshgin Shahr	IR
Meshkin Dasht	IR
Mesker-Yurt	RU
Meskiana	DZ
Mesolongi	GR
Mesquite	US
Messaad	DZ
Messadine	TN
Messias	BR
Messica	MZ
Messina	IT
Messstetten	DE
Mestre	IT
Metahara	ET
Metairie	US
Metairie Terrace	US
Metallostroy	RU
Metamorfosi	GR
Metangula	MZ
Metapan	SV
Metemma	ET
Metepec	MX
Methil	GB
Methuen	US
Methukummal	IN
Metkovic	HR
Metlaoui	TN
Metlili Chaamba	DZ
Metouia	TN
Metpalle	IN
Metro	ID
Metrogorodok	RU
Metrotown	CA
Metsemotlhaba	BW
Mettet	BE
Mettingen	DE
Mettmann	DE
Mettupalayam	IN
Mettur	IN
Metu	ET
Metuchen	US
Metz	FR
Metzingen	DE
Meudon	FR
Meulaboh	ID
Meulebeke	BE
MevasseretTsiyyon	IL
Mexborough	GB
Mexicali	MX
Mexico	PH
Mexico City	MX
Meybod	IR
Meycauayan	PH
Meylan	FR
Meyrin	CH
Meyzieu	FR
Mezcales	MX
Mezciems	LV
Mezdra	BG
Mezgor'e	RU
Mezhdurechensk	RU
Mezhdurechenskiy	RU
Mezobereny	HU
Mezokovesd	HU
Mezotur	HU
Mgandu	TZ
Mhalamba	TZ
Mhamid	MA
Mhango	TZ
Mharal Bk	IN
Mhaswad	IN
Mhow	IN
Mi'eso	ET
Miabi	CD
Miadanandriana	MG
Miahuatlan	MX
Miahuatlan de Porfirio Diaz	MX
Miajadas	ES
Miami	US
Miami Beach	US
Miami Gardens	US
Miami Lakes	US
Miami Shores	US
Miami Springs	US
Miamisburg	US
Mian Channun	PK
Mian Sahib	PK
Miandoab	IR
Miandrarivo	MG
Miandrivazo	MG
Mianeh	IR
Miano	IT
Mianwali	PK
Mianyang	CN
Mianzhu, Deyang, Sichuan	CN
Miaoba	CN
Miaojie	CN
Miaoli	TW
Miaoxi	CN
Miaoyu	CN
Miaozi	CN
Miarinarivo	MG
Miass	RU
Miastko	PL
Mibu	JP
Michalovce	SK
Michelena	VE
Michelstadt	DE
Michendorf	DE
Micheng	CN
Michigan City	US
Michle	CZ
Michurinsk	RU
Mickten	DE
Micolene	MZ
Mid Levels	HK
Mid-Cambridge	US
Mid-City	US
Midar	MA
Middelburg	ZA
Middelfart	DK
Middelharnis	NL
Middelkerke	BE
Middle Island	US
Middle River	US
Middle Valley	US
Middle Village	US
Middleborough	US
Middleburg	US
Middleburg Heights	US
Middlesboro	US
Middlesbrough	GB
Middlesex	US
Middleton	GB
Middletown	US
Middlewich	GB
Midelt	MA
Midland	US
Midland Acres	KY
Midleton	IE
Midlothian	US
Midori	JP
Midoun	TN
Midrand	ZA
Midsayap	PH
Midsomer Norton	GB
Midstream	ZA
Midvale	US
Midway	US
Midwest City	US
Midyat	TR
Mie	JP
Miechow	PL
Miedzychod	PL
Miedzyrzec Podlaski	PL
Miedzyrzecz	PL
Mielec	PL
Miercurea-Ciuc	RO
Mieres	ES
Miesbach	DE
Mifune	JP
Migdal Ha'Emeq	IL
Mignoure	CI
Migori	KE
Miguel Aleman (La Doce)	MX
Miguel Alves	BR
Miguel Auza	MX
Miguel Calmon	BR
Miguel Hidalgo	MX
Miguel Pereira	BR
Miguelopolis	BR
Miguelturra	ES
Mihara	JP
Miharu	JP
Mihe	CN
Mihona	IN
Mijas	ES
Mijdrecht	NL
Mikashevichy	BY
Mikhalkovo	RU
Mikhaylov	RU
Mikhaylovka	RU
Mikhaylovsk	RU
Mikhaylovskoye	RU
Mikhnevo	RU
Miki	JP
Mikkeli	FI
Mikolow	PL
Mikumi	TZ
Mikun'	RU
Mikuni	JP
Mikuriya	JP
Mila	DZ
Milagres	BR
Milagro	EC
Milak	IN
Milan	IT
Milange	MZ
Milanowek	PL
Milas	TR
Milavittan	IN
Milazzo	IT
Mildenhall	GB
Mildura	AU
Mile	ET
Mile 91	SL
Mile End	CA
Milford	US
Milford Haven	GB
Milford Mill	US
Milha	BR
Miliana	DZ
Milicz	PL
Mililani Mauka / Launani Valley	US
Mililani Town	US
Mill Creek	US
Mill Creek East	US
Mill Park	AU
Mill Valley	US
Millau	FR
Millbrae	US
Millbrook	US
Millburn	US
Millbury	US
Millcreek	US
Milledgeville	US
Miller Place	US
Millerovo	RU
Milliken	CA
Millington	US
Millville	US
Milngavie	GB
Milnrow	GB
Milovice	CZ
Milpa Alta	MX
Milpitas	US
Milton	CA
Milton Keynes	GB
Milton-Parc	CA
Milwaukee	US
Milwaukie	US
Mim	GH
Mima	JP
Mimarsinan	TR
Mimico	CA
Mimoso do Sul	BR
Min Ga Lar Don Zay	MM
Min Kone	MM
Minab	IR
Minabe	JP
Minacu	BR
Minad	IN
Minakami	JP
Minakuchicho-matoba	JP
Minalin	PH
Minamata	JP
Minami-Alps	JP
Minami-Soma	JP
Minami-oi	JP
Minamiarupusu	JP
Minamiashigara	JP
Minamiawaji	JP
Minamiboso	JP
Minamichita	JP
Minamiise	JP
Minamikyushu	JP
Minamiminowa	JP
Minaminagareyama	JP
Minamirinkan	JP
Minamisanriku	JP
Minamisatsuma	JP
Minamishibetsucho	JP
Minamishimabara	JP
Minamiuonuma	JP
Minari	JP
Minas	UY
Minas Novas	BR
Minas de Marcona	PE
Minas de Matahambre	CU
Minase	JP
Minatitlan	MX
Minato	JP
Minato City	JP
Minawa	JP
Minbu	MM
Minchinabad	PK
Mindelheim	DE
Mindelo	CV
Minden	DE
Mindif	CM
Mindouli	CG
Mine	JP
Minehead	GB
Mineiros	BR
Mineiros do Tiete	BR
Mineola	US
Mineral Wells	US
Mineral del Monte	MX
Mineralnye Vody	RU
Mineros	BO
Mingachevir	AZ
Mingala Tangnyunt	MM
Mingaladon	MM
Mingcun	CN
Mingda	CN
Minggang	CN
Mingguang	CN
Minglanilla	PH
Mingora	PK
Mingoyo	TZ
Mingshan	CN
Mingshui	CN
Mingyu	CN
Minhang	CN
Minicoy	IN
Minjur	IN
Minna	NG
Minneapolis	US
Minneola	US
Minnetonka	US
Minnetonka Mills	US
Minning	CN
Mino	JP
Minoh	JP
Minokamo	JP
Minooka	US
Minot	US
Minsk	BY
Minsk Mazowiecki	PL
Minskyi Masyv	UA
Mint Hill	US
Minto	AU
Minturno	IT
Minudasht	IR
Minusinsk	RU
Minya	EG
Minya al Qamh	EG
Minyat an Nasr	EG
Mions	FR
Mioveni	RO
Mir Pur Turk	IN
Mira Mesa	US
Mira Taglio	IT
Mirabad	AF
Mirabel	CA
Mirabela	BR
Miracatu	BR
Miracema	BR
Miracema do Tocantins	BR
Mirador	BR
Mirafiori Nord	IT
Mirafiori Sud	IT
Miraflores	PE
Miragoane	HT
Mirai	BR
Miraima	BR
Miramar	US
Miramas	FR
Miramichi	CA
Miranda	CO
Miranda de Ebro	ES
Miranda do Norte	BR
Mirandela	PT
Mirandiba	BR
Mirandola	IT
Mirandopolis	BR
Mirangaba	BR
Mirano	IT
Miranorte	BR
Miranpur	IN
Miranpur Katra	IN
Mirante	BR
Mirante do Paranapanema	BR
Mirasierra	ES
Mirassol	BR
Mirassol d'Oeste	BR
Mirdif	AE
Mirfield	GB
Mirganj	IN
Miri	MY
Mirik	IN
Miringa	NG
Mirinzal	BR
Mirny	RU
Mirnyy	RU
Miro Khan	PK
Mirontsi	KM
Mirpur Khas	PK
Mirpur Mathelo	PK
Mirpur Model Thana	BD
Mirriah	NE
Mirwah Gorchani	PK
Miryalaguda	IN
Miryang	KR
Mirzapur	IN
Misantla	MX
Misasi	TZ
Misato, Saitama	JP
Misau	NG
Misawa	JP
Misburg	DE
Misburg-Nord	DE
Mishan	CN
Mishawaka	US
Mishima	JP
Mishohirajo	JP
Misilmeri	IT
Miskolc	HU
Mislata	ES
Misratah	LY
Misrikh	IN
Missal	BR
Missao Velha	BR
Misserete	BJ
Mission	US
Mission Bend	US
Mission District	US
Mission Hill	US
Mission Viejo	US
Mississauga	CA
Mississippi Mills	CA
Missoula	US
Missour	MA
Missouri City	US
Misterbianco	IT
Misungwi	TZ
Mit Abu Ghalib	EG
Mit Ghamr	EG
Mit Salsil	EG
Mitai	JP
Mitake	JP
Mitcham	GB
Mitchell	US
Mitchellville	US
Mitha Tiwana	PK
Mithapur	IN
Mithepur	IN
Mithi	PK
Mito	JP
Mitoyo	JP
Mitras Poniente	MX
Mitrovice	XK
Mitry-Mory	FR
Mitsukaido	JP
Mitsuke	JP
Mitte	DE
Mittegrossefehn	DE
Mittweida	DE
Mitu	CO
Mityana	UG
Mitzic	GA
Miura	JP
Mixco	GT
Mixia	CN
Mixin	CN
Mixquiahuala de Juarez	MX
Miyako	JP
Miyakojima	JP
Miyakonojo	JP
Miyama	JP
Miyang	CN
Miyaodai	JP
Miyashiro	JP
Miyata	JP
Miyawaka	JP
Miyazaki	JP
Miyazu	JP
Miyoshi	JP
Miyoshidai	JP
Miyota	JP
Mizan Teferi	ET
Mizdah	LY
Mizil	RO
Mizque	BO
Mizue	JP
Mizuho	JP
Mizunami	JP
Mizunashi	JP
Mizusawa	JP
Mjoelby	SE
Mkhuhlu	ZA
Mkoani	TZ
Mkuranga	TZ
Mkushi	ZM
Mlada Boleslav	CZ
Mlalo	TZ
Mlandizi	TZ
Mlangali	TZ
Mlawa	PL
Mlimba	TZ
Mlolongo	KE
Mlonggo	ID
Mlowo	TZ
Mmabatho	ZA
Mmadinare	BW
Mmopone	BW
Mnihla	TN
Mo i Rana	NO
Mo'ili'ili	US
Moa	CU
Moabit	DE
Moamba	MZ
Moana	ES
Moanda	CD
Moatize	MZ
Mobara	JP
Mobarakeh	IR
Moberly	US
Mobile	US
Moca	DO
Mocajuba	BR
Mocha	YE
Moche	PE
Mochibaru	JP
Mochudi	BW
Mocimboa	MZ
Mocimboa da Praia	MZ
Mocoa	CO
Mococa	BR
Mocuba	MZ
Modakeke	NG
Modameedipalle	IN
Modasa	IN
Model Town	PK
Modena	IT
Modena Park	US
Modesto	US
Modi'in Makkabbim Re'ut	IL
Modica	IT
Modiin Ilit	IL
Modimolle	ZA
Modrany	CZ
Modugno	IT
Moedling	AT
Moelln	DE
Moelndal	SE
Moelnlycke	SE
Moema	BR
Moenchengladbach	DE
Moeng La	MM
Moeng Yang	MM
Moeng Yawng	MM
Moengo	SR
Moerfelden-Walldorf	DE
Moeroen	MN
Moers	DE
Moga	IN
Mogadishu	SO
Mogan	ES
Mogaung	MM
Mogeiro	BR
Mogi Guacu	BR
Mogi Mirim	BR
Mogi das Cruzes	BR
Mogilno	PL
Mogliano Veneto	IT
Moglingen	DE
Mogocha	RU
Mogoditshane	BW
Mogok	MM
Mogotes	CO
Mogotio	KE
Mogtedo	BF
Moguer	ES
Mogwase	ZA
Mohacs	HU
Mohale's Hoek	LS
Mohali	IN
Mohammad Shahr	IR
Mohammadia	DZ
Mohammadpur	BD
Mohammed Bin Zayed City	AE
Mohammedia	MA
Mohan	IN
Mohanur	IN
Mohgaon	IN
Mohiuddinnagar	IN
Mohnesee	DE
Mohnyin	MM
Mohr	IR
Mohyliv-Podilskyy	UA
Moi's Bridge	KE
Moimenta da Beira	PT
Moinesti	RO
Moirang	IN
Moissac	FR
Moissala	TD
Moissy-Cramayel	FR
Moita	PT
Moita Bonita	BR
Mojo	ET
Mojoagung	ID
Mojokerto	ID
Moju	BR
Mojui dos Campos	BR
Mokambo	CD
Mokameh	IN
Mokena	US
Mokeri	IN
Mokhotlong	LS
Moknine	TN
Mokokchung	IN
Mokolo	CM
Mokopane	ZA
Mokotow	PL
Mokpo	KR
Mokshan	RU
Mokwa	NG
Mol	BE
Mola di Bari	IT
Molakalumuru	IN
Molarband	IN
Molave	PH
Mold	GB
Moldava nad Bodvou	SK
Molde	NO
Moldova Noua	RO
Molenbeek-Saint-Jean	BE
Molepolole	BW
Molfetta	IT
Molina	CL
Molina de Segura	ES
Moline	US
Molins de Rei	ES
Mollendo	PE
Mollerussa	ES
Mollet del Valles	ES
Molo	KE
Molodizhnyi	UA
Moloto South	ZA
Molteno	ZA
Mombaca	BR
Mombasa	KE
Mombetsu	JP
Mombris	DE
Momil	CO
Momiraso	CI
Momostenango	GT
Mompos	CO
Mon	IN
Mon Repos	TT
Mona Vale	AU
Monaco	MC
Monagrillo	PA
Monapo	MZ
Monaragala	LK
Monastir	TN
Monbetsu-honcho	JP
Moncada	ES
Moncalieri	IT
Moncao	BR
Monchegorsk	RU
Moncloa-Aravaca	ES
Monclova	MX
Moncton	CA
Mondai	BR
Mondeville	FR
Mondlo	ZA
Mondovi	IT
Mondragone	IT
Monfalcone	IT
Monfort Heights	US
Monforte de Lemos	ES
Mong Cai	VN
Mong Kok	HK
Mongagua	BR
Mongo	TD
Mongu	ZM
Monguno	NG
Monheim am Rhein	DE
Moninnpebougou	ML
Monino	RU
Moniquira	CO
Monjas	GT
Monkayo	PH
Monkey Bay	MW
Monkhams	GB
Monki	PL
Monmouth	GB
Monoharpur	IN
Monoko Zohi Deux	CI
Monopoli	IT
Monor	HU
Monovar	ES
Monreale	IT
Monroe	US
Monroeville	US
Monrovia	LR
Mons	BE
Mons-en-Baroeul	FR
Monsanto	PT
Monschau	DE
Monsefu	PE
Monselice	IT
Monsenhor Gil	BR
Monsenhor Tabosa	BR
Monserrato	IT
Monsey	US
Monster	NL
Monsummano Terme	IT
Mont Kiara	MY
Mont-Alban	FR
Mont-Dore	NC
Mont-Laurier	CA
Mont-Royal	CA
Mont-Saint-Aignan	FR
Mont-Saint-Hilaire	CA
Mont-de-Marsan	FR
Mont-roig del Camp	ES
Mont-sur-Marchienne	BE
Montabaur	DE
Montagu	ZA
Montalban	VE
Montalvania	BR
Montalvo	EC
Montana	BG
Montanha	BR
Montanhas	BR
Montargis	FR
Montataire	FR
Montauban	FR
Montbeliard	FR
Montbrison	FR
Montcada i Reixac	ES
Montceau-les-Mines	FR
Montclair	US
Monte Alegre	BR
Monte Alegre de Minas	BR
Monte Alegre de Sergipe	BR
Monte Alegre do Piaui	BR
Monte Alto	BR
Monte Aprazivel	BR
Monte Argentario	IT
Monte Azul	BR
Monte Azul Paulista	BR
Monte Belo	BR
Monte Carmelo	BR
Monte Caseros	AR
Monte Estoril	PT
Monte Llano	DO
Monte Mor	BR
Monte Negro	BR
Monte Patria	CL
Monte Plata	DO
Monte Rosello	IT
Monte Sant'Angelo	IT
Monte Santo	BR
Monte Santo de Minas	BR
Monte Siao	BR
Monte di Procida	IT
Monte-Carlo	MC
Montebello	US
Montebelluna	IT
Montecalvario	IT
Montecanal	ES
Montecarlo	AR
Montecatini-Terme	IT
Montecchio Maggiore-Alte Ceccato	IT
Montecristi	EC
Montecristo	CO
Montefiascone	IT
Montegnee	BE
Montego Bay	JM
Montegranaro	IT
Montegrotto Terme	IT
Monteiro	BR
Montelibano	CO
Montelimar	FR
Montelupo Fiorentino	IT
Montemor-o-Novo	PT
Montemorelos	MX
Montemurlo	IT
Montenegro	BR
Montepuez	MZ
Montereau-Fault-Yonne	FR
Monterey	US
Monterey Park	US
Monteria	CO
Montero	BO
Monteroni di Lecce	IT
Monteros	AR
Monterotondo	IT
Monterrey	MX
Monterusciello	IT
Montes Claros	BR
Montesarchio	IT
Montesilvano	IT
Montesson	FR
Monteux	FR
Montevarchi	IT
Montevideo	UY
Montevista	PH
Montfavet	FR
Montfermeil	FR
Montgat	ES
Montgeron	FR
Montgomery	US
Montgomery Village	US
Montgomeryville	US
Monthey	CH
Monti	IT
Monticello	US
Montichiari	IT
Montignies-sur-Sambre	BE
Montignoso	IT
Montigny-en-Gohelle	FR
Montigny-le-Bretonneux	FR
Montigny-les-Cormeilles	FR
Montigny-les-Metz	FR
Montijo	PT
Montilla	ES
Montividiu	BR
Montivilliers	FR
Montlouis-sur-Loire	FR
Montlucon	FR
Montmagny	FR
Montmorency	FR
Montolivet	FR
Montornes del Valles	ES
Montpellier	FR
Montreal	CA
Montreal-Nord	CA
Montreuil	FR
Montreux	CH
Montrose	US
Montrouge	FR
Montville Center	US
Monywa	MM
Monza	IT
Monze	ZM
Monzon	ES
Mooca	BR
Moody	US
Mooi River	ZA
Mooka	JP
Mookgophong	ZA
Moonak	IN
Moonee Ponds	AU
Moonniyur	IN
Moore	US
Moorestown-Lenola	US
Mooresville	US
Moorhead	US
Moorooka	AU
Mooroolbark	AU
Moorpark	US
Moorreesburg	ZA
Moorslede	BE
Moosburg	DE
Moose Jaw	CA
Moothakunnam	IN
Moparipalaiyam	IN
Mopti	ML
Moquegua	PE
Mor	HU
Mora	CM
Morada Nova	BR
Moradabad	IN
Morag	PL
Moraga	US
Morales	CO
Moralillo	MX
Moralzarzal	ES
Moram	IN
Moramanga	MG
Morampudi	IN
Moranbah	AU
Morangis	FR
Morar	IN
Moratalaz	ES
Moratuwa	LK
Morayfield	AU
Morazan	HN
Morbach	DE
Morbegno	IT
Morden	GB
Morecambe	GB
Moreh	IN
Moreilandia	BR
Moreira	PT
Moreira Sales	BR
Morelia	MX
Morelos	MX
Morena	IN
Moreni	RO
Moreno	BR
Moreno Valley	US
Moreton	GB
Morfou	CY
Morgan City	US
Morgan Hill	US
Morgan Park	US
Morganton	US
Morgantown	US
Morges	CH
Mori	JP
Moribabougou	ML
Morigaon	IN
Moriguchi	JP
Moriki	NG
Morinda	IN
Morioka	JP
Moritake	JP
Moriya	JP
Moriyama	JP
Morlaix	FR
Morlanwelz-Mariemont	BE
Morlenbach	DE
Morley	GB
Mormugao	IN
Morningside	CA
Morningside Heights	US
Mornington	AU
Moro	PK
Morogoro	TZ
Morohongo	JP
Moroleon	MX
Morombe	MG
Moron	AR
Moron de la Frontera	ES
Morondava	MG
Morong	PH
Morongial	IN
Moroni	KM
Moroto	UG
Morowa	JP
Morozovsk	RU
Morpeth	GB
Morphett Vale	AU
Morrelgonj	BD
Morretes	BR
Morrinhos	BR
Morris	US
Morris Heights	US
Morris Park	US
Morrisania	US
Morristown	US
Morrisville	US
Morro Agudo	BR
Morro Bay	US
Morro da Fumaca	BR
Morro do Chapeu	BR
Morropon	PE
Morros	BR
Morrumbala	MZ
Morrumbene	MZ
Morsang-sur-Orge	FR
Morsbach	DE
Morshansk	RU
Morsi	IN
Mortara	IT
Mortdale	AU
Morteros	AR
Mortlake	GB
Morton	US
Morton Grove	US
Mortsel	BE
Mortugaba	BR
Morumbi	BR
Morungaba	BR
Morvi	IN
Morwa	IN
Morwell	AU
Mos	ES
Mosbach	DE
Moscardo	ES
Moscavide e Portela	PT
Moscow	RU
Moses Lake	US
Mosfellsbaer	IS
Mosgiel	NZ
Moshi	TZ
Moshkovo	RU
Mosina	PL
Moskhaton	GR
Moskovskiy	TJ
Mosman	AU
Mosonmagyarovar	HU
Mosopa	BW
Mospyne	UA
Mosquera	CO
Moss	NO
Moss Bluff	US
Moss Park	CA
Moss Point	US
Mossaka	CG
Mossamedes	AO
Mossel Bay	ZA
Mossend	GB
Mossendjo	CG
Mossingen	DE
Mossley Hill	GB
Mossoro	BR
Mossuril	MZ
Most	CZ
Mosta	MT
Mostaganem	DZ
Mostar	BA
Mostardas	BR
Mostoles	ES
Mostovskoy	RU
Mosty	BY
Mostyska	UA
Mostytskyi Masyv	UA
Mosul	IQ
Mot'a	ET
Motala	SE
Motatan	VE
Motegi	JP
Motetema	ZA
Moth	IN
Motherwell	GB
Mothihari	IN
Motijheel	BD
Motipur	IN
Motobu	JP
Motomachi	JP
Motomiya	JP
Motosu	JP
Motozintla	MX
Motril	ES
Motru	RO
Mott Haven	US
Mottola	IT
Motul	MX
Motupe	PE
Mougins	FR
Mouila	GA
Moulares	TN
Moulay Abdallah	MA
Moulay Ali Cherif	MA
Moulay Driss Zerhoun	MA
Moulins	FR
Moultrie	US
Moundou	TD
Mounds View	US
Mount Airy	US
Mount Annan	AU
Mount Barker	AU
Mount Clemens	US
Mount Davis	HK
Mount Dennis	CA
Mount Dora	US
Mount Druitt	AU
Mount Eden	NZ
Mount Eliza	AU
Mount Frere	ZA
Mount Gambier	AU
Mount Gravatt East	AU
Mount Greenwood	US
Mount Hagen	PG
Mount Holly	US
Mount Isa	AU
Mount Juliet	US
Mount Kisco	US
Mount Laurel	US
Mount Lawley	AU
Mount Lebanon	US
Mount Martha	AU
Mount Olive-Silverstone-Jamestown	CA
Mount Parker	HK
Mount Pearl	CA
Mount Pleasant	US
Mount Pleasant East	CA
Mount Pleasant West	CA
Mount Prospect	US
Mount Sinai	US
Mount Vernon	US
Mount Vernon Triangle	US
Mount Washington	US
Mount Waverley	AU
Mountain Ash	GB
Mountain Brook	US
Mountain Creek	AU
Mountain Home	US
Mountain Park	US
Mountain Top	US
Mountain View	US
Mountain View Gardens	JM
Mountlake Terrace	US
Mountsorrel	GB
Mouscron	BE
Moussadou	GN
Moussadougou	CI
Moussoro	TD
Moutsamoudou	KM
Mouvaux	FR
Mouyondzi	CG
Mouzaia	DZ
Moyale	KE
Moyo	UG
Moyobamba	PE
Moyotzingo	MX
Moyynkum	KZ
Mozambique	MZ
Mozarlandia	BR
Mozdok	RU
Mozhaysk	RU
Mozhga	RU
Mpanda	TZ
Mpigi	UG
Mpika	ZM
Mpondwe	UG
Mponela	MW
Mpongwe	ZM
Mpophomeni	ZA
Mporokoso	ZM
Mpulungu	ZM
Mpumalanga	ZA
Mpwapwa	TZ
Mragowo	PL
Mranggen	ID
Mrauk U	MM
Mrirt	MA
Mrkonjic Grad	BA
Msaken	TN
Msalatah	LY
Msambweni	KE
Mscislau	BY
Msowero	TZ
Mt Pleasant	CA
Mtama	TZ
Mthatha	ZA
Mtimbira	TZ
Mtinko	TZ
Mto wa Mbu	TZ
Mtsapere	YT
Mtsensk	RU
Mtubatuba	ZA
Mtwango	TZ
Mtwapa	KE
Mtwara	TZ
Mu'aydhir Rawdat Rashid	QA
Mu'er	CN
Mu'minobod	TJ
Mu-se	MM
Muadzam Shah	MY
Muan	KR
Muana	BR
Muang Khong	LA
Muang Phon-Hong	LA
Muang Phonsavan	LA
Muang Sing	LA
Muang Xay	LA
Muar	MY
Muara Bungo	ID
Muara Teweh	ID
Muarajawa	ID
Mubarakpur	IN
Mubarakpur Dobas	IN
Mubende	UG
Mubi	NG
Muborak	UZ
Mucajai	BR
Mucambo	BR
Much	DE
Muchobor Wielki	PL
Muchun	TJ
Mucuge	BR
Mucur	TR
Mucuri	BR
Mudalgi	IN
Mudanjiang	CN
Mudanya	TR
Mudbidri	IN
Muddebihal	IN
Mudgal	IN
Mudgee	AU
Mudgeeraba	AU
Mudhol	IN
Mudkhed	IN
Mudki	IN
Mudon	MM
Mudong	CN
Mudu	CN
Mudukulathur	IN
Mueang Nonthaburi	TH
Mueda	MZ
Muehldorf	DE
Muehlhausen	DE
Muehlheim am Main	DE
Muelheim	DE
Muelheim-Kaerlich	DE
Muenster	DE
Mufulira	ZM
Mufumbwe	ZM
Mugala	CN
Mugalivakkam	IN
Mugango	TZ
Muggia	IT
Muggio	IT
Mughal Sarai	IN
Mugina	RW
Mugla	TR
Mugnano di Napoli	IT
Mugumu	TZ
Muhamma	IN
Muhammad Pur	PK
Muhammadabad	IN
Muhanga	RW
Muhe	CN
Muheza	TZ
Muhlacker	DE
Muhoroni	KE
Muhorro	UG
Mui Ne	VN
Muikamachi	JP
Muisne	EC
Muizenberg	ZA
Mujia	CN
Mujiayingzi	CN
Mukachevo	UA
Mukah	MY
Mukai-awagasaki	JP
Mukalla	YE
Mukamira	RW
Mukandgarh	IN
Mukandpur	IN
Mukasi Pidariyur	IN
Mukdahan	TH
Mukerian	IN
Mukher	IN
Mukilteo	US
Mukim Pulai	MY
Mukingo	RW
Mukkudal	IN
Muko	JP
Mukondapalli	IN
Mukono	UG
Muktagacha	BD
Muktsar	IN
Mul	IN
Mula	ES
Mulaikkaraippatti	IN
Mulakumud	IN
Mulamthuruthy	IN
Mulanje	MW
Mulanur	IN
Mulavukad	IN
Mulbagal	IN
Mulchen	CL
Muleba	TZ
Mulgrave	AU
Mulgund	IN
Mulhouse	FR
Mulia	ID
Muling	CN
Mulino	RU
Mulki	IN
Mullaittivu	LK
Mullanpur	IN
Mullanwala	IN
Mullassheri	IN
Mulleriyawa	LK
Mullheim	DE
Mulongo	CD
Mulsen	DE
Multai	IN
Multan	PK
Mulugu	IN
Mulungu	BR
Mulungu do Morro	BR
Muluppilagadu	IN
Mumbai	IN
Mumbwa	ZM
Mumford	GH
Mumias	KE
Muna	MX
Munakata	JP
Muncar	ID
Munchberg	DE
Munchenstein	CH
Muncie	US
Mundali	IN
Mundargi	IN
Mundelein	US
Mundemba	CM
Munder Buiten	SR
Munderi	IN
Mundgod	IN
Mundi	IN
Mundka	IN
Mundo Novo	BR
Mundra	IN
Mundwa	IN
Mungaa	TZ
Mungaoli	IN
Mungeli	IN
Munger	IN
Mungia	ES
Mungo	AO
Mungwi	ZM
Mungyeong	KR
Munhall	US
Munich	DE
Municipio Hato Corozal	CO
Muniz	AR
Muniz Freire	BR
Munkkiniemi	FI
Munnar	IN
Munoz	PH
Munsan	KR
Munsha'at Abu 'Umar	EG
Munsingen	DE
Munster	US
Muntilan	ID
Muntok	ID
Munuf	EG
Muong Cha	VN
Muong Lay	VN
Muong Nhe	VN
Muquem do Sao Francisco	BR
Muqui	BR
Muradabad Pahari	IN
Muradnagar	IN
Muragacha	IN
Murak	SY
Murakami	JP
Muramatsu	JP
Murang'a	KE
Murata	JP
Muratpasa	TR
Muravlenko	RU
Murayama	JP
Murbad	IN
Murcia	ES
Mure	JP
Muret	FR
Murewa	ZW
Murfatlar	RO
Murfreesboro	US
Murgap	TM
Murghob	TJ
Murgud	IN
Muri	CH
Muriae	BR
Muricay	PH
Murici	BR
Muridke	PK
Muriti	TZ
Muritiba	BR
Murliganj	IN
Murmansk	RU
Murmashi	RU
Murnau am Staffelsee	DE
Murom	RU
Muromtsevo	RU
Muroran	JP
Muroto-misakicho	JP
Murphy	US
Murray	US
Murray Bridge	AU
Murraysville	US
Murrayville	CA
Murree	PK
Murrhardt	DE
Murrieta	US
Murrumba Downs	AU
Murrupula	MZ
Murrysville	US
Mursan	IN
Murshidabad	IN
Murska Sobota	SI
Murtajapur	IN
Murud	IN
Murudeshwara	IN
Murugampalaiyam	IN
Murwara	IN
Murzuk	LY
Mus	TR
Musa Banda/Musa khan kallay	PK
Musaffah	AE
Musan-up	KP
Musanze	RW
Musashimurayama	JP
Musashino	JP
Muscat	OM
Muscatine	US
Muscle Shoals	US
Muscoy	US
Mushabani	IN
Mushie	CD
Mushin	NG
Musina	ZA
Musiri	IN
Muskego	US
Muskegon	US
Muskegon Heights	US
Muskogee	US
Musoma	TZ
Musselburgh	GB
Mussende	AO
Mussoorie	IN
Mustafabad	IN
Mustafakemalpasa	TR
Mustang	US
Muswell Hill	GB
Muswellbrook	AU
Mut	TR
Mutang	CN
Mutare	ZW
Mutata	CO
Mutengene	CM
Muthukulam	IN
Muthupet	IN
Muthutala	IN
Mutiara Damansara	MY
Mutoko	ZW
Mutsu	JP
Muttanampalaiyam	IN
Muttayyapuram	IN
Muttenz	CH
Mutterstadt	DE
Muttukavundanpudur	IN
Muttur	IN
Mutuali	MZ
Mutubas	EG
Mutuipe	BR
Mutum	BR
Mutum Biyu	NG
Mutxamel	ES
Muurame	FI
Muvattupula	IN
Muvattupuzha	IN
Muyinga	BI
Muynoq	UZ
Muyuka	CM
Muzaffarabad	PK
Muzaffargarh	PK
Muzaffarnagar	IN
Muzaffarpur	IN
Muzambinho	BR
Muzayri'	AE
Mvomero	TZ
Mvurwi	ZW
Mwadui	TZ
Mwala	KE
Mwandege	TZ
Mwandiga	TZ
Mwanga	TZ
Mwanhuzi	TZ
Mwansabombwe	ZM
Mwanza	TZ
Mweka	CD
Mwene	CD
Mwene-Ditu	CD
Mwingi	KE
Mwinilunga	ZM
My Drarga	MA
My Hao	VN
My Khe	VN
My Lai	VN
My Tho	VN
Myanaung	MM
Myaungmya	MM
Myawaddy	MM
Myaydo	MM
Myeik	MM
Myenigon	MM
Myingyan	MM
Myitkyina	MM
Myjava	SK
Mykhaylivka	UA
Mykilska Borshchahivka	UA
Mykolaivka	UA
Mykolayiv	UA
Mykytivskyi	UA
Myllypuro	FI
Mymensingh	BD
Myo Thit Ka	MM
Myoden	JP
Myoko	JP
Myongch'on	KP
Myonggan-dong	KP
Myrhorod	UA
Myrnohrad	UA
Myrnyi	UA
Myronivka	UA
Myrtle Beach	US
Myrtle Grove	US
Myski	RU
Myslenice	PL
Mysliborz	PL
Myslowice	PL
Mysuru	IN
Myszkow	PL
Mytilene	GR
Mytishchi	RU
Myyrmaeki	FI
Mzimba	MW
Mzuzu	MW
N'Djamena	TD
N'Gaous	DZ
N'dalatando	AO
N'diareme limamoulaye	SN
N'zeto	AO
NIA Valencia	PH
Na Di	TH
Na Klang	TH
Na Wa	TH
Na'in	IR
Naaldwijk	NL
Naama	DZ
Naantali	FI
Naarden	NL
Naas	IE
Nabari	JP
Nabaruh	EG
Nabatiye et Tahta	LB
Naberera	TZ
Naberezhnyye Chelny	RU
Nabeul	TN
Nabha	IN
Nabinagar	BD
Nabire	ID
Nablus	PS
Nabua	PH
Nabunturan	PH
Nacajuca	MX
Nacala	MZ
Nacaome	HN
Nachane	IN
Nachingwea	TZ
Nachnapara	BD
Nachod	CZ
Nacimiento	CL
Naciria	DZ
Nacka	SE
Nacogdoches	US
Nacozari Viejo	MX
Nacozari de Garcia	MX
Nada	CN
Nadapuram	IN
Nadbai	IN
Nadd al Humr	AE
Nadi	FJ
Nadiad	IN
Nadim Tiruvuru	IN
Nadisal	IN
Nadodrze	PL
Nador	MA
Naduvannur	IN
Naduvattam	IN
Nadvirna	UA
Nadvoitsy	RU
Nadym	RU
Naeso	KR
Naessjoe	SE
Naestved	DK
Nafada	NG
Nafpaktos	GR
Nafplio	GR
Nag Hammadi	EG
Naga	PH
Nagahama	JP
Nagai	JP
Nagakute	JP
Nagalapuram	IN
Nagamangala	IN
Nagano	JP
Naganuma	JP
Nagaoka	JP
Nagaon	IN
Nagapattinam	IN
Nagapur	IN
Nagar	IN
Nagar Karnul	IN
Nagar Naluakot	BD
Nagareyama	JP
Nagari	IN
Nagarote	NI
Nagarpur	BD
Nagasaki	JP
Nagasu	JP
Nagato	JP
Nagaur	IN
Nagavaram	IN
Nagcarlan	PH
Nagda	IN
Nagercoil	IN
Nageswari	BD
Nagina	IN
Nagireddipalli	IN
Nago	JP
Nagod	IN
Nagold	DE
Nagongera	UG
Nagornyy	RU
Nagothana	IN
Nagoya	JP
Nagpur	IN
Nagqu	CN
Nagri	IN
Nagrota	IN
Nagua	DO
Nagyatad	HU
Nagykallo	HU
Nagykanizsa	HU
Nagykata	HU
Nagykoroes	HU
Naha	JP
Nahan	IN
Nahariyya	IL
Naharlagun	IN
Nahavand	IR
Nahf	IL
Nahira	IN
Nahiyat Ghammas	IQ
Nahiyat Saddat al Hindiyah	IQ
Nahiyat al Fuhud	IQ
Nahiyat al Iskandariyah	IQ
Nahiyat ash Shinafiyah	IQ
Nahorkatiya	IN
Nahrin	AF
Nahuala	GT
Nahuatzen	MX
Naic	PH
Naigarhi	IN
Naihati	IN
Naila	IN
Nailsea	GB
Nainggolan	ID
Naini Tal	IN
Nainpur	IN
Nainwa	IN
Nairobi	KE
Naivasha	KE
Najaf	IQ
Najafabad	IR
Najafgarh	IN
Najibabad	IN
Najran	SA
Naju	KR
Naka	JP
Naka-niida	JP
Nakagusuku	JP
Nakaiburi	JP
Nakaloke	UG
Nakama	JP
Nakambala	ZM
Nakameguro	JP
Nakamura	JP
Nakano	JP
Nakanobu	JP
Nakanojo	JP
Nakashibetsu	JP
Nakatogari	JP
Nakatsu	JP
Nakatsugawa	JP
Nakatsukuma	JP
Nakhabino	RU
Nakhodka	RU
Nakhon Luang	TH
Nakhon Nayok	TH
Nakhon Pathom	TH
Nakhon Phanom	TH
Nakhon Ratchasima	TH
Nakhon Sawan	TH
Nakhon Si Thammarat	TH
Nakhon Thai	TH
Nakivale Refugee Camp	UG
Naklo nad Notecia	PL
Nako	LS
Nakodar	IN
Nakonde	ZM
Nakrekal	IN
Naksalbari	IN
Nakskov	DK
Nakur	IN
Nakuru	KE
Nal Khera	IN
Nalagarh	IN
Nalambur	IN
Nalayh	MN
Nalbari	IN
Nalchik	RU
Nalchiti	BD
Nalco	IN
Naldurg	IN
Nalerigu	GH
Nalgonda	IN
Nalhati	IN
Naliang	CN
Naliya	IN
Nallavila	IN
Nallihan	TR
Nalloor	IN
Nallur	IN
Nalut	LY
Nalvadi	IN
Nam Can	VN
Nam Cheong	HK
Nam GJinh	VN
Nam Som	TH
Namaacha	MZ
Namacurra	MZ
Namagiripettai	IN
Namakgale	ZA
Namakkal	IN
Namalenga	TZ
Namalombwe	ZM
Namanga	TZ
Namangan	UZ
Namanyere	TZ
Namapa-erati	MZ
Namasuba	UG
Namavundu	UG
Namayumba	UG
Nambingue	CI
Nambiyur	IN
Nambol	IN
Nambour	AU
Namchi	IN
Namegata	JP
Namerikawa	JP
Nametil	MZ
Namhkam	MM
Namialo	MZ
Namie	JP
Namikupa	TZ
Namioka	JP
Namlea	ID
Namminikara	IN
Namp'o	KP
Nampa	US
Namponkore	BF
Nampula	MZ
Nampundwe	ZM
Namrole	ID
Namrup	IN
Namsa	KR
Namsai	IN
Namur	BE
Namutumba	UG
Namwala	ZM
Namyang	KP
Namyang-nodongjagu	KP
Namyangju	KR
Namyslow	PL
Nan	TH
Nanaimo	CA
Nanaku	JP
Nanakuli	US
Nanakwada	IN
Nanao	JP
Nanauta	IN
Nanbin	CN
Nancagua	CL
Nanchang	CN
Nanchital de Lazaro Cardenas del Rio	MX
Nanchong	CN
Nanchuan	CN
Nancun	CN
Nancy	FR
Nandaime	NI
Nandajie	CN
Nanded	IN
Nandelav	IN
Nandgaon	IN
Nandigama	IN
Nandikotkur	IN
Nanding	CN
Nandri	IN
Nandu	CN
Nandura	IN
Nandurbar	IN
Nandyal	IN
Nanfeng	CN
Nang Rong	TH
Nanga Eboko	CM
Nangal	IN
Nanganga	TZ
Nangavalli	IN
Nangavaram	IN
Nangen	KR
Nangli	IN
Nangli Sakrawat	IN
Nangloi Jat	IN
Nangomba	TZ
Nangong	CN
Nangwa	TZ
Nanhu	CN
Nanhyanga	TZ
Nanjangud	IN
Nanjian	CN
Nanjikkottai	IN
Nanjin	CN
Nanjing	CN
Nanjo	JP
Nankana Sahib	PK
Nankoku	JP
Nanling	CN
Nanlong	CN
Nanma	CN
Nanmen	CN
Nanminda	IN
Nannambra	IN
Nannilam	IN
Nanning	CN
Nanoro	BF
Nanpara	IN
Nanpeng	CN
Nanpiao	CN
Nanping	CN
Nanqiao	CN
Nansana	UG
Nansang	MM
Nanshan	CN
Nanshu	CN
Nansio	TZ
Nant Thar Kone	MM
Nantai	CN
Nantan	JP
Nanterre	FR
Nantes	FR
Nantianhu	CN
Nanticoke	US
Nanto	JP
Nanto-shi	JP
Nantong	CN
Nantou	CN
Nantuo	CN
Nantwich	GB
Nanuet	US
Nanuque	BR
Nanxi	CN
Nanya	CN
Nanyamba	TZ
Nanyang	CN
Nanyaojie	CN
Nanyo	JP
Nanyuki	KE
Nanzhang Chengguanzhen	CN
Nanzhou	CN
Nao-Me-Toque	BR
Naousa	GR
Napa	US
Napasar	IN
Naperville	US
Naphegy	HU
Napier	NZ
Naples	IT
Naqadah	EG
Naqadeh	IR
Nar'yan-Mar	RU
Nara	ML
Nara-shi	JP
Narail	BD
Naraina	IN
Naraingarh	IN
Naraini	IN
Narainpur	IN
Narakal	IN
Naranammalpuram	IN
Naranapuram	IN
Narang Mandi	PK
Narangba	AU
Naranja	US
Naranjal	EC
Naranjito	EC
Naranjo	CR
Naranjos	MX
Narasannapeta	IN
Narasapur	IN
Narasaraopet	IN
Narashino	JP
Narasimhanaickenpalayam	IN
Narasingapuram	IN
Narath	IN
Narathiwat	TH
Narauli	IN
Naraura	IN
Naravarikuppam	IN
Narayanapuram	IN
Narayanavanam	IN
Narayanganj	BD
Narayangarh	IN
Narayankher	IN
Narayanpet	IN
Narbonne	FR
Nardo	IT
Naregal	IN
Narela	IN
Nargund	IN
Narimanov	RU
Narimasu	JP
Narita	JP
Narkatiaganj	IN
Narkher	IN
Narlica	TR
Narmadapuram	IN
Narman	TR
Narnaul	IN
Narnaund	IN
Naro-Fominsk	RU
Narok	KE
Naroli	IN
Naron	ES
Narowal	PK
Narra	PH
Narragansett	US
Narre Warren	AU
Narre Warren South	AU
Narsala	IN
Narsampet	IN
Narsimhapur	IN
Narsingdi	BD
Narsinghgarh	IN
Narsipatnam	IN
Nartan	RU
Nartkala	RU
Naruto	JP
Narutocho-mitsuishi	JP
Narva	EE
Narvik	NO
Narwana	IN
Narwar	IN
Naryn	KG
Nasarawa	NG
Nasaud	RO
Nashik	IN
Nashua	US
Nashville	US
Nasim Shahr	IR
Nasimshahr	IR
Nasinu	FJ
Nasirabad	IN
Nasiriyah	IQ
Nasiyanur	IN
Naspur	IN
Nasriganj	IN
Nasrullahganj	IN
Nassau	BS
Nastola	FI
Nasu	JP
Nasugbu	PH
Nasukarasuyama	JP
Nasushiobara	JP
Natagaima	CO
Natahoyo	ES
Natal	BR
Natanz	IR
Natathara	IN
Natchez	US
Natchitoches	US
Nateputa	IN
Natham	IN
Nathdwara	IN
Natiaboani	BF
Natick	US
National City	US
Natitingou	BJ
Natividade	BR
Natona	BD
Natore	BD
Natori-shi	JP
Natrona Heights	US
Nattakam	IN
Nattapian	PH
Nattappettai	IN
Nattarampalli	IN
Naubatpur	IN
Naucalpan de Juarez	MX
Naudero	PK
Nauen	DE
Naugachhia	IN
Naugatuck	US
Nauheim	DE
Naujamiestis	LT
Naujininkai	LT
Naujoji Akmene	LT
Naujoji Vilnia	LT
Naukot	PK
Naumburg	DE
Naushahra	IN
Naushahra Virkan	PK
Naushahro Firoz	PK
Nauta	PE
Nautanwa	IN
Nava	MX
Navadwip	IN
Naval	PH
Navalcarnero	ES
Navalgund	IN
Navalmoral de la Mata	ES
Navalpattu	IN
Navan	IE
Navapur	IN
Navarre	US
Navas	ES
Navashino	RU
Nave	IT
Navegantes	BR
Navelim	IN
Navi Mumbai	IN
Navirai	BR
Navlya	RU
Navodari	RO
Navoiy	UZ
Navojoa	MX
Navolato	MX
Navoloki	RU
Navotas	PH
Navrongo	GH
Navsari	IN
Nawa	SY
Nawab Char	BD
Nawabganj	BD
Nawabshah	PK
Nawada	IN
Nawagarh	IN
Nawalgarh	IN
Nawanshahr	IN
Nawapara	IN
Naxcivan	AZ
Naxi	CN
Naxxar	MT
Nay Pyi Taw	MM
Naya Gaon	IN
Nayagarh	IN
Nayanakulam	IN
Nayf	AE
Nayoro	JP
Nayudupet	IN
Nazarabad	IR
Nazare	BR
Nazare Paulista	BR
Nazare da Mata	BR
Nazaret	ES
Nazareth	IL
Nazaria	BR
Nazarovo	RU
Nazca	PE
Naze	JP
Nazerat 'Illit	IL
Nazilli	TR
Nazira	IN
Nazran	RU
Nazret	ET
Nazyvayevsk	RU
Nchelenge	ZM
Ncotshane	ZA
Ndago	TZ
Ndali	BJ
Ndele	CF
Ndera	RW
Ndevana	ZA
Ndibene Dahra	SN
Ndioum	SN
Ndiyona	NA
Ndofane	SN
Ndola	ZM
Ndop	CM
Ndouci	CI
Ndungu	TZ
Nea Alikarnassos	GR
Nea Erythraia	GR
Nea Filadelfeia	GR
Nea Ionia	GR
Nea Makri	GR
Nea Smyrni	GR
Nealtican	MX
Neapoli	GR
Near North Side	US
Near South Side	US
Neath	GB
Neb Sarai	IN
Nebaj	GT
Nebbi	UG
Nechi	CO
Neckargemund	DE
Neckarsulm	DE
Necochea	AR
Necocli	CO
Nederland	US
Nedlands	AU
Nedroma	DZ
Nedumangad	IN
Nedumbassery	IN
Nedumpana	IN
Nedumpura	IN
Neduva	IN
Needham	US
Neefkuceliye	ET
Neelagiri	IN
Neelankarai	IN
Neem ka Thana	IN
Neenah	US
Neerpelt	BE
Nefas Mewch'a	ET
Nefta	TN
Neftcala	AZ
Neftegorsk	RU
Neftekamsk	RU
Neftekumsk	RU
Nefteyugansk	RU
Negage	AO
Negara	ID
Negele	ET
Negombo	LK
Negotin	RS
Negotino	MK
Negresti	RO
Negresti-Oas	RO
Nehbandan	IR
Nehe	CN
Neheim	DE
Nehoiu	RO
Neiba	DO
Neietsu	KR
Neihu	TW
Neijiang	CN
Neili	TW
Neira	CO
Neiva	CO
Nejo	ET
Nek'emte	ET
Neka	IR
Nekede	CI
Nekrasovskiy	RU
Nelamangala	IN
Nelidovo	RU
Nellikkuppam	IN
Nellimarla	IN
Nellore	IN
Nelson	NZ
Nema	MR
Nema Kunku	GM
Neman	RU
Nemby	PY
Nemili	IN
Nemours	FR
Nemuro	JP
Nemyriv	UA
Nenjiang	CN
Neo Psychiko	GR
Neopolis	BR
Neosho	US
Nepalgunj	NP
Nepanagar	IN
Nepean	CA
Nepomuceno	BR
Ner	IN
Neral	IN
Nerang	AU
Neratovice	CZ
Nerchinsk	RU
Nerekhta	RU
Nerja	ES
Nerkunram	IN
Neropolis	BR
Nerupperichchal	IN
Nerviano	IT
Neryungri	RU
Nesconset	US
Nesebar	BG
Nesher	IL
Nesoddtangen	NO
Ness Ziona	IL
Nesterovskaya	RU
Neston	GB
Nesttun	NO
Nesvizh	BY
Netanya	IL
Nether Edge	GB
Netishyn	UA
Netivot	IL
Netphen	DE
Netrakona	BD
Nettetal	DE
Nettuno	IT
Neu Wulmstorf	DE
Neu-Anspach	DE
Neu-Hohenschoenhausen	DE
Neu-Isenburg	DE
Neu-Ulm	DE
Neubau	AT
Neubiberg	DE
Neubrandenburg	DE
Neubrueck	DE
Neuburg an der Donau	DE
Neuchatel	CH
Neue Neustadt	DE
Neuehrenfeld	DE
Neuenburg am Rhein	DE
Neuenhagen	DE
Neuenhaus	DE
Neuenkirchen	DE
Neuenrade	DE
Neufahrn bei Freising	DE
Neufchatel-Est-Lebourgneuf	CA
Neugraben-Fischbek	DE
Neuhausen	CH
Neuhausen auf den Fildern	DE
Neuhof	DE
Neuilly-Plaisance	FR
Neuilly-sur-Marne	FR
Neuilly-sur-Seine	FR
Neukirchen-Vluyn	DE
Neukoelln	DE
Neumarkt in der Oberpfalz	DE
Neumuenster	DE
Neunkirchen	DE
Neuquen	AR
Neuruppin	DE
Neusaess	DE
Neuss	DE
Neustadt	DE
Neustadt am Ruebenberge	DE
Neustadt an der Aisch	DE
Neustadt an der Donau	DE
Neustadt an der Weinstrasse	DE
Neustadt bei Coburg	DE
Neustadt in Holstein	DE
Neustadt in Sachsen	DE
Neustadt/Nord	DE
Neustadt/Sued	DE
Neustrelitz	DE
Neutral Bay	AU
Neutraubling	DE
Neuwied	DE
Nev'yansk	RU
Nevel'	RU
Nevel'sk	RU
Nevele	BE
Nevers	FR
Nevinnomyssk	RU
Nevsehir	TR
New Achimota	GH
New Albany	US
New Amsterdam	GY
New Badah	PK
New Baltimore	US
New Bani Sewif City	EG
New Barnet	GB
New Bedford	US
New Berlin	US
New Bern	US
New Bongaigaon Railway Colony	IN
New Braunfels	US
New Brighton	US
New Britain	US
New Brunswick	US
New Cairo	EG
New Canaan	US
New Caney	US
New Carrollton	US
New Cassel	US
New Castle	US
New City	US
New Corella	PH
New Cross	GB
New Delhi	IN
New Fairfield	US
New Farm	AU
New Fes	MA
New Franklin	US
New Glasgow	CA
New Grove	MU
New Halfa	SD
New Hamburg	CA
New Haven	US
New Hope	US
New Iberia	US
New Jeshwang	GM
New Kensington	US
New Kingman-Butler	US
New Kingston	JM
New Lambton	AU
New Lenox	US
New London	US
New Lynn	NZ
New Malden	GB
New Milford	US
New Mills	GB
New Milton	GB
New Mirpur City	PK
New Orleans	US
New Philadelphia	US
New Plymouth	NZ
New Port Richey	US
New Port Richey East	US
New Providence	US
New River	US
New Rochelle	US
New Smyrna Beach	US
New South Memphis	US
New Springville	US
New Tafo	GH
New Taipei City	TW
New Territories	HK
New Territory	US
New Toronto	CA
New Ulm	US
New Visayas	PH
New Westminster	CA
New Yekepa	LR
New York City	US
Newala	TZ
Newala Kisimani	TZ
Newark	US
Newark on Trent	GB
Newberg	US
Newberry	US
Newburg	US
Newburgh	US
Newburn	GB
Newbury	GB
Newburyport	US
Newcastle	AU
Newcastle under Lyme	GB
Newcastle upon Tyne	GB
Newhaven	GB
Newington	US
Newman	AU
Newmarket	CA
Newnan	US
Newport	GB
Newport Beach	US
Newport East	US
Newport News	US
Newport Pagnell	GB
Newquay	GB
Newry	GB
Newton	CA
Newton Abbot	GB
Newton Aycliffe	GB
Newton Mearns	GB
Newton-le-Willows	GB
Newtonbrook East	CA
Newtonbrook West	CA
Newtonville	US
Newtown	AU
Newtownabbey	GB
Newtownards	GB
Neya	RU
Neyagawa	JP
Neykkarappatti	IN
Neyriz	IR
Neyshabur	IR
Neyveli	IN
Neyyattinkara	IN
Neyyur	IN
Nezlobnaya	RU
Nga Bay	VN
Nga Nam	VN
Ngala	NG
Ngama	TD
Nganda	SN
Nganjuk	ID
Ngaoundal	CM
Ngaoundere	CM
Ngapali	MM
Ngara	TZ
Ngawi	ID
Ngcobo	ZA
Ngemplak	ID
Ngerengere	TZ
Nggosi	SB
Nghen	VN
Nghi Son	VN
Nghi Xuan	VN
Nghia GJo	VN
Nghia Lo	VN
Ngo	CG
Ngoc Hoi	VN
Ngong	KE
Ngora	UG
Ngoro	ID
Ngorongoro	TZ
Ngororero	RW
Ngouri	TD
Ngozi	BI
Ngudu	TZ
Nguekhokh	SN
Nguidjlone	SN
Nguigmi	NE
Nguinou	CI
Ngunnawal	AU
Ngunut	ID
Ngur	IN
Nguru	NG
Nguruka	TZ
Nguyen Du	VN
Nha Be	VN
Nha Trang	VN
Nhamatanda	MZ
Nhamayabue	MZ
Nhamunda	BR
Nharea	AO
Nhlazatje	ZA
Niable	CI
Niagara	CA
Niagara Falls	CA
Niagara-on-the-Lake	CA
Niah	MY
Niakaramandougou	CI
Niakoblonyoa	CI
Niakoul Rab	SN
Niamey	NE
Niamtougou	TG
Nianbo	CN
Niangoloko	BF
Nianzhuang	CN
Nianzishan	CN
Niapidou	CI
Nibaliw Central	PH
Nibong Tebal	MY
Nicastro	IT
Nice	FR
Nicetown-Tioga	US
Niceville	US
Nichelino	IT
Nichinan	JP
Nichlaul	IN
Nicholasville	US
Nicolae Balcescu	RO
Nicolas Romero	MX
Nicosia	CY
Nicoya	CR
Nidadavole	IN
Nidda	DE
Nidderau	DE
Nideggen	DE
Nidzica	PL
Nieder-Ingelheim	DE
Niederkassel	DE
Niederkruchten	DE
Niedernhausen	DE
Niederrad	DE
Niederschoeneweide	DE
Niederschoenhausen	DE
Niederzier	DE
Niedobczyce	PL
Niefern-Oschelbronn	DE
Nielle	CI
Nienburg	DE
Niendorf	DE
Niesky	DE
Nieuw Nickerie	SR
Nieuw-Vennep	NL
Nieuwegein	NL
Nieuwerkerk aan den IJssel	NL
Nieuwpoort	BE
Nigde	TR
Nigel	ZA
Nigg	GB
Nigran	ES
Nihammatsu	JP
Nihommatsu	JP
Nihtaur	IN
Niigata	JP
Niihama	JP
Niimi	JP
Niitsu-honcho	JP
Niiza	JP
Nijar	ES
Nijkerk	NL
Nijlen	BE
Nijmegen	NL
Nijoni	TJ
Nijverdal	NL
Nikaho	JP
Nikaia	GR
Nikel	RU
Nikki	BJ
Nikko	JP
Nikol'sk	RU
Nikol'skoye	RU
Nikolassee	DE
Nikolayevsk	RU
Nikolayevsk-on-Amure	RU
Nikopol	UA
Niksar	TR
Nikshahr	IR
Niksic	ME
Nikulino	RU
Nilagiri	IN
Nilaiyur	IN
Nilakottai	IN
Nilambur	IN
Nilanga	IN
Nildoh	IN
Niles	US
Nileshwar	IN
Nili	AF
Nilithi	IN
Nilo	CO
Nilo Pecanha	BR
Nilokheri	IN
Nilopolis	BR
Nima	CN
Nimach	IN
Nimaj	IN
Nimaparha	IN
Nimbahera	IN
Nimes	FR
Nina Rodrigues	BR
Ning'er	CN
Ningbo	CN
Ningde	CN
Ningdong	CN
Ninghai	CN
Ningthoukhong	IN
Ningyang	CN
Ninh Binh	VN
Ninh Hoa	VN
Ninheira	BR
Nino Jesus	ES
Ninohe	JP
Ninomiya	JP
Ninove	BE
Nioaque	BR
Nioki	CD
Nioko I	BF
Niono	ML
Nioro	ML
Nioro du Rip	SN
Niort	FR
Nipani	IN
Nipomo	US
Nippes	DE
Niquelandia	BR
Niquero	CU
Nirasaki	JP
Nirgua	VE
Nirmal	IN
Nirmali	IN
Nirsa	IN
Nis	RS
Nisang	IN
Niscemi	IT
Nishi-Tokyo-shi	JP
Nishiarai	JP
Nishida	JP
Nishifukuma	JP
Nishihara	JP
Nishimonai	JP
Nishinippori	JP
Nishinomiya	JP
Nishinoomote	JP
Nishio	JP
Nishishinminato	JP
Nishitawara	JP
Nishiwaki	JP
Nishiya	JP
Nishon Tumani	UZ
Nisia Floresta	BR
Nisko	PL
Nisporeni	MD
Nisshin	JP
Niteroi	BR
Nithari	IN
Nitra	SK
Niu Valley	US
Nivala	FI
Nivari	IN
Nivelles	BE
Niwai	IN
Niwari	IN
Nixa	US
Niyang	CN
Niz-Hajo	IN
Nizahon II	CI
Nizamabad	IN
Nizhnekamsk	RU
Nizhnesortymskiy	RU
Nizhneudinsk	RU
Nizhnevartovsk	RU
Nizhneye Kazanishche	RU
Nizhniy Lomov	RU
Nizhniy Novgorod	RU
Nizhniy Odes	RU
Nizhniye Sergi	RU
Nizhny Tagil	RU
Nizhnyaya Ala-Archa	KG
Nizhnyaya Maktama	RU
Nizhnyaya Salda	RU
Nizhnyaya Tura	RU
Nizhyn	UA
Nizip	TR
Nizwa	OM
Nizza Millefonti	IT
Njala	SL
Njeru	UG
Njombe	TZ
Njoro	KE
Nkambe	CM
Nkawkaw	GH
Nkayi	CG
Nkhata Bay	MW
Nkhotakota	MW
Nkoaranga	TZ
Nkoma	UG
Nkongsamba	CM
Nkoranza	GH
Nkoteng	CM
Nkourani	KM
Nkowakowa	ZA
Nkpor	NG
Nkwerre	NG
Nnewi	NG
NoMa	US
Noale	IT
Noamundi	IN
Nobeji	JP
Nobeoka	JP
Noble Park	AU
Noblesville	US
Noboribetsu	JP
Noborito	JP
Nobres	BR
Nocera Inferiore	IT
Nocera Superiore	IT
Nochistlan de Mejia	MX
Noci	IT
Noda	JP
Noe	CI
Noe Valley	US
Noerdlingen	DE
Noeux-les-Mines	FR
Noeykkioe	FI
Nogales	MX
Nogata	JP
Nogent-le-Rotrou	FR
Nogent-sur-Marne	FR
Nogent-sur-Oise	FR
Nogi	JP
Noginsk	RU
Noginsk-9	RU
Nogir	RU
Nogliki	RU
Nogoya	AR
Nohar	IN
Nohfelden	DE
Nohsa	IN
Noicattaro	IT
Noida	IN
Noisiel	FR
Noisy-le-Grand	FR
Noisy-le-Sec	FR
Nok Kundi	PK
Nokha	IN
Nokia	FI
Nola	CF
Nolinsk	RU
Nollamara	AU
Nomathamasanqa	ZA
Nomimachi	JP
Nomme	EE
Non Sang	TH
Non Sung	TH
Non Thai	TH
Nonantola	IT
Nong Bua	TH
Nong Bua Lamphu	TH
Nong Chik	TH
Nong Chok	TH
Nong Khae	TH
Nong Khaem	TH
Nong Khai	TH
Nong Ki	TH
Nong Kung Si	TH
Nong Phai	TH
Nongoa	GN
Nongpoh	IN
Nongstoin	IN
Nongthymmai	IN
Nongzhang	CN
Nonoai	BR
Nonoichi	JP
Nonsan	KR
Nookat	KG
Noord	AW
Noordwijk-Binnen	NL
Noordwijkerhout	NL
Nootdorp	NL
Nor Hachn	AM
Nor Nork	AM
Norak	TJ
Norala	PH
Norbiton	GB
Norbury	GB
Norco	US
Norcross	US
Norden	DE
Nordenham	DE
Norderstedt	DE
Nordestina	BR
Nordhausen	DE
Nordhorn	DE
Nordkirchen	DE
Nordstadt	DE
Nordstemmen	DE
Norfolk	US
Norfolk County	CA
Norilsk	RU
Nork-Marash	AM
Norland	US
Normal	US
Norman	US
Normandia	BR
Norresundby	DK
Norridge	US
Norris Green	GB
Norristown	US
Norrkoeping	SE
Norrtaelje	SE
North Adams	US
North Amityville	US
North Andover	US
North Andrews Gardens	US
North Arlington	US
North Attleborough Center	US
North Auburn	US
North Augusta	US
North Aurora	US
North Babylon	US
North Battleford	CA
North Bay	CA
North Bay Shore	US
North Bel Air	US
North Bellmore	US
North Bellport	US
North Bergen	US
North Bethesda	US
North Branch	US
North Branford	US
North Brunswick	US
North Canton	US
North Castle	US
North Center	US
North Charleston	US
North Chicago	US
North Chicopee	US
North Cowichan	CA
North Creek	US
North Decatur	US
North Delta	CA
North Druid Hills	US
North End	US
North Fair Oaks	US
North Fort Myers	US
North Guwahati	IN
North Haven	US
North Highlands	US
North Hills	US
North Hollywood	US
North Kamloops	CA
North Kingstown	US
North La Crosse	US
North Lakes	AU
North Lakhimpur	IN
North Las Vegas	US
North Lauderdale	US
North Lawndale	US
North Liberty	US
North Lindenhurst	US
North Little Rock	US
North Logan	US
North Madison	US
North Mankato	US
North Massapequa	US
North Melbourne	AU
North Merrick	US
North Miami	US
North Miami Beach	US
North Myrtle Beach	US
North New Hyde Park	US
North Ogden	US
North Olmsted	US
North Palm Beach	US
North Parramatta	AU
North Peoria	US
North Perth	CA
North Plainfield	US
North Platte	US
North Port	US
North Potomac	US
North Providence	US
North Reading	US
North Richland Hills	US
North Ridgeville	US
North Riverdale	CA
North Royalton	US
North Ryde	AU
North Saanich	CA
North Saint Paul	US
North Salt Lake	US
North Scituate	US
North Shields	GB
North Shore	NZ
North Smithfield	US
North Sound Estates	KY
North St.James Town	CA
North Stamford	US
North Tonawanda	US
North Tustin	US
North Valley	US
North Valley Stream	US
North Vancouver	CA
North Versailles	US
North Walsham	GB
North Wantagh	US
North Ward	KY
North Watford	GB
Northallerton	GB
Northam	ZA
Northampton	GB
Northbridge	US
Northbrook	US
Northcote	AU
Northdale	US
Northeim	DE
Northfield	US
Northglenn	US
Northlake	US
Northmead	AU
Northolt	GB
Northport	US
Northridge	US
Northumberland Park	GB
Northview	US
Northwest One	US
Northwich	GB
Northwood	US
Northwood Hills	GB
Norton	ZW
Norton Shores	US
Norvenich	DE
Norwalk	US
Norwell	US
Norwich	GB
Norwood	US
Norzagaray	PH
Noshiro	JP
Nosivka	UA
Nossa Senhora da Gloria	BR
Nossa Senhora das Dores	BR
Nossa Senhora de Fatima	CN
Nossa Senhora do Livramento	BR
Nossa Senhora do Socorro	BR
Nosy Varika	MG
Noto	IT
Notodden	NO
Notre-Dame Limite	FR
Notre-Dame-de-Grace	CA
Notse	TG
Notting Hill	GB
Nottingham	GB
Nottuln	DE
Nou Barris	ES
Nouadhibou	MR
Nouakchott	MR
Noumea	NC
Nouna	BF
Nov	TJ
Nova Alvorada do Sul	BR
Nova Andradina	BR
Nova Aurora	BR
Nova Bandeirantes	BR
Nova Canaa	BR
Nova Canaa do Norte	BR
Nova Crixas	BR
Nova Cruz	BR
Nova Darnytsya	UA
Nova Dubnica	SK
Nova Era	BR
Nova Esperanca	BR
Nova Esperanca do Piria	BR
Nova Friburgo	BR
Nova Gorica	SI
Nova Granada	BR
Nova Hartz	BR
Nova Iguacu	BR
Nova Ipixuna	BR
Nova Kakhovka	UA
Nova Laranjeiras	BR
Nova Lima	BR
Nova Londrina	BR
Nova Mamore	BR
Nova Milanese	IT
Nova Mutum	BR
Nova Odesa	UA
Nova Odessa	BR
Nova Olimpia	BR
Nova Olinda	BR
Nova Olinda do Maranhao	BR
Nova Olinda do Norte	BR
Nova Pazova	RS
Nova Petropolis	BR
Nova Ponte	BR
Nova Prata	BR
Nova Prata do Iguacu	BR
Nova Resende	BR
Nova Russas	BR
Nova Santa Rita	BR
Nova Serrana	BR
Nova Soure	BR
Nova Timboteua	BR
Nova Trento	BR
Nova Ubirata	BR
Nova Venecia	BR
Nova Veneza	BR
Nova Vicosa	BR
Nova Vodolaha	UA
Nova Xavantina	BR
Nova Zagora	BG
Novaliches Proper	PH
Novara	IT
Novate Milanese	IT
Novato	US
Novaya Balakhna	RU
Novaya Derevnya	RU
Novaya Igirma	RU
Novaya Lyalya	RU
Novaya Usman'	RU
Nove Mesto	CZ
Nove Mesto na Morave	CZ
Nove Mesto nad Metuji	CZ
Nove Mesto nad Vahom	SK
Nove Zamky	SK
Novelda	ES
Noveleta	PH
Novellara	IT
Novena	SG
Novhorod-Siverskyi	UA
Novi	US
Novi Kodaky	UA
Novi Ligure	IT
Novi Pazar	RS
Novi Sad	RS
Novi Travnik	BA
Novo Airao	BR
Novo Aripuana	BR
Novo Cruzeiro	BR
Novo Gama	BR
Novo Hamburgo	BR
Novo Horizonte	BR
Novo Lino	BR
Novo Mesto	SI
Novo Oriente	BR
Novo Oriente de Minas	BR
Novo Progresso	BR
Novo Repartimento	BR
Novo Selo	MK
Novo Triunfo	BR
Novo-Peredelkino	RU
Novoaleksandrovsk	RU
Novoaltaysk	RU
Novoanninskiy	RU
Novoazovs'k	UA
Novocheboksarsk	RU
Novocherkassk	RU
Novodnistrovsk	UA
Novodvinsk	RU
Novogireyevo	RU
Novogrudok	BY
Novohrodivka	UA
Novokazalinsk	KZ
Novokhovrino	RU
Novokubansk	RU
Novokuybyshevsk	RU
Novokuz'minki	RU
Novokuznetsk	RU
Novolukoml'	BY
Novomichurinsk	RU
Novomikhaylovskiy	RU
Novominskaya	RU
Novomoskovsk	RU
Novomyrhorod	UA
Novonikolayevskiy	RU
Novooleksiyivka	UA
Novoorsk	RU
Novopavlovsk	RU
Novopodrezkovo	RU
Novopokrovskaya	RU
Novopolotsk	BY
Novorossiysk	RU
Novosergiyevka	RU
Novoshakhtinsk	RU
Novosibirsk	RU
Novosilikatnyy	RU
Novosineglazovskiy	RU
Novospasskoye	RU
Novotitarovskaya	RU
Novotroitsk	RU
Novotroyitske	UA
Novoukrayinka	UA
Novoul'yanovsk	RU
Novoural'sk	RU
Novouzensk	RU
Novovladykino	RU
Novovolynsk	UA
Novovoronezh	RU
Novoyavorivs'k	UA
Novoye Devyatkino	RU
Novozybkov	RU
Novy Bor	CZ
Novy Jicin	CZ
Novy Oskol	RU
Novyi Lviv	UA
Novyi Rozdil	UA
Novyy Buh	UA
Novyy Gorodok	RU
Novyy Turtkul'	UZ
Novyy Urengoy	RU
Novyye Cheremushki	RU
Novyye Kuz'minki	RU
Nowa Deba	PL
Nowa Ruda	PL
Nowa Sol	PL
Nowe Miasto Lubawskie	PL
Nowgong	IN
Nowogard	PL
Nowrangapur	IN
Nowrozabad	IN
Nowshahr	IR
Nowshera Cantonment	PK
Nowshera Kalan	PK
Nowy Dwor	PL
Nowy Dwor Mazowiecki	PL
Nowy Sacz	PL
Nowy Targ	PL
Nowy Tomysl	PL
Noyabrsk	RU
Noyon	FR
Nsanje	MW
Nsawam	GH
Nshamba	TZ
Nsoatre	GH
Nsukka	NG
Nsunga	TZ
Ntandabale	ZM
Ntcheu	MW
Ntoum	GA
Ntungamo	UG
Ntuzuma	ZA
Nu'ayjah	QA
Nubarashen	AM
Nubl	SY
Nucleo Bandeirante	BR
Nuea Khlong	TH
Nuembrecht	DE
Nuenen	NL
Nuernberg	DE
Nueva Bolivia	VE
Nueva Concepcion	GT
Nueva Espana	ES
Nueva Esperanza	PY
Nueva Gerona	CU
Nueva Granada	CO
Nueva Guinea	NI
Nueva Helvecia	UY
Nueva Imperial	CL
Nueva Italia de Ruiz	MX
Nueva Loja	EC
Nueva Palestina	MX
Nueva Rosita	MX
Nueva Santa Rosa	GT
Nueve de Julio	AR
Nuevitas	CU
Nuevo Arraijan	PA
Nuevo Belen	PA
Nuevo Casas Grandes	MX
Nuevo Ideal	MX
Nuevo Imperial	PE
Nuevo Laredo	MX
Nuevo Leon	GT
Nuevo Mexico	MX
Nuevo Progreso	MX
Nuevo San Carlos	GT
Nuevo San Juan Parangaricutiro	MX
Nuh	IN
Nui Sap	VN
Nui Thanh	VN
Nuku'alofa	TO
Nukui	JP
Nukus	UZ
Nules	ES
Numabukuro	JP
Numakunai	JP
Numan	NG
Numancia	ES
Numata	JP
Numazu	JP
Nunawading	AU
Nundah	AU
Nuneaton	GB
Nungua	GH
Nungwi	TZ
Nunoa	CL
Nunspeet	NL
Nunukan	ID
Nunungan	PH
Nuofu	CN
Nuoro	IT
Nuozhadu	CN
Nur	IR
Nurabad	IR
Nurdagi	TR
Nurlat	RU
Nurmahal	IN
Nurmijaervi	FI
Nurota	UZ
Nurpur	IN
Nurtingen	DE
Nusaybin	TR
Nushabad	IR
Nushki	PK
Nusle	CZ
Nussloch	DE
Nutana Sector	CA
Nutley	US
Nuuanu - Punchbowl	US
Nuuk	GL
Nuwara Eliya	LK
Nuzvid	IN
Nwe Khway	MM
Nyabitekeli	RW
Nyachera	UG
Nyagan	RU
Nyagatare	RW
Nyahuka	UG
Nyahururu	KE
Nyakabindi	TZ
Nyakahanga	TZ
Nyala	SD
Nyalikungu	TZ
Nyamata	RW
Nyambunwa	KE
Nyamira	KE
Nyamti	IN
Nyamunuka	UG
Nyamuswa	TZ
Nyandoma	RU
Nyangao	TZ
Nyanguge	TZ
Nyanza	RW
Nyaung	MM
Nyaung-U	MM
Nyaungdon	MM
Nyaunglebin	MM
Nyazepetrovsk	RU
Nyborg	DK
Nybro	SE
Nyemo	CN
Nyeri	KE
Nyimba	ZM
Nyingchi	CN
Nyirbator	HU
Nyiregyhaza	HU
Nykobing Falster	DK
Nykoeping	SE
Nymburk	CZ
Nynaeshamn	SE
Nyon	CH
Nysa	PL
Nytva	RU
Nyunzu	CD
Nyuzen	JP
Nyvky	UA
Nyzhnia Krynka	UA
Nyzhnyodniprovsk	UA
Nzagi	AO
Nzega	TZ
Nzerekore	GN
Nzianouan	CI
O Barco de Valdeorras	ES
O Carballino	ES
O Cho Dua	VN
O Grove	ES
O Mon	VN
O'Connor-Parkview	CA
O'Fallon	US
O-zanuki	JP
OEdemis	TR
OElgii	MN
OErebro	SE
OErnskoeldsvik	SE
OEstermalm	SE
OEstersund	SE
OEzdere	TR
Oadar Temsia	MA
Oadby	GB
Oak Bay	CA
Oak Creek	US
Oak Forest	US
Oak Grove	US
Oak Harbor	US
Oak Hill	US
Oak Hills	US
Oak Lawn	US
Oak Park	US
Oak Ridge	US
Oakdale	US
Oakham	GB
Oakland	US
Oakland Park	US
Oakleaf Plantation	US
Oakley	US
Oakridge	CA
Oakton	US
Oakville	CA
Oakwood	GB
Oakwood Village	CA
Oamaru	NZ
Oami	JP
Oamishirasato	JP
Oarai	JP
Oas	PH
Oatfield	US
Oatley	AU
Oaxaca	MX
Ob'	RU
Oba	TR
Obala	CM
Obalende	NG
Obama	JP
Obanazawa	JP
Obando	PH
Obata	JP
Ober-Ramstadt	DE
Obera	AR
Oberasbach	DE
Oberderdingen	DE
Oberhaching	DE
Oberhausen	DE
Oberkirch	DE
Obernai	FR
Oberndorf	DE
Obernkirchen	DE
Oberricklingen	DE
Oberschleissheim	DE
Oberschoeneweide	DE
Obertshausen	DE
Oberursel	DE
Oberwil	CH
Oberwinterthur (Kreis 2)	CH
Oberzent	DE
Obiaruku	NG
Obidos	BR
Obihiro	JP
Obiliq	XK
Obispos	VE
Obita	JP
Obninsk	RU
Obo	CF
Obock	DJ
Obolon	UA
Obonoma	NG
Oborniki	PL
Oboyan'	RU
Obra	IN
Obrenovac	RS
Obruchevo	RU
Obu	JP
Obuase	GH
Obubra	NG
Obuchi	JP
Obuda	HU
Obudu	NG
Obukhiv	UA
Obukhovo	RU
Obuse	JP
Oc Eo	VN
Ocala	US
Ocana	CO
Ocara	BR
Ocean Acres	US
Ocean City	US
Ocean Grove	AU
Ocean Pines	US
Ocean Springs	US
Oceanside	US
Ochakiv	UA
Ochakovo-Matveyevskoye	RU
Ocher	RU
Ochira	IN
Ochota	PL
Ochsenfurt	DE
Ochtrup	DE
Ocna Mures	RO
Ocoee	US
Oconomowoc	US
Ocosingo	MX
Ocotal	NI
Ocotlan	MX
Ocotlan de Morelos	MX
Ocoyoacac	MX
Ocozocoautla de Espinosa	MX
Octeville	FR
Ocumare del Tuy	VE
Od	IN
Odacho-oda	JP
Odaipatti	IN
Odaiyakulam	IN
Odate	JP
Odawara	JP
Oddanchathiram	IN
Odder	DK
Ode	NG
Odendaalsrus	ZA
Odense	DK
Odenthal	DE
Odenton	US
Oderzo	IT
Odesa	UA
Odessa	US
Odienne	CI
Odintsovo	RU
Odivelas	PT
Odlabari	IN
Odorheiu Secuiesc	RO
Odzak	BA
Oegstgeest	NL
Oeiras	BR
Oeiras do Para	BR
Oelde	DE
Oelsnitz	DE
Oer-Erkenschwick	DE
Oerlinghausen	DE
Of	TR
Ofaqim	IL
Offa	NG
Offenbach	DE
Offenburg	DE
Officer	AU
Offumpo	CI
Oftersheim	DE
Oftringen	CH
Ofunato	JP
Oga	JP
Ogaki	JP
Ogaminana	NG
Ogano	JP
Ogawa	JP
Ogawamachi	JP
Ogbomoso	NG
Ogden	US
Ogdensburg	US
Ogembo	KE
Oghi	PK
Ogi	JP
Ogijares	ES
Ogikubo	JP
Ogoja	NG
Ogontz	US
Ogori	JP
Ogori-shimogo	JP
Ogose	JP
Ogoudou	CI
Ogre	LV
Oguchi	JP
Ogura	JP
Ogushi	JP
Oguta	NG
Oguzeli	TR
Ogwashi-Uku	NG
Ohafia-Ifigh	NG
Ohangaron	UZ
Ohara	JP
Oharu	JP
Ohegy	HU
Ohligs	DE
Ohlsdorf	DE
Ohrid	MK
Ohringen	DE
Oi	JP
Oi Man Estate	HK
Oiapoque	BR
Oignies	FR
Oil City	US
Oildale	US
Oirschot	NL
Oiso	JP
Oissel-sur-Seine	FR
Oisterwijk	NL
Oita	JP
Oizumi-gakuencho	JP
Oizumimachi	JP
Oji	JP
Ojima	JP
Ojinaga	MX
Ojiya	JP
Ojo de Agua	MX
Ojuelos de Jalisco	MX
Ojus	US
Oka	JP
Okahandja	NA
Okanagan Mission	CA
Okara	PK
Okawa	JP
Okawara	JP
Okaya	JP
Okayama	JP
Okazaki	JP
Okcheon	KR
Oke Ila	NG
Oke Kan	MM
Oke Mesi	NG
Okegawa	JP
Okeho	NG
Okemos	US
Okene	NG
Okha	IN
Okhtyrka	UA
Okigwe	NG
Okinawa	JP
Okinawa Uno	BO
Okino	JP
Oklahoma City	US
Okmulgee	US
Okni	IN
Okoa	CM
Okolona	US
Okondja	GA
Okotoks	CA
Okpo	MM
Okrika	NG
Okromodou	CI
Okrouyo	CI
Oktyabr'sk	RU
Oktyabr'skiy	RU
Oktyabr'skoye	UA
Oktyabrsky	RU
Oku	CM
Okubo	JP
Okubo-naka	JP
Okuchi-shinohara	JP
Okulovka	RU
Okuno	JP
Okunoya	JP
Okuta	NG
Ol Kalau South Settlement	KE
Ol Kalou	KE
Olanchito	HN
Olari	FI
Olathe	US
Olavanna	IN
Olavarria	AR
Olawa	PL
Olbernhau	DE
Olbia	IT
Olbin	PL
Olching	DE
Old Bridge	US
Old City	PS
Old Harbour	JM
Old Jamestown	US
Old Saybrook	US
Old Shinyanga	TZ
Old Swan	GB
Old Trafford	GB
Old Yundum	GM
Oldbury	GB
Oldenburg	DE
Oldenzaal	NL
Oldham	GB
Oldsmar	US
Olean	US
Olecko	PL
Oleggio	IT
Oleiros	ES
Oleksandrivskyi	UA
Oleksandriya	UA
Oleksiyivka	UA
Olenegorsk	RU
Olesa de Montserrat	ES
Oleshky	UA
Olesnica	PL
Olesno	PL
Olevsk	UA
Olfen	DE
Olgiate Comasco	IT
Olgiate Olona	IT
Olhao	PT
Olho d'Agua das Cunhas	BR
Olho d'Agua das Flores	BR
Olhos de Agua	PT
Olimpia	BR
Olinda	BR
Olinda Nova do Maranhao	BR
Olindina	BR
Oliva	ES
Olivais	PT
Olival	PT
Olive Branch	US
Olivehurst	US
Oliveira	BR
Oliveira de Azemeis	PT
Oliveira do Douro	PT
Oliveira dos Brejinhos	BR
Olivenca	BR
Olivenza	ES
Oliver-Valdefierro	ES
Olivet	FR
Oliwa	PL
Olkusz	PL
Ollioules	FR
Olmaliq	UZ
Olney	US
Oloitokitok	KE
Olomouc	CZ
Olonets	RU
Olongapo	PH
Olonne-sur-Mer	FR
Oloron-Sainte-Marie	FR
Olot	ES
Olot Shahri	UZ
Olpad	IN
Olpe	DE
Olsberg	DE
Olsztyn	PL
Olten	CH
Oltenita	RO
Oltiariq	UZ
Oltinko`l	UZ
Oltu	TR
Olupona	NG
Oluta	MX
Olympia	US
Olympia Heights	US
Olympic	HK
Omachi	JP
Omaezaki	JP
Omagari	JP
Omagh	GB
Omaha	US
Omalur	IN
Omamacho-omama	JP
Omaruru	NA
Omdurman	SD
Ome	JP
Omegna	IT
Ometepec	MX
Omidiyeh	IR
Omigawa	JP
Omihachiman	JP
Omitama	JP
Omiya	JP
Omkareshwar	IN
Ommen	NL
Ommoord	NL
Omoku	NG
Omorinaka	JP
Omsk	RU
Omu-Aran	NG
Omura	JP
Omuta	JP
Omutninsk	RU
On Top of the World	US
Onalaska	US
Onate	ES
Oncativo	AR
Onda	ES
Ondangwa	NA
Ondjiva	AO
Ondo	NG
Onega	RU
Onehunga	NZ
Oneida	US
Oneonta	US
Onex	CH
Ong Yen	VN
Ongallur-I	IN
Ongallur-II	IN
Ongata Rongai	KE
Ongjin	KP
Ongkharak	TH
Ongole	IN
Ongwediva	NA
Onitsha	NG
Onna	JP
Ono	JP
Ono-hara	JP
Onoda	JP
Onojo	JP
Onokhoy	RU
Onomichi	JP
Onsala	SE
Onsong	KP
Ontario	US
Ontinyent	ES
Onyar	CN
Oodi	BW
Oosterbeek	NL
Oosterhout	NL
Oosterpark	NL
Oosterzele	BE
Oostkamp	BE
Ooty	IN
Opa-locka	US
Opanel	ES
Opava	CZ
Opelika	US
Opelousas	US
Opera	IT
Opi	NG
Opit	UG
Opladen	DE
Opmeer	NL
Opochka	RU
Opoczno	PL
Opole	PL
Opopeo	MX
Oporapa	CO
Opportunity	US
Oppum	DE
Opwijk	BE
Oqqo'rg'on	UZ
Oqtosh	UZ
Oquirrh	US
Or Akiva	IL
Or Yehuda	IL
Ora-dong	KR
Oradea	RO
Orahovac	XK
Orai	IN
Oraiokastro	GR
Oral	KZ
Oran	DZ
Orang	KP
Orange	US
Orange City	US
Orange Farm	ZA
Orange Walk	BZ
Orangeburg	US
Orangevale	US
Orangeville	CA
Orani	PH
Oranienburg	DE
Oranjestad	AW
Orastie	RO
Orathanadu	IN
Oratorio	GT
Oravita	RO
Orbassano	IT
Orcasitas	ES
Orcasur	ES
Orchards	US
Orchha	IN
Orcutt	US
Ordes	ES
Ordos	CN
Ordu	TR
Ordynskoye	RU
Ore	NG
Oregon	US
Oregon City	US
Orekhovo-Borisovo	RU
Orekhovo-Borisovo Severnoye	RU
Orekhovo-Zuyevo	RU
Orel	RU
Orem	US
Orenburg	RU
Orestiada	GR
Orewa	NZ
Orhangazi	TR
Orhei	MD
Oria	ES
Orient Heights	US
Orihuela	ES
Orikhiv	UA
Orikkai	IN
Orillia	CA
Orimattila	FI
Orinda	US
Orion	PH
Oristano	IT
Orita-Eruwa	NG
Orito	CO
Oriximina	BR
Orizaba	MX
Orizona	BR
Orkney	ZA
Orland Park	US
Orlandia	BR
Orlando	US
Orleans	CA
Orlova	CZ
Orlovskiy	RU
Orly	FR
Ormara	PK
Ormeau	AU
Ormoc	PH
Ormond Beach	US
Ormskirk	GB
Oro Valley	US
Orobo	BR
Oroco	BR
Orodara	BF
Oroqen Zizhiqi	CN
Oroquieta	PH
Oros	BR
Oroshaza	HU
Oroszlany	HU
Oroville	US
Orpington	GB
Orsay	FR
Orsha	BY
Orsk	RU
Orsova	RO
Orta Nova	IT
Orta di Atella	IT
Ortaca	TR
Ortakoey	TR
Orthez	FR
Ortigueira	BR
Ortona	IT
Orumanayur	IN
Orumiyeh	IR
Orunia Gorna-Gdansk Poludnie	PL
Orunia-Sw. Wojciech-Lipce	PL
Oruro	BO
Orvault	FR
Orzesze	PL
Osa	RU
Osaka	JP
Osaki	JP
Osan	KR
Osasco	BR
Oschatz	DE
Oschersleben	DE
Osdorf	DE
Osh	KG
Oshakati	NA
Oshawa	CA
Oshiage	JP
Oshie	CM
Oshima	JP
Oshkosh	US
Oshmyany	BY
Oshnaviyeh	IR
Oshodi	NG
Oshu	JP
Osiedle Kosmonautow	PL
Osiedle Powstancow Slaskich	PL
Osijek	HR
Osimo	IT
Osinniki	RU
Osio Sotto	IT
Osipovichi	BY
Oskaloosa	US
Oskarshamn	SE
Oslo	NO
Osmancik	TR
Osmaneli	TR
Osmaniye	TR
Osnabrueck	DE
Osny	FR
Osogbo	NG
Osorio	BR
Osorno	CL
Osowa	PL
Ospino	VE
Ospitaletto	IT
Oss	NL
Ossendorf	DE
Ossett	GB
Ossining	US
Ostankinskiy	RU
Ostashkov	RU
Ostbevern	DE
Ostend	BE
Osterhofen	DE
Osterholz-Scharmbeck	DE
Osterley	GB
Ostfildern	DE
Ostheim	DE
Ostrava	CZ
Ostrhauderfehn	DE
Ostringen	DE
Ostroda	PL
Ostrogozhsk	RU
Ostroh	UA
Ostroleka	PL
Ostrov	RU
Ostrow Mazowiecka	PL
Ostrow Wielkopolski	PL
Ostrowiec Swietokrzyski	PL
Ostrzeszow	PL
Oststadt	DE
Ostuncalco	GT
Ostuni	IT
Ostwald	FR
Osu	GH
Osuna	ES
Osvaldo Cruz	BR
Oswego	US
Oswestry	GB
Oswiecim	PL
Ota	JP
Otacilio Costa	BR
Otahuhu	NZ
Otake	JP
Otamanivka	UA
Otan Ayegbaju	NG
Otara	NZ
Otaru	JP
Otavalo	EC
Otawara	JP
Otdam Souriya	KH
Oteapan	MX
Otegen Batyra	KZ
Otelu Rosu	RO
Othmarschen	DE
Othukkungal	IN
Otjiwarongo	NA
Otley	GB
Otofuke	JP
Oton	PH
Otopeni	RO
Otradnaya	RU
Otradnoye	RU
Otradnyy	RU
Otrokovice	CZ
Otsego	US
Otsu	JP
Otsuchi	JP
Otsuka	JP
Otsuki	JP
Ottaikkalmantapam	IN
Ottakkadai	IN
Ottakring	AT
Ottapalam	IN
Ottaviano	IT
Ottawa	CA
Ottawa South	CA
Ottendorf-Okrilla	DE
Ottensen	DE
Ottersberg	DE
Ottobrunn bei Muenchen	DE
Ottosdal	ZA
Ottumwa	US
Ottweiler	DE
Otukpa	NG
Otumba	MX
Otuzco	PE
Otwock	PL
Ou Bei Choan	KH
Ou Char	KH
Ou Ruessei	KH
Ouagadougou	BF
Ouahigouya	BF
Ouake	BJ
Oualata	MR
Ouallam	NE
Ouamelhoro	CI
Ouanaminthe	HT
Ouangolodougou	CI
Ouani	KM
Ouaouizeght	MA
Ouardenine	TN
Ouargaye	BF
Ouargla	DZ
Ouarzazate	MA
Ouattaradougou	CI
Oud-Beijerland	NL
Oud-Heverlee	BE
Oud-Turnhout	BE
Ouda-yamaguchi	JP
Oudenaarde	BE
Oudenbosch	NL
Oudtshoorn	ZA
Oued Amlil	MA
Oued Fodda	DZ
Oued Laou	MA
Oued Lill	TN
Oued Rhiou	DZ
Oued Sly	DZ
Oued Zem	MA
Oued Zenati	DZ
Oued el Abtal	DZ
Oued el Alleug	DZ
Ouenza	DZ
Ouerdanine	TN
Ouesse	BJ
Ouesso	CG
Ouezzane	MA
Ougree	BE
Ouidah	BJ
Ouinhi	BJ
Ouislane	MA
Oujda	MA
Oulad Ayad	MA
Oulad Barhil	MA
Oulad Embarek	MA
Oulad Frej	MA
Oulad Tayeb	MA
Oulad Teima	MA
Oulad Yaich	MA
Ouled Djellal	DZ
Ouled Haddaj	DZ
Ouled Mimoun	DZ
Ouled Moussa	DZ
Ouled Slama Fouaga	DZ
Oullins	FR
Oulmes	MA
Oulu	FI
Oulunkylae	FI
Oum el Bouaghi	DZ
Oumache	DZ
Oume	CI
Ounianga Kebir	TD
Oupeye	BE
Oupoyo	CI
Ouragahio	CI
Ourem	BR
Ourense	ES
Ouricuri	BR
Ourilandia do Norte	BR
Ourinhos	BR
Ouro Branco	BR
Ouro Fino	BR
Ouro Preto	BR
Ouro Preto do Oeste	BR
Ouro Sogui	SN
Ouroeste	BR
Ourolandia	BR
Outat Oulad Al Haj	MA
Outjo	NA
Outram Park	SG
Outreau	FR
Outremont	CA
Ouzera	DZ
Ovalle	CL
Ovar	PT
Ovejas	CO
Overath	DE
Overbrook	US
Overijse	BE
Overland	US
Overland Park	US
Overlea	US
Overpelt	BE
Ovidiopol	UA
Ovidiu	RO
Oviedo	ES
Ovruch	UA
Owa	JP
Owando	CG
Owariasahi	JP
Owase	JP
Owasso	US
Owatonna	US
Owen Sound	CA
Owendo	GA
Owensboro	US
Owerri	NG
Owings Mills	US
Owo	NG
Owosso	US
Oxapampa	PE
Oxeloesund	SE
Oxenford	AU
Oxford	GB
Oxford Circle	US
Oxie	SE
Oxkutzkab	MX
Oxnard	US
Oxon Hill	US
Oxon Hill-Glassmanor	US
Oxted	GB
Oyabe	JP
Oyam	GA
Oyama	JP
Oyamazaki	JP
Oyan	NG
Oyanomachi-noboritate	JP
Oyem	GA
Oyim	UZ
Oymak	CN
Oyo	NG
Oyonnax	FR
Oyrat	TM
Oyskhara	RU
Oyten	DE
Oytograk	CN
Oyugis	KE
Ozamiz City	PH
Ozar	IN
Ozark	US
Ozd	HU
Ozerki	RU
Ozersk	RU
Ozery	RU
Ozherel'ye	RU
Ozoir-la-Ferriere	FR
Ozone Park	US
Ozorkow	PL
Ozu	JP
Ozubulu	NG
Ozumba de Alzate	MX
Ozurgeti	GE
P'yongsong	KP
Pa	BF
Pa Daet	TH
Pa Sang	TH
Paal	BE
Paarl	ZA
Pabbi	PK
Pabellon de Arteaga	MX
Pabianice	PL
Pabna	BD
Pacaembu	BR
Pacaja	BR
Pacajus	BR
Pacaraima	BR
Pacasmayo	PE
Pacatuba	BR
Pace	US
Pachchal	IN
Pachgaon	IN
Pachino	IT
Pachmarhi	IN
Pacho	CO
Pachor	IN
Pachora	IN
Pachperwa	IN
Pachuca de Soto	MX
Pacific Grove	US
Pacific Palisades	US
Pacific Pines	AU
Pacifica	US
Pacifico	ES
Paciran	ID
Paco	PH
Paco de Arcos	PT
Paco do Lumiar	BR
Pacode	IN
Pacol	PH
Pacora	CO
Pacoti	BR
Pacsirtatelep	HU
Pad Idan	PK
Padada	PH
Padaivedu	IN
Padalarang	ID
Padam	IN
Padampur	IN
Padang	ID
Padang Besar	MY
Padang Endau	MY
Padang Mat Sirat	MY
Padang Rengas	MY
Padang Serai	MY
Padangpanjang	ID
Padangsidempuan	ID
Paddhari	IN
Paddington	AU
Padegan-e Manjil	IR
Pader	UG
Pader Palwo	UG
Paderborn	DE
Paderno Dugnano	IT
Padiham	GB
Padiyam	IN
Padiyanallur	IN
Padmanabhapuram	IN
Padmapur	IN
Padra	IN
Padrauna	IN
Padre Bernardo	BR
Padre Hurtado	CL
Padre Las Casas	CL
Padre Paraiso	BR
Padstow	AU
Padua	IT
Paducah	US
Paea	PF
Paech'on-up	KP
Paek'ak	KP
Paernu	EE
Paete	PH
Pagadian	PH
Pagalungan	PH
Pagani	IT
Pagar Alam	ID
Pagbilao	PH
Paghman	AF
Pago Pago	AS
Pagoh	MY
Pagsangahan	PH
Paharpur	PK
Pahasu	IN
Pahrump	US
Paiania	GR
Paicandu	BR
Paidha	UG
Paignton	GB
Paijan	PE
Paikeqi	CN
Pailin	KH
Pailitas	CO
Paillaco	CL
Pailles	MU
Pailou	CN
Paimio	FI
Paine	CL
Painesville	US
Painkulam	IN
Paipa	CO
Paiporta	ES
Paippad	IN
Paipu	CN
Paisley	GB
Paita	PE
Paithan	IN
Pajacuaran	MX
Pajara	ES
Pajok	SS
Pak Chong	TH
Pak Kret	TH
Pak Phanang	TH
Pak Shek Kok	HK
Pak Tin Estate	HK
Paka	MY
Pakala	IN
Pakan	MY
Pakdasht	IR
Pakenham	AU
Pakhanjur	IN
Pakhar	IN
Pakhi Khanauri	IN
Pakil	PH
Pakila	FI
Pakisaji	ID
Pakistan Employees Cooperative Housing Society	PK
Pakkala	FI
Pakokku	MM
Pakpattan	PK
Pakridayal	IN
Paks	HU
Pakse	LA
Pakur	IN
Pakuranga	NZ
Pakwach	UG
Pakxan	LA
Pala	TD
Palabana	ZM
Palacio	ES
Palafrugell	ES
Palagiano	IT
Palagonia	IT
Palai	IN
Palaio Faliro	GR
Palaiseau	FR
Palaiyam	IN
Palaiyampatti	IN
Palakkad	IN
Palakkodu	IN
Palakollu	IN
Palamedu	IN
Palamos	ES
Palang	BD
Palanga	LT
Palangarai	IN
Palangkaraya	ID
Palani	IN
Palanisettipatti	IN
Palanpur	IN
Palappallam	IN
Palapye	BW
Palasa	IN
Palatine	US
Palatka	US
Palau	MX
Palavakkam	IN
Palavansathu	IN
Palayad	IN
Palayan City	PH
Palazzolo sull'Oglio	IT
Palda	IN
Palej	IN
Palembang	ID
Palencia	ES
Palenque	MX
Palera	IN
Palermo	IT
Palestina	CO
Palestine	US
Palestrina	IT
Palghar	IN
Palhoca	BR
Pali	IN
Palia Kalan	IN
Palimanan	ID
Palin	GT
Palisades Park	US
Palitana	IN
Paliyad	IN
Palkonda	IN
Pallabi	BD
Palladam	IN
Pallandri	PK
Pallanza-Intra-Suna	IT
Pallappalaiyam	IN
Pallappatti	IN
Pallasovka	RU
Pallavaram	IN
Palleja	ES
Pallichal	IN
Pallikal	IN
Pallikaranai	IN
Pallikere	IN
Pallikonda	IN
Pallikunnu	IN
Pallini	GR
Pallipalayam	IN
Pallippatti	IN
Pallipuram	IN
Pallisa	UG
Palm Bay	US
Palm Beach	AU
Palm Beach Gardens	US
Palm City	US
Palm Coast	US
Palm Desert	US
Palm Harbor	US
Palm River-Clair Mel	US
Palm Springs	US
Palm Valley	US
Palma	ES
Palma Campania	IT
Palma Soriano	CU
Palma del Rio	ES
Palma di Montechiaro	IT
Palmacia	BR
Palmaner	IN
Palmar de Varela	CO
Palmares	BR
Palmares do Sul	BR
Palmarito Tochapan	MX
Palmas	BR
Palmas de Monte Alto	BR
Palmdale	US
Palmeira	BR
Palmeira das Missoes	BR
Palmeirais	BR
Palmeirandia	BR
Palmeiras	BR
Palmeiras de Goias	BR
Palmela	PT
Palmer	US
Palmers Green	GB
Palmerston	AU
Palmerston North	NZ
Palmerston-Little Italy	CA
Palmerstown	IE
Palmetto	US
Palmetto Bay	US
Palmetto Estates	US
Palmi	IT
Palmira	CO
Palmital	BR
Palmitos	BR
Palo	PH
Palo Alto	US
Palo Negro	VE
Palo del Colle	IT
Paloh	MY
Palolo	US
Palomeras Bajas	ES
Palomeras Sureste	ES
Palompon	PH
Paloncha	IN
Palopo	ID
Palos Heights	US
Palos Hills	US
Palos Verdes Estates	US
Palos de Moguer	ES
Palos de la Frontera	ES
Palotina	BR
Palpala	AR
Palsud	IN
Paltan	BD
Palu	ID
Palugal	IN
Palwal	IN
Palwal Rural	IN
Palwancha	IN
Pama	BF
Pamandzi	YT
Pamanukan	ID
Pamban	IN
Pambujan	PH
Pamekasan	ID
Pameungpeuk	ID
Pamiers	FR
Pammal	IN
Pampa	US
Pampa del Indio	AR
Pampan	VE
Pampanito	VE
Pampatar	VE
Pampierstad	ZA
Pamplona	ES
Pampur	IN
Pamukkale	TR
Pamukova	TR
Pamulang	ID
Pamuru	IN
Pan'an	CN
Panabo	PH
Panacan	PH
Panachikkad	IN
Panadura	LK
Panagar	IN
Panagyurishte	BG
Panajachel	GT
Panakkudi	IN
Panalanoy	PH
Panama	PA
Panama City	US
Panama City Beach	US
Panamaram	IN
Panambi	BR
Panangad	IN
Panania	AU
Panapakkam	IN
Panarukan	ID
Panatina	SB
Panauti	NP
Panayattur Vadakkumbhagam	IN
Panazol	FR
Pancas	BR
Pancevo	RS
Panchagarh	BD
Panchgani	IN
Panchkula	IN
Panchla	IN
Pandaan	ID
Pandacaqui	PH
Pandak	ID
Pandamaran	MY
Pandan	PH
Pandan Valley	SG
Pandaria	IN
Pandatarai	IN
Pandavarmangalam	IN
Pandeglang	ID
Pandhana	IN
Pandharkawada	IN
Pandharpur	IN
Pandhurna	IN
Pandi	PH
Pando	UY
Pandua	IN
Panelas	BR
Panevezys	LT
Panghai	CN
Panghyon-dong	KP
Pangil	PH
Pangkalan Brandan	ID
Pangkalanbuun	ID
Pangkalpinang	ID
Pangkham	MM
Pangkor	MY
Panglong	MM
Pangody	RU
Panguipulli	CL
Panihati	IN
Panipat	IN
Panipat Taraf Ansar	IN
Panipat Taraf Makhdum Zadgan	IN
Panipat Taraf Rajputan	IN
Paniqui	PH
Panisagar	IN
Panjab	AF
Panjakent	TJ
Panji	ID
Panjim	IN
Pankhedi	IN
Pankow	DE
Pankshin	NG
Panlong	CN
Panna	IN
Panniyannur	IN
Pano Aqil	PK
Panoor	IN
Panorama	GR
Panorama Hills	CA
Panruti	IN
Pansemal	IN
Panshan	CN
Panshi	CN
Pantai Cenang	MY
Pantai Remis	MY
Pantano Grande	BR
Pantelimon	RO
Panth Piplia	IN
Pantheeramkavu	IN
Pantin	FR
Pantubig	PH
Panuco	MX
Panvel	IN
Panyam	NG
Panzhihua	CN
Panzos	GT
Pao de Acucar	BR
Paola	IT
Paolo VI	IT
Paombong	PH
Paonta Sahib	IN
Paosha	CN
Paotana Hat	BD
Paoua	CF
Paoy Paet	KH
Papa	HU
Papagaios	BR
Papagou	GR
Papakura	NZ
Papalotla	MX
Papampeta	IN
Papanasam	IN
Papanduva	BR
Papantla de Olarte	MX
Papao	PF
Papar	MY
Papatoetoe	NZ
Papaya	PH
Papeete	PF
Papenburg	DE
Papendrecht	NL
Paphos	CY
Papillion	US
Pappakurichchi	IN
Papparapatti	IN
Pappinissheri	IN
Pappinivattom	IN
Par Naogaon	BD
Para	CI
Para de Minas	BR
Parabiago	IT
Paracambi	BR
Paracatu	BR
Paracho de Verduzco	MX
Paracuellos de Jarama	ES
Paracuru	BR
Paradera	AW
Paradip Garh	IN
Paradise	US
Paradise Valley	US
Parafield Gardens	AU
Paragominas	BR
Paragould	US
Paraguacu	BR
Paraguacu Paulista	BR
Paraguari	PY
Paraiba do Sul	BR
Paraibano	BR
Paraibuna	BR
Paraipaba	BR
Paraiso	MX
Paraiso do Norte	BR
Paraiso do Tocantins	BR
Paraisopolis	BR
Parakou	BJ
Paralakhemundi	IN
Paralimni	CY
Paralowie	AU
Paramagudi	IN
Paramaribo	SR
Paramathi Velur	IN
Paramati	IN
Parambu	BR
Paramirim	BR
Paramonga	PE
Paramoti	BR
Paramount	US
Paramus	US
Parana	AR
Paranagua	BR
Paranaiba	BR
Paranaita	BR
Paranapanema	BR
Paranaque City	PH
Paranatama	BR
Paranatinga	BR
Paranavai	BR
Parand	IR
Paranda	IN
Parang	PH
Parangipettai	IN
Paranhos	PT
Paranoa	BR
Paraopeba	BR
Paraparaumu	NZ
Parapat	ID
Parappukkara	IN
Parappur	IN
Parapua	BR
Parasia	IN
Parassala	IN
Paratinga	BR
Paraty	BR
Parau	BR
Parauapebas	BR
Parauna	BR
Paravai	IN
Paravur Tekkumbhagam	IN
Parbatipur	BD
Parbhani	IN
Parc-Extension	CA
Parchim	DE
Parczew	PL
Pardes Hanna Karkur	IL
Pardi	IN
Pardis	IR
Pardubice	CZ
Pare	ID
Parede	PT
Paredes	PT
Parelhas	BR
Parelheiros	BR
Parella	IT
Parepare	ID
Parete	IT
Parets del Valles	ES
Pargas	FI
Pargolovo	RU
Pari	BR
Pariaguan	VE
Pariaman	ID
Parichhatgarh	IN
Pariconha	BR
Parintins	BR
Paripiranga	BR
Paripueira	BR
Pariquera-Acu	BR
Paris	FR
Paris 01 Louvre	FR
Paris 02 Bourse	FR
Paris 03 Temple	FR
Paris 04 Hotel-de-Ville	FR
Paris 05 Pantheon	FR
Paris 06 Luxembourg	FR
Paris 07 Palais-Bourbon	FR
Paris 08 Elysee	FR
Paris 09 Opera	FR
Paris 10 Entrepot	FR
Paris 10e Arrondissement	FR
Paris 11 Popincourt	FR
Paris 11e Arrondissement	FR
Paris 12 Reuilly	FR
Paris 12e Arrondissement	FR
Paris 13 Gobelins	FR
Paris 13e Arrondissement	FR
Paris 14 Observatoire	FR
Paris 15 Vaugirard	FR
Paris 16 Passy	FR
Paris 17 Batignolles-Monceau	FR
Paris 18 Buttes-Montmartre	FR
Paris 19 Buttes-Chaumont	FR
Paris 20 Menilmontant	FR
Parit	MY
Parit Buntar	MY
Parit Jawa	MY
Parit Raja	MY
Parit Sulung	MY
Pariyapuram	IN
Pariyaram	IN
Park Forest	US
Park Ridge	US
Park Slope	US
Park View	US
Park Way	BR
Parkchester	US
Parkdale	AU
Parkent	UZ
Parker	US
Parkersburg	US
Parkinson	AU
Parkland	US
Parklands	NZ
Parkside	US
Parksville	CA
Parkton	CA
Parkville	US
Parkway	US
Parkwood Manor	US
Parkwoods-Donalda	CA
Parla	ES
Parli Vaijnath	IN
Parlier	US
Parma	IT
Parma Heights	US
Parmonangan	ID
Parnagua	BR
Parnaiba	BR
Parnamirim	BR
Parnarama	BR
Parnas	RU
Parnera	IN
Paro	BT
Parobe	BR
Parola	IN
Parole	US
Paropo	ID
Parque Do Carmo	BR
Parque Industrial Ciudad Mitras	MX
Parque Lefevre	PA
Parque das Nacoes	PT
Parral	CL
Parramatta	AU
Parras de la Fuente	MX
Parrilla II	MX
Parsabad	IR
Parshadepur	IN
Parsippany	US
Parsons	US
Partabpur	IN
Partanna	IT
Partapur	IN
Parthenay	FR
Partille	SE
Partinico	IT
Partizansk	RU
Partizanske	SK
Partur	IN
Parung	ID
Parur	IN
Parvatipuram	IN
Parvatsar	IN
Parvomay	BG
Parys	ZA
Pasacao	PH
Pasadena	US
Pasaia	ES
Pasaje	EC
Pasan	IN
Pasargad	IR
Pasarkemis	ID
Pasay	PH
Pascagoula	US
Pascani	RO
Paschall	US
Pasco	US
Pascoe Vale	AU
Paseh	ID
Paseos de San Juan	MX
Pasewalk	DE
Pashkovskiy	RU
Pasig City	PH
Pasighat	IN
Pasil	PH
Pasila	FI
Pasilaiciai	LT
Pasing	DE
Pasinler	TR
Pasir Gudang	MY
Pasir Mas	MY
Pasir Puteh	MY
Pasir Ris New Town	SG
Paslek	PL
Pasni	PK
Paso Robles	US
Paso de Carrasco	UY
Paso de los Libres	AR
Paso de los Toros	UY
Paso del Macho	MX
Pasrur	PK
Passa Quatro	BR
Passa e Fica	BR
Passagem Franca	BR
Passaic	US
Passau	DE
Passi	PH
Passira	BR
Passo Fundo	BR
Passo de Camaragibe	BR
Passo de Torres	BR
Passos	BR
Passy	FR
Pastavy	BY
Pasteur	FR
Pasthal	IN
Pasto	CO
Pastores	GT
Pastos Bons	BR
Pasuruan	ID
Paszto	HU
Pat Heung	HK
Patacamaya	BO
Patamundai	IN
Patan	NP
Patancheru	IN
Patapo	PE
Patarra	CR
Pataskala	US
Pataudi	IN
Patchogue	US
Patdi	IN
Paterna	ES
Paterno	IT
Pateros	PH
Paterson	US
Pathalgaon	IN
Pathanamthitta	IN
Pathankot	IN
Pathardi	IN
Pathardih	IN
Patharia	IN
Pathein	MM
Pathirappally	IN
Pathri	IN
Pathsala	IN
Pathum Thani	TH
Pathum Wan	TH
Pati	ID
Patia	CO
Patiala	IN
Patiali	IN
Patigi	NG
Patiriyat	IN
Pativilca	PE
Patiya	BD
Patna	IN
Patnagarh	IN
Patnos	TR
Pato Branco	BR
Patola	FI
Patong	TH
Patos	BR
Patos Fshat	AL
Patos de Minas	BR
Patra	GR
Patran	IN
Patrasaer	IN
Patratu	IN
Patrocinio	BR
Patrocinio Paulista	BR
Pattamadai	IN
Pattambi	IN
Pattan	IN
Pattani	TH
Pattaya	TH
Pattensen	DE
Patterson	US
Patti	IN
Pattiyurgramam	IN
Pattoki	PK
Pattukkottai	IN
Pattyam	IN
Patu	BR
Patuakhali	BD
Patulul	GT
Patur	IN
Patuto	PH
Patuvilayi	IN
Paty do Alferes	BR
Patzcuaro	MX
Patzicia	GT
Patzun	GT
Pau	FR
Pau dos Ferros	BR
Paudalho	BR
Pauini	BR
Pauk Kone	MM
Paulinia	BR
Paulino Neves	BR
Paulista	BR
Paulistana	BR
Paullo	IT
Paulo Afonso	BR
Paulo Ramos	BR
Paulpietersburg	ZA
Paung	MM
Paungde	MM
Pauri	IN
Pavaratti	IN
Paveh	IR
Pavia	IT
Pavlikeni	BG
Pavlodar	KZ
Pavlohrad	UA
Pavlovo	RU
Pavlovsk	RU
Pavlovskaya	RU
Pavlovskiy Posad	RU
Pavugada	IN
Pavuluru	IN
Pawai	IN
Pawayan	IN
Pawgan	MM
Pawni	IN
Pawtucket	US
Paxtakor Shahri	UZ
Paxtaobod	UZ
Paya Lebar	SG
Paya Terubong	MY
Payakaraopeta	IN
Payakumbuh	ID
Payande	CO
Payariq Shahri	UZ
Payathonzu	MM
Payocpoc Sur	PH
Paysandu	UY
Payshamba Shahri	UZ
Payson	US
Payyanur	IN
Paz de Ariporo	CO
Pazarcik	TR
Pazardzhik	BG
Pazhanji	IN
Pazundaung	MM
Pe de Serra	BR
Peabiru	BR
Peabody	US
Peacehaven	GB
Peachtree City	US
Peachtree Corners	US
Peakhurst	AU
Pearl	US
Pearl City	US
Pearl River	US
Pearland	US
Pebane	MZ
Pecan Grove	US
Pecangaan	ID
Pecanha	BR
Pecel	HU
Pechea	RO
Pechersk	UA
Pechora	RU
Pechory	RU
Pecica	RO
Peckham	GB
Pecs	HU
Pedana	IN
Pedappai	IN
Pedara	IT
Peddaboddepalle	IN
Peddanayakkanpalaiyam	IN
Peddapalli	IN
Peddapuram	IN
Pedernales	DO
Pederneiras	BR
Pedersoere	FI
Pedley	US
Pedra	BR
Pedra Azul	BR
Pedra Badejo	CV
Pedra Branca	BR
Pedra Branca do Amapari	BR
Pedra Preta	BR
Pedralbes	ES
Pedralva	BR
Pedras de Fogo	BR
Pedras de Maria da Cruz	BR
Pedregal	PA
Pedregulho	BR
Pedreira	BR
Pedreiras	BR
Pedro	KY
Pedro Afonso	BR
Pedro Alexandre	BR
Pedro Betancourt	CU
Pedro Canario	BR
Pedro Carbo	EC
Pedro II	BR
Pedro Juan Caballero	PY
Pedro Leopoldo	BR
Pedro Meoqui	MX
Pedro Velho	BR
Pedro de Toledo	BR
Pedro do Rosario	BR
Pedroso	PT
Pedroucos	PT
Peekskill	US
Peer	BE
Pefka	GR
Pefki	GR
Pegnitz	DE
Pego	ES
Pehladpur Bangar	IN
Pehonko	BJ
Pehowa	IN
Pehuajo	AR
Peicheng	CN
Peine	DE
Peissenberg	DE
Peiting	DE
Peixing	CN
Peixoto de Azevedo	BR
Peje	XK
Pekalongan	ID
Pekan	MY
Pekan Bahapal	ID
Pekan Nenas	MY
Pekanbaru	ID
Pekin	US
Pekon	MM
Pelabuhan Klang	MY
Pelabuhanratu	ID
Pelahiivka	UA
Pelawal	IN
Pelaya	CO
Pelengana	ML
Pelentong	MY
Pelezi	CI
Pelham	US
Pelhrimov	CZ
Peligros	ES
Pelileo	EC
Peliyagoda	LK
Pell City	US
Pella	US
Pellaro	IT
Pelmo Park-Humberlea	CA
Pelotas	BR
Pelsall	GB
Pemagatshel	BT
Pemalang	ID
Pemangkat	ID
Pematangsiantar	ID
Pemba	MZ
Pembroke	CA
Pembroke Parish	BM
Pembroke Pines	US
Pen	IN
Pena Grande	ES
Penaflor	CL
Penaga	MY
Penal	TT
Penalolen	CL
Penalva	BR
Penapolis	BR
Penaranda	PH
Penarroya-Pueblonuevo	ES
Penarth	GB
Penco	CL
Pendang	MY
Pendencias	BR
Pendino	IT
Pendleton	US
Pendra	IN
Pendrecht	NL
Penedo	BR
Penetanguishene	CA
Peng Siang	SG
Pengcheng	CN
Pengerang	MY
Pengkalan Batu	BN
Pengkalan Chepa	MY
Pengpu	CN
Pengze	CN
Penha	BR
Penha de Franca	IN
Peniche	PT
Penicuik	GB
Penig	DE
Penistone	GB
Penja	CM
Penjamo	MX
Penn Hills	US
Pennadam	IN
Pennagaram	IN
Pennathur	IN
Pennsauken	US
Pennsport	US
Pennsville	US
Penonome	PA
Penrith	GB
Pensacola	US
Penshurst	AU
Pentecoste	BR
Penticton	CA
Penugonda	IN
Penukonda	IN
Penwood	JM
Penza	RU
Penzance	GB
Penzberg	DE
Penzing	AT
Peoria	US
Pepa	CD
Peqin	AL
Perafita	PT
Peragam	IN
Perai	MY
Peraia	GR
Peraiyur	IN
Peralassery	IN
Perama	GR
Peramangalam	IN
Perambalur	IN
Peranampattu	IN
Peravurani	IN
Perbaungan	ID
Perchtoldsdorf	AT
Percut	ID
Perdigao	BR
Perdizes	BR
Perdoes	BR
Perehinske	UA
Pereiaslav	UA
Pereira	CO
Pereira Barreto	BR
Pereiro	BR
Perere	BJ
Pereslavl'-Zalesskiy	RU
Peresvet	RU
Perevalsk	UA
Perez	AR
Pergamino	AR
Pergamos	CY
Pergine Valsugana	IT
Peri Mirim	BR
Periban de Ramos	MX
Perico	CU
Perier	FR
Perigueux	FR
Peringat	MY
Peringathur	IN
Peringottupulam	IN
Perinjanam	IN
Perintalmanna	IN
Peristeri	GR
Peritoro	BR
Periya Semur	IN
Periyakoduveri	IN
Periyakottai	IN
Periyakulam	IN
Periyanayakkanpalaiyam	IN
Periyapatti	IN
Perleberg	DE
Perling	MY
Perm	RU
Permatang Kuching	MY
Pernes-les-Fontaines	FR
Pernik	BG
Perola	BR
Perole	IN
Perote	MX
Perpignan	FR
Perrelos	PH
Perris	US
Perry	US
Perry Hall	US
Perry Vale	GB
Perrysburg	US
Persembe	TR
Persianovka	RU
Perth	AU
Perth Amboy	US
Perth city centre	AU
Pertuis	FR
Peru	US
Perugia	IT
Peruibe	BR
Perumahan Negara Panchor	BN
Perumanna	IN
Perumbaikad	IN
Perumbavoor	IN
Perumpavur	IN
Perunad	IN
Perundurai	IN
Perungudi	IN
Perunkalattu	IN
Perur	IN
Perus	BR
Peruvallur	IN
Peruwelz	BE
Pervomaysk	UA
Pervomayskiy	RU
Pervouralsk	RU
Perya	IN
Pesaro	IT
Pescantina	IT
Pescara	IT
Pescaria Brava	BR
Peschanokopskoye	RU
Pescia	IT
Peshawar	PK
Peshkopi	AL
Peshtera	BG
Pesqueira	BR
Pessac	FR
Pest	HU
Pesterzsebet	HU
Pestlorinc	HU
Pestovo	RU
Pestujhely	HU
Petagas	MY
Petah Tiqva	IL
Petal	US
Petaling Jaya	MY
Petaluma	US
Petapa	GT
Petare	VE
Petatlan	MX
Petauke	ZM
Petawawa	CA
Petegem-aan-de-Leie	BE
Peterborough	GB
Peterhead	GB
Peterhof	RU
Peterlee	GB
Petersberg	DE
Petersburg	US
Petersfield	GB
Petershagen	DE
Petershausen-West	DE
Pethapur	IN
Petionville	HT
Petit Grabo	CI
Petit-Bourg	GP
Petite-Bourgogne	CA
Petite-Ile	RE
Petitgoa I	CI
Petlad	IN
Petlawad	IN
Peto	MX
Petrich	BG
Petrikov	BY
Petrila	RO
Petrinja	HR
Petrodvorets	RU
Petrogradka	RU
Petrolandia	BR
Petrolina	BR
Petropavl	KZ
Petropavlovsk-Kamchatsky	RU
Petropolis	BR
Petrosani	RO
Petroupolis	GR
Petrov Val	RU
Petrovaradin	RS
Petrovsk	RU
Petrovsk-Zabaykal'skiy	RU
Petrovskaya	RU
Petrovske	UA
Petrozavodsk	RU
Petrusburg	ZA
Petrzalka	SK
Petukhovo	RU
Petushki	RU
Petworth	US
Pezinok	SK
Pfaeffikon	CH
Pfaffenhofen an der Ilm	DE
Pfarrkirchen	DE
Pflugerville	US
Pforzheim	DE
Pfullendorf	DE
Pfullingen	DE
Pfungstadt	DE
Pfutsero	IN
Phagwara	IN
Phai Sali	TH
Phak Hai	TH
Phalaborwa	ZA
Phalauda	IN
Phalia	PK
Phalodi	IN
Phaltan	IN
Phan Rang-Thap Cham	VN
Phan Thiet	VN
Phan Thong	TH
Phanat Nikhom	TH
Phanom Sarakham	TH
Phanom Thuan	TH
Phaphund	IN
Pharr	US
Phasi Charoen	TH
Phatthalung	TH
Phaya Thai	TH
Phayakkhaphum Phisai	TH
Phayao	TH
Phayuha Khiri	TH
Phek	IN
Phelan	US
Phenix City	US
Phetchabun	TH
Phetchaburi	TH
Phibun Mangsahan	TH
Phichit	TH
Philadelphia	US
Philippsburg	DE
Phillaur	IN
Phillipsburg	US
Phimai	TH
Phirangipuram	IN
Phitsanulok	TH
Phnom Penh	KH
Pho Thong	TH
Pho Yen	VN
Phoenix	US
Phoenixville	US
Phola	ZA
Phomolong	ZA
Phon	TH
Phon Charoen	TH
Phong GJien	VN
Phong Thanh	VN
Phongsali	LA
Phool Nagar	PK
Photharam	TH
Phra Khanong	TH
Phra Nakhon	TH
Phra Nakhon Si Ayutthaya	TH
Phra Phutthabat	TH
Phra Pradaeng	TH
Phrae	TH
Phrai Bueng	TH
Phu GJo	VN
Phu Khiao	TH
Phu Khuong	VN
Phu Kradueng	TH
Phu Ly	VN
Phu My	VN
Phu Quoc	VN
Phu Quy	VN
Phu Tho	VN
Phu Tuc	VN
Phuc Yen	VN
Phuket	TH
Phulbani	IN
Phulera	IN
Phuljhuri	BD
Phulpur	IN
Phultala	BD
Phulwari Sharif	IN
Phum Anlung Vil	KH
Phumi Ampil Leu	KH
Phumi Angkor Borei	KH
Phumi Anhchaeum	KH
Phumi Tnaot	KH
Phumi Veal Sre	KH
Phumi Veal Tonsay	KH
Phumi Youl Toung	KH
Phung Nghia	VN
Phuntsholing	BT
Phuoc An	VN
Phuoc Hoa	VN
Phup Kalan	IN
Phusro	IN
Phuthaditjhaba	ZA
Piacabucu	BR
Piacenza	IT
Pianbai	CN
Pianco	BR
Pianezza	IT
Pianjiao	CN
Piano di Sorrento	IT
Pianura	IT
Piaseczno	PL
Piastow	PL
Piata	BR
Piatra Neamt	RO
Piazza	IT
Piazza Armerina	IT
Picanya	ES
Picarra	BR
Picassent	ES
Picayune	US
Pichari	PE
Picheng	CN
Pichilemu	CL
Pichor	IN
Pichucalco	MX
Pickering	CA
Pickerington	US
Picnic Point-North Lynnwood	US
Pico Rivera	US
Pico Truncado	AR
Picos	BR
Picpus	FR
Picsi	PE
Picui	BR
Pidhorodne	UA
Piduguralla	IN
Piecki-Migowo	PL
Piedade	BR
Piedecuesta	CO
Piedimonte Matese	IT
Piedmont	US
Piedras Negras	MX
Piekary Slaskie	PL
Pieksaemaeki	FI
Pien	BR
Piendamo	CO
Piera	ES
Pierre	US
Pierrefitte-sur-Seine	FR
Pierrefonds	CA
Pierrefonds-Roxboro	CA
Pierrelatte	FR
Piestany	SK
Piet Retief	ZA
Pietermaritzburg	ZA
Pietrasanta	IT
Pieve Emanuele	IT
Pigcawayan	PH
Pihani	IN
Pijijiapan	MX
Pijino del Carmen	CO
Pijnacker	NL
Pikalevo	RU
Pike Creek Valley	US
Pikesville	US
Piketberg	ZA
Pikine	SN
Pikit	PH
Pila	PL
Pilaite	LT
Pilani	IN
Pilao Arcado	BR
Pilar	AR
Pilar de la Horadada	ES
Pilar do Sul	BR
Pilas	ES
Pilcomayo	PE
Pilczyce-Kozanow-Popowice Polnocne	PL
Pileru	IN
Pilibangan	IN
Pilibhit	IN
Pililla	PH
Pilis	HU
Pilisvoeroesvar	HU
Pilkhua	IN
Pillanallur	IN
Pilon	CU
Pilsen	CZ
Pimenta Bueno	BR
Pimenteiras	BR
Pimentel	PE
Pimlico	GB
Pimpri	IN
Pimpri-Chinchwad	IN
Pinahat	IN
Pinamalayan	PH
Pinamungahan	PH
Pinar de Chamartin	ES
Pinar del Rey	ES
Pinar del Rio	CU
Pinarayi	IN
Pinarbasi	TR
Pinarhisar	TR
Pinas	EC
Pincourt	CA
Pinczow	PL
Pind Dadan Khan	PK
Pindai	BR
Pindamonhangaba	BR
Pindare-Mirim	BR
Pindi Bhattian	PK
Pindi Gheb	PK
Pindiga	NG
Pindobacu	BR
Pindorama	BR
Pindoretama	BR
Pindwara	IN
Pine Bluff	US
Pine Castle	US
Pine Hill	US
Pine Hills	US
Pinecrest	US
Pineda de Mar	ES
Pinehurst	US
Pinellas Park	US
Pinerolo	IT
Pinetown	ZA
Pineville	US
Pinewood	US
Piney Green	US
Ping Shan	HK
Ping'an	CN
Pingawan	IN
Pingba	CN
Pingdingshan	CN
Pingdu	CN
Pingjin	CN
Pingkai	CN
Pingli	CN
Pingliang	CN
Pingnan	CN
Pingqiao	CN
Pingshan	CN
Pingtan	CN
Pingwu County	CN
Pingxiang	CN
Pingyi	CN
Pingyin	CN
Pingzhuang	CN
Pinhais	BR
Pinhal Novo	PT
Pinhalzinho	BR
Pinhao	BR
Pinheiral	BR
Pinheiro	BR
Pinheiro Machado	BR
Pinheiros	BR
Pinhou	CI
Pinillos	CO
Pinjaur	IN
Pinneberg	DE
Pinner	GB
Pinole	US
Pinos Puente	ES
Pinotepa Nacional	MX
Pinsk	BY
Pintadas	BR
Pinto	ES
Pinxton	GB
Pio	PH
Pio Duran	PH
Pio IX	BR
Pio XII	BR
Pioltello	IT
Piombino	IT
Pionerskiy	RU
Pionki	PL
Piossasco	IT
Piotrkow Trybunalski	PL
Piove di Sacco-Piovega	IT
Piovera	ES
Pipa	CN
Pipar	IN
Piparia	IN
Pipili	IN
Piplya Kumar	IN
Pipraich	IN
Pipri	IN
Piqua	US
Piquet Carneiro	BR
Piquete	BR
Pir Bakran	IR
Pir Jo Goth	PK
Pir Mahal	PK
Piracaia	BR
Piracanjuba	BR
Piracicaba	BR
Piracuruca	BR
Pirae	PF
Piraeus	GR
Pirai	BR
Pirai do Norte	BR
Pirai do Sul	BR
Piraju	BR
Pirajui	BR
Pirallahi	AZ
Pirane	AR
Piranga	BR
Pirangi	BR
Pirangut	IN
Piranhas	BR
Piranshahr	IR
Piranvadi	IN
Pirapemas	BR
Pirapetinga	BR
Pirapora	BR
Pirapora do Bom Jesus	BR
Pirapozinho	BR
Piraquara	BR
Pirassununga	BR
Piratini	BR
Piratininga	BR
Pirauba	BR
Piravam	IN
Pirawa	IN
Pirayiri	IN
Pirenopolis	BR
Pires Ferreira	BR
Pires do Rio	BR
Pirgaaj	BD
Piribebuy	PY
Piripiri	BR
Piritiba	BR
Piritu	VE
Pirituba	BR
Piriyapatna	IN
Pirkkala	FI
Pirmasens	DE
Pirna	DE
Piro	IN
Pirojpur	BD
Pirot	RS
Pirque	CL
Pirthipur	IN
Pirzadaguda	IN
Pisa	IT
Piscataway	US
Piscinola	IT
Pisco	PE
Pisek	CZ
Pishin	PK
Pishva	IR
Piskent	UZ
Pisochyn	UA
Pissila	BF
Pistoia	IT
Pisz	PL
Pita	GN
Pita Kotte	LK
Pitaejaenmaeki	FI
Pital	CO
Pitalito	CO
Pitanga	BR
Pitangueiras	BR
Pitangui	BR
Pitea	SE
Pitesti	RO
Pithampur	IN
Pithapuram	IN
Pithoragarh	IN
Pitimbu	BR
Pitkyaranta	RU
Pitoa	CM
Piton Saint-Leu	RE
Pitou	TW
Pitrufquen	CL
Pitsea	GB
Pitt Meadows	CA
Pittsburg	US
Pittsburgh	US
Pittsfield	US
Pittwater	AU
Piuma	BR
Piumhi	BR
Piura	PE
Pivdenne	UA
Pivdennoukrainsk	UA
Pivijay	CO
Pivnichna Saltivka	UA
Pivnichne	UA
Pivnichni Osokorky	UA
Pivnichno-Brovarskyi Masyv	UA
Pizarro	CO
Pizhou	CN
Plac Grunwaldzki	PL
Placas	BR
Placentia	US
Placer	PH
Placerville	US
Placetas	CU
Placido de Castro	BR
Plaenterwald	DE
Plaine Magnien	MU
Plaine du Var	FR
Plainfield	US
Plainview	US
Plainville	US
Plaisance-du-Touch	FR
Plaisir	FR
Plan de Ayala	MX
Plan-de-Cuques	FR
Plan-les-Ouates	CH
Planadas	CO
Planaltina	BR
Planalto	BR
Planegg	DE
Planeta Rica	CO
Plano	US
Plano Piloto	BR
Plant City	US
Plantation	US
Planura	BR
Plaridel	PH
Plasencia	ES
Plast	RU
Platnirovskaya	RU
Plato	CO
Platon Sanchez	MX
Platteville	US
Plattling	DE
Plattsburgh	US
Plauen	DE
Plavsk	RU
Playa Blanca	ES
Playa del Carmen	MX
Playa del Ingles	ES
Playas	EC
Playas del Rosario	MX
Plaza Huincul	AR
Plaza de la Revolucion	CU
Pleasant Grove	US
Pleasant Hill	US
Pleasant Plains	US
Pleasant Prairie	US
Pleasant View	CA
Pleasanton	US
Pleasantville	US
Pleasure Ridge Park	US
Pleebo City	LR
Pleiku	VN
Plerin	FR
Plesetsk	RU
Pleszew	PL
Plettenberg	DE
Plettenberg Bay	ZA
Pleven	BG
Pljevlja	ME
Plochingen	DE
Plock	PL
Ploemeur	FR
Ploen	DE
Ploiesti	RO
Plonsk	PL
Plottier	AR
Ploufragan	FR
Plougastel-Daoulas	FR
Plouzane	FR
Plovdiv	BG
Plover	US
Plum	US
Plumbon	ID
Plumstead	GB
Plumtree	ZW
Plunge	LT
Plymouth	GB
Plymstock	GB
Po	BF
Poa	BR
Pobe	BJ
Poblacion, San Felipe	PH
Poble Sec	ES
Pocao	BR
Pocao de Pedras	BR
Pocatello	US
Pochampalli	IN
Pochep	RU
Pochinki	RU
Pocinhos	BR
Pocito	AR
Pocking	DE
Poco Branco	BR
Poco Fundo	BR
Poco Redondo	BR
Poco Verde	BR
Poco das Trincheiras	BR
Pocoes	BR
Pocone	BR
Pocos de Caldas	BR
Pocri	PA
Podaturpet	IN
Podebrady	CZ
Podgorica	ME
Podil	UA
Podili	IN
Podilsk	UA
Podilskyi	UA
Podoli	CZ
Podolsk	RU
Podor	SN
Podporozh'ye	RU
Podujeva	XK
Podunajske Biskupice	SK
Poessneck	DE
Pogar	RU
Poggibonsi	IT
Poggiomarino	IT
Poggioreale	IT
Pogo	CI
Pogradec	AL
Pogranichnyy	RU
Pohang	KR
Pohjois-Hervanta	FI
Poiana Mare	RO
Poinciana	US
Poing	DE
Point Breeze	US
Point Cook	AU
Point Fortin	TT
Point Pedro	LK
Point Pleasant	US
Pointe-Claire	CA
Pointe-Noire	CG
Pointe-Saint-Charles	CA
Pointe-a-Pitre	GP
Poio	ES
Poissy	FR
Poitiers	FR
Pojuca	BR
Pok Fu Lam	HK
Pok Hong	HK
Pokachi	RU
Pokaran	IN
Pokhara	NP
Pokhvistnevo	RU
Pokok Sena	MY
Pokola	CG
Pokrov	UA
Pokrovka	RU
Pokrovsk	UA
Pokrovskoye	RU
Pokrovskoye-Streshnevo	RU
Pola de Lena	ES
Pola de Siero	ES
Polaia Kalan	IN
Polanco	MX
Polangui	PH
Polasara	IN
Polatli	TR
Polavaram	IN
Polazna	RU
Poldasht	IR
Poldokhtar	IR
Polevskoy	RU
Polewali	ID
Police	PL
Polichalur	IN
Polichni	GR
Policoro	IT
Polignano a Mare	IT
Polkowice	PL
Poll	DE
Pollachi	IN
Pollena Trocchia	IT
Pollenca	ES
Polo Nord	IT
Polohy	UA
Polokwane	ZA
Polomolok	PH
Polonnaruwa	LK
Polonne	UA
Polonuevo	CO
Polotsk	BY
Poltava	UA
Polur	IN
Polyarnyy	RU
Polyarnyye Zori	RU
Polygyros	GR
Polysayevo	RU
Pom Prap Sattru Phai	TH
Pomasqui	EC
Pomaz	HU
Pombal	BR
Pombos	BR
Pomerode	BR
Pomezia	IT
Pomigliano d'Arco	IT
Pomoca	MX
Pomona	US
Pomorie	BG
Pompano Beach	US
Pompei	IT
Pompeia	BR
Pompeu	BR
Pompton Lakes	US
Ponca City	US
Ponce	PR
Poncitlan	MX
Ponda	IN
Ponders End	GB
Ponduru	IN
Ponedera	CO
Ponferrada	ES
Pong	TH
Pongch'on-up	KP
Poniatowa	PL
Ponmana	IN
Ponmundam	IN
Ponnamaravati	IN
Ponnampatti	IN
Ponnani	IN
Ponneri	IN
Ponnur	IN
Ponnuru	IN
Ponorogo	ID
Ponsacco	IT
Pont-Saint-Esprit	FR
Pont-Sainte-Maxence	FR
Pont-Viau	CA
Pont-a-Celles	BE
Pont-a-Mousson	FR
Ponta Delgada	PT
Ponta Grossa	BR
Ponta Pora	BR
Ponta de Pedras	BR
Pontal	BR
Pontal do Parana	BR
Pontalina	BR
Pontarlier	FR
Pontault-Combault	FR
Pontbuiten	SR
Ponte Nova	BR
Ponte Rasa	BR
Ponte San Nicolo	IT
Ponte San Pietro	IT
Ponte Serrada	BR
Ponte Vedra Beach	US
Ponte de Lima	PT
Ponte de Sor	PT
Ponteareas	ES
Pontecagnano	IT
Pontedera	IT
Pontefract	GB
Ponteland	GB
Pontes e Lacerda	BR
Pontevedra	ES
Ponthierry	FR
Pontiac	US
Pontian Besar	MY
Pontianak	ID
Ponticelli	IT
Pontinha	PT
Pontivy	FR
Ponto Novo	BR
Ponto dos Volantes	BR
Pontoise	FR
Pontypool	GB
Pontypridd	GB
Ponzano	IT
Poole	GB
Pooler	US
Poomangalam	IN
Poonamalle	IN
Poortje	ZA
Pop	UZ
Popasna	UA
Popayan	CO
Poperinge	BE
Popesti-Leordeni	RO
Poplar Bluff	US
Popondetta	PG
Popovo	BG
Poppenbuettel	DE
Poprad	SK
Poptun	GT
Poquoson	US
Por do Sol	BR
Porac	PH
Poranga	BR
Porangaba	BR
Porangatu	BR
Poranki	IN
Porathissery	IN
Porbandar	IN
Porcia	IT
Porciuncula	BR
Pordenone	IT
Porecatu	BR
Pori	FI
Porirua	NZ
Porkhov	RU
Porlamar	VE
Pornic	FR
Pornichet	FR
Poronaysk	RU
Porrino	ES
Porsa	IN
Porsgrunn	NO
Port Alberni	CA
Port Alfred	ZA
Port Angeles	US
Port Antonio	JM
Port Area	PH
Port Arthur	US
Port Augusta	AU
Port Blair	IN
Port Charlotte	US
Port Chester	US
Port Colborne	CA
Port Coquitlam	CA
Port Dickson	MY
Port Glasgow	GB
Port Harcourt	NG
Port Hedland	AU
Port Hope	CA
Port Hueneme	US
Port Huron	US
Port Kennedy	AU
Port Lavaca	US
Port Lincoln	AU
Port Loko	SL
Port Louis	MU
Port Macquarie	AU
Port Melbourne	AU
Port Moody	CA
Port Moresby	PG
Port Neches	US
Port Orange	US
Port Orchard	US
Port Pirie	AU
Port Richmond	US
Port Royal	US
Port Said	EG
Port Saint John	US
Port Saint Lucie	US
Port Salerno	US
Port Shepstone	ZA
Port Sudan	SD
Port Victoria	KE
Port Washington	US
Port of Spain	TT
Port-Gentil	GA
Port-Vila	VU
Port-au-Prince	HT
Port-de-Bouc	FR
Port-de-Paix	HT
Porta	ES
Porta Palazzo	IT
Porta Westfalica	DE
Portachuelo	BO
Portadown	GB
Portage	US
Portage Park	US
Portage la Prairie	CA
Portalegre	PT
Portales	US
Portao	BR
Portazgo	ES
Porte Saint-Denis	FR
Porte Saint-Martin	FR
Porteiras	BR
Porteirinha	BR
Portel	BR
Porterville	US
Porthcawl	GB
Portici	IT
Porticos de San Antonio	MX
Portimao	PT
Portishead	GB
Portland	US
Portlaoise	IE
Portmore	JM
Porto	PT
Porto Acre	BR
Porto Alegre	BR
Porto Alegre do Norte	BR
Porto Amboim	AO
Porto Barra do Ivinheima	BR
Porto Belo	BR
Porto Calvo	BR
Porto Empedocle	IT
Porto Esperidiao	BR
Porto Feliz	BR
Porto Ferreira	BR
Porto Firme	BR
Porto Franco	BR
Porto Grande	BR
Porto Murtinho	BR
Porto Nacional	BR
Porto Novo	CV
Porto Real	BR
Porto Real do Colegio	BR
Porto Recanati	IT
Porto Salvo	PT
Porto San Giorgio	IT
Porto Sant'Elpidio	IT
Porto Seguro	BR
Porto Tolle	IT
Porto Torres	IT
Porto Uniao	BR
Porto Velho	BR
Porto Viro	IT
Porto Walter	BR
Porto da Folha	BR
Porto de Mos	PT
Porto de Moz	BR
Porto-Novo	BJ
Porto-Vecchio	FR
Portogruaro	IT
Portoviejo	EC
Portslade	GB
Portsmouth	GB
Portsmouth Heights	US
Portswood	GB
Portugalete	ES
Porur	IN
Porvoo	FI
Porz am Rhein	DE
Posadas	AR
Posillipo	IT
Poso	ID
Posorja	EC
Pospelikha	RU
Posse	BR
Post Falls	US
Post-Volynskyi	UA
Postmasburg	ZA
Posto da Mata	BR
Potchefstroom	ZA
Pote	BR
Potenza	IT
Poti	GE
Potim	BR
Potiragua	BR
Potirendaba	BR
Potiskum	NG
Potomac	US
Potosi	BO
Pototan	PH
Potreddipalli	IN
Potrerillos	HN
Potsdam	DE
Pottaneri Nallakavundanpatti	IN
Pottanur	IN
Potters Bar	GB
Potts Point	AU
Pottstown	US
Pottsville	US
Pottuvil	LK
Poughkeepsie	US
PoukhamUn	SN
Poulsbo	US
Poulton-le-Fylde	GB
Pouso Alegre	BR
Pouso Redondo	BR
Pout	SN
Pouytenga	BF
Povazska Bystrica	SK
Povoa de Santa Iria	PT
Povoa de Santo Adriao	PT
Povoa de Varzim	PT
Povorino	RU
Powai	IN
Poway	US
Powder Springs	US
Powell	US
Powell River	CA
Powstancow Slaskich Wschod	PL
Powstancow Slaskich Zachod-Centrum Poludniow	PL
Poxoreu	BR
Poyang	CN
Poykovskiy	RU
Poynton	GB
Poytug'	UZ
Poyya	IN
Poza Rica de Hidalgo	MX
Pozanti	TR
Pozarevac	RS
Pozega	HR
Poznan	PL
Pozniaky	UA
Pozo Almonte	CL
Pozoblanco	ES
Pozuelo de Alarcon	ES
Pozzallo	IT
Pozzo Strada	IT
Pozzuoli	IT
Prabumulih	ID
Prachantakham	TH
Prachatice	CZ
Prachin Buri	TH
Prachin Buri Town	TH
Prachuap Khiri Khan	TH
Pradera	CO
Pradl	AT
Prado	BR
Pradolongo	ES
Pradopolis	BR
Praga Polnoc	PL
Praga Poludnie	PL
Prague	CZ
Prahran	AU
Praia	CV
Praia Grande	BR
Prainha	BR
Prairie Ridge	US
Prairie Village	US
Prairieville	US
Prakhon Chai	TH
Praktiseer	ZA
Pran Buri	TH
Prantij	IN
Prasadampadu	IN
Praskoveya	RU
Prata	BR
Pratap Singhwala	IN
Pratapgarh	IN
Pratapsasan	IN
Prati	IT
Prato	IT
Pratteln	CH
Prattville	US
Pravdinskiy	RU
Praya	ID
Prayagraj	IN
Preaek Prasab	KH
Preetz	DE
Premia de Dalt	ES
Premia de Mar	ES
Premnitz	DE
Prenton	GB
Prenzlau	DE
Prenzlauer Berg Bezirk	DE
Prerov	CZ
Prescot	GB
Prescott	US
Prescott Valley	US
Presidencia Roque Saenz Pena	AR
Presidencia de la Plaza	AR
President Roxas	PH
Presidente Bernardes	BR
Presidente Dutra	BR
Presidente Epitacio	BR
Presidente Figueiredo	BR
Presidente Franco	PY
Presidente Getulio	BR
Presidente Janio Quadros	BR
Presidente Juscelino	BR
Presidente Kennedy	BR
Presidente Medici	BR
Presidente Olegario	BR
Presidente Prudente	BR
Presidente Sarney	BR
Presidente Tancredo Neves	BR
Presidente Vargas	BR
Presidente Venceslau	BR
Presnenskiy	RU
Presov	SK
Prestatyn	GB
Prestea	GH
Preston	GB
Preston Centre	CA
Prestons	AU
Prestwich	GB
Prestwick	GB
Pretoria	ZA
Preussisch Oldendorf	DE
Preveza	GR
Prevost	CA
Prey Veng	KH
Pribram	CZ
Pribrezhnyy	RU
Prichard	US
Pridonskoy	RU
Priego de Cordoba	ES
Prien am Chiemsee	DE
Prieska	ZA
Prievidza	SK
Prigen	ID
Prijedor	BA
Prilep	MK
Prilly	CH
Primavera	BR
Primeira Cruz	BR
Primeiro de Maio	BR
Primer Ensanche	ES
Primero de Enero	CU
Primorsko-Akhtarsk	RU
Primorskyi	UA
Primrose Place	GB
Prince Albert	CA
Prince Edward	CA
Prince George	CA
Prince Rupert	CA
Princes Town	TT
Princesa Isabel	BR
Princess-Rosethorn	CA
Princeton	US
Princeton Meadows	US
Principe	ES
Prinsenbeek	NL
Prinzenpark	DE
Priolo Gargallo	IT
Prior Lake	US
Priozersk	RU
Pristina	XK
Pritzwalk	DE
Priverno	IT
Privolzhsk	RU
Privolzhskiy	RU
Priyutovo	RU
Prizren	XK
Probishtip	MK
Probolinggo	ID
Procida	IT
Proddatur	IN
Profesor Carlos Hank Gonzalez	MX
Profesor Salvador Mazza	AR
Profondeville	BE
Progreso	MX
Progreso Industrial	MX
Progreso de Alvaro Obregon	MX
Progresso	IT
Project 6	PH
Prokhladnyy	RU
Prokhorovka	RU
Prokop'yevsk	RU
Prokuplje	RS
Proletar	TJ
Proletarsk	RU
Promissao	BR
Promontory	CA
Promyshlennaya	RU
Propria	BR
Prosek	CZ
Prospect	AU
Prospect Heights	US
Prosper	US
Prosperidad	PH
Prostejov	CZ
Protaras	CY
Prothrapur	IN
Proton City	MY
Protvino	RU
Provadia	BG
Provenals del Poblenou	ES
Providence	US
Providenciales	TC
Provins	FR
Provo	US
Prozor	BA
Prudente de Morais	BR
Prudentopolis	BR
Prudhoe	GB
Prudnik	PL
Prunedale	US
Pruszcz Gdanski	PL
Pruszkow	PL
Pruzhany	BY
Prydniprovsk	UA
Pryluky	UA
Prymorsk	UA
Prymorskyi	UA
Przasnysz	PL
Przedmiescie Olawskie	PL
Przedmiescie Swidnickie	PL
Przemysl	PL
Przeworsk	PL
Przymorze Male	PL
Przymorze Wielkie	PL
Psebay	RU
Psie Pole	PL
Psie Pole Zawidawie	PL
Pskov	RU
Pszczyna	PL
Pszow	PL
Ptolemaida	GR
Ptuj	SI
Pu'an	CN
Pu'er	CN
Puan	KR
Pubal	KR
Pucallpa	PE
Pucheng	CN
Puchheim	DE
Puchi	CN
Puchong	MY
Puchov	SK
Puchuan	CN
Pucioasa	RO
Puck	PL
Pucol	ES
Pucon	CL
Pudong	CN
Pudozh	RU
Pudsey	GB
Pudu	MY
Puducherry	IN
Pudukkottai	IN
Pudunagaram	IN
Pudupalayam	IN
Pudupattanam	IN
Puduppatti	IN
Pudur	IN
Pudusseri	IN
Pudussery West	IN
Puduvayal	IN
Puebla	MX
Pueblo	US
Pueblo Nuevo	ES
Pueblo Nuevo El Chivo	VE
Pueblo Rico	CO
Pueblo West	US
Pueblo Yaqui	MX
Puebloviejo	CO
Puente Alto	CL
Puente Nacional	CO
Puente de Ixtla	MX
Puente de Vallecas	ES
Puente-Genil	ES
Puerta Bonita	ES
Puerta del Angel	ES
Puerto Armuelles	PA
Puerto Asis	CO
Puerto Ayacucho	VE
Puerto Ayora	EC
Puerto Aysen	CL
Puerto Barrios	GT
Puerto Berrio	CO
Puerto Boyaca	CO
Puerto Cabello	VE
Puerto Cabezas	NI
Puerto Carreno	CO
Puerto Colombia	CO
Puerto Cortez	HN
Puerto Cumarebo	VE
Puerto Deseado	AR
Puerto El Triunfo	SV
Puerto Eldorado	AR
Puerto Escondido	MX
Puerto Escondido (Tepeolulco Puerto Escondido)	MX
Puerto Esperanza	AR
Puerto Francisco de Orellana	EC
Puerto Iguazu	AR
Puerto La Cruz	VE
Puerto Leguizamo	CO
Puerto Lopez	CO
Puerto Lumbreras	ES
Puerto Madryn	AR
Puerto Maldonado	PE
Puerto Montt	CL
Puerto Natales	CL
Puerto Padre	CU
Puerto Penasco	MX
Puerto Piritu	VE
Puerto Plata	DO
Puerto Princesa	PH
Puerto Quijarro	BO
Puerto Real	ES
Puerto Rico	CO
Puerto Salgar	CO
Puerto San Jose	GT
Puerto Santa	PE
Puerto Santander	CO
Puerto Suarez	BO
Puerto Tejada	CO
Puerto Triunfo	CO
Puerto Vallarta	MX
Puerto Varas	CL
Puerto Wilches	CO
Puerto de la Cruz	ES
Puerto del Carmen	ES
Puerto del Rosario	ES
Puertollano	ES
Puettlingen	DE
Pugachev	RU
Pugalur	IN
Pujali	IN
Puji	CN
Pujili	EC
Pukchil-lodongjagu	KP
Pukekohe East	NZ
Pukhrayan	IN
Pul Pehlad	IN
Pul-e 'Alam	AF
Pul-e Khumri	AF
Pula	HR
Pulai	MY
Pulakkod	IN
Pulambadi	IN
Pulandian	CN
Pulangudi	IN
Pulau Sebang	MY
Pulawy	PL
Pulgaon	IN
Pulheim	DE
Puli	TW
Pulilan	PH
Pulivendla	IN
Puliyankannu	IN
Puliyankudi	IN
Puliyur	IN
Pullambadi	IN
Pullman	US
Pullur	IN
Pully	CH
Pulo	PH
Pulong Santa Cruz	PH
Pultusk	PL
Pulue	CN
Pulupandan	PH
Puluvappatti	IN
Pulwama	IN
Puma	TZ
Pumwani	KE
Punaauia	PF
Punahana	IN
Punakha	BT
Punalur	IN
Punasa	IN
Punata	BO
Punch	IN
Punchbowl	AU
Pundong	ID
Pundri	IN
Pune	IN
Punganuru	IN
Punggol	SG
Puning	CN
Punitaqui	CL
Punjai Puliyampatti	IN
Punnayur	IN
Puno	PE
Punta Alta	AR
Punta Arenas	CL
Punta Cana	DO
Punta Cardon	VE
Punta Gorda	US
Punta Gorda Isles	US
Punta Umbria	ES
Punta de Mata	VE
Punta de Piedras	VE
Puntarenas	CR
Punto Fijo	VE
Pupiales	CO
Pupri	IN
Puqi	CN
Puqiakeqi	CN
Puquio	PE
Puraini	IN
Puranattukara	IN
Puranpur	IN
Purbalingga	ID
Puren	CL
Purepero de Echaiz	MX
Purfleet-on-Thames	GB
Puri	IN
Purificacion	CO
Purisima de Bustos	MX
Purisima de la Concepcion	CO
Purley	GB
Purmerend	NL
Purna	IN
Purnia	IN
Purral	CR
Purranque	CL
Pursat	KH
Puruandiro	MX
Puruliya	IN
Purushottampur	IN
Purwa	IN
Purwakarta	ID
Purwodadi	ID
Purwokerto	ID
Puryong-up	KP
Pusa	MY
Pusad	IN
Pushchino	RU
Pushkar	IN
Pushkin	RU
Pushkino	RU
Pushun	CN
Puspokladany	HU
Putaendo	CL
Putao	MM
Putatan	MY
Puteaux	FR
Puth Kalan	IN
Puth Khurd	IN
Puthencruz	IN
Puthenvelikara	IN
Puthia	BD
Puthukkad	IN
Puthuppally	IN
Puthuppariyaram	IN
Puthur	IN
Putian	CN
Putignano	IT
Putla Villa de Guerrero	MX
Putney	GB
Putra Heights	MY
Putrajaya	MY
Puttalam	LK
Puttankulam	IN
Putte	BE
Putten	NL
Puttur	IN
Putuo	CN
Putyvl	UA
Puurs	BE
Puvatuparamba	IN
Puxinana	BR
Puyallup	US
Puyang	CN
Puyang Chengguanzhen	CN
Puyo	EC
Puzhal	IN
Puzhathi	IN
Puzi	CN
Pweto	CD
Pyan Lel Nay Yar Cha Htar Ye	MM
Pyapon	MM
Pyatigorsk	RU
Pyatykhatky	UA
Pyawbwe	MM
Pyay	MM
Pyeongtaek	KR
Pyi Taw Thar	MM
Pyin Ma Pin	MM
Pyin Oo Lwin	MM
Pyinmana	MM
Pylaia	GR
Pyle	GB
Pymble	AU
Pyoksong-up	KP
Pyongyang	KP
Pyrgos	GR
Pyrmont	AU
Pyryatyn	UA
Pyrzyce	PL
Pyshma	RU
Pyskowice	PL
Pyt-Yakh	RU
Pyu	MM
Qa'em Shahr	IR
Qa'en	IR
Qabala	AZ
Qabatiyah	PS
Qabbasin	SY
Qabqa	CN
Qabula	PK
Qacha's Nek	LS
Qadian	IN
Qadirpur Ran	PK
Qaha	EG
Qahderijan	IR
Qaisumah	SA
Qal'at Sukkar	IQ
Qal`at Bishah	SA
Qalansuwa	IL
Qalat	AF
Qalqilyah	PS
Qalyub	EG
Qamdo	CN
Qana	LB
Qandala	SO
Qaracuxur	AZ
Qarah	SY
Qarah Bagh	AF
Qarah Zia' od Din	IR
Qaraqash	CN
Qarasu	CN
Qarawul	AF
Qarazhal	KZ
Qarchak	IR
Qarek	CN
Qarqin	AF
Qarquzah	LY
Qarshi	UZ
Qaryat Suluq	LY
Qashar	KZ
Qasr Bin Ghashir	LY
Qasr Khiyar	LY
Qasr al Qarabulli	LY
Qasr-e Qand	IR
Qatana	SY
Qax	AZ
Qayroqqum	TJ
Qazax	AZ
Qazvin	IR
Qeshm	IR
Qia'erbage	CN
Qianhai Bay Area	CN
Qianhu	CN
Qianjiang	CN
Qianliu	CN
Qiantang	CN
Qiaoguan	CN
Qiaotou	CN
Qibah	SA
Qibao	CN
Qibray	UZ
Qiemo	CN
Qift	EG
Qilian	CN
Qillin	EG
Qina	EG
Qincheng	CN
Qing'an	CN
Qingdao	CN
Qingfeng	CN
Qingfu	CN
Qinggang	CN
Qinglian	CN
Qinglong	CN
Qingnian	CN
Qingping	CN
Qingpu	CN
Qingquan	CN
Qingshanquan	CN
Qingsheng	CN
Qingshizui	CN
Qingshui	CN
Qingshuping	CN
Qingxi	CN
Qingxichang	CN
Qingyang	CN
Qingyuan	CN
Qingzhou	CN
Qinhuangdao	CN
Qinnan	CN
Qinting	CN
Qinzhou	CN
Qionghai	CN
Qionghu	CN
Qiongshan	CN
Qipan	CN
Qiqihar	CN
Qir	IR
Qir Moav	JO
Qiryat 'Eqron	IL
Qiryat Ata	IL
Qiryat Bialik	IL
Qiryat HaYovel	IL
Qiryat Mal'akhi	IL
Qiryat Tiv'on	IL
Qiryat Yam	IL
QiryatMotsqin	IL
QiryatShmona	IL
Qisha	CN
Qishan	CN
Qitaihe	CN
Qitang	CN
Qiuji	CN
Qiushan	CN
Qiziltepa	UZ
Qo'qon	UZ
Qo'shko'pir	UZ
Qo`rg`ontepa	UZ
Qobustan	AZ
Qom	IR
Qonce	ZA
Qongkur	CN
Qorasuv	UZ
Qormi	MT
Qorof	ET
Qorveh	IR
Qoryooley	SO
Quadrilatero	IT
Quakenbrueck	DE
Quakers Hill	AU
Qualiano	IT
Quan Ba	VN
Quan Bon	VN
Quan GJuc Thinh	VN
Quan Hau	VN
Quan Muoi	VN
Quan Muoi Mot	VN
Quan Nam	VN
Quan Sau	VN
Quang Minh	VN
Quang Ngai	VN
Quang Phu	VN
Quankou	CN
Quanzhou	CN
Quarai	BR
Quaregnon	BE
Quarry Bay	HK
Quart de Poblet	ES
Quarteira	PT
Quartier du Port	FR
Quartiere Otto	IT
Quarto	IT
Quarto Oggiaro	IT
Quartu Sant'Elena	IT
Quartucciu	IT
Quartz Hill	US
Quata	BR
Quatipuru	BR
Quatis	BR
Quatre Bornes	MU
Quatro Barras	BR
Quattromiglia	IT
Quba	AZ
Qubo Saeed Khan	PK
Quchan	IR
Quchi	CN
Quebec	CA
Quebrangulo	BR
Quecholac	MX
Quedas do Iguacu	BR
Quedlinburg	DE
Queen Creek	US
Queen's Park	GB
Queens	US
Queens Village	US
Queensborough	CA
Queensbury	US
Queensdale	ZA
Queenstown	ZA
Queenstown Estate	SG
Queenswood Heights	CA
Queimadas	BR
Queimados	BR
Quelfes	PT
Quelimane	MZ
Quellon	CL
Queluz	PT
Quemado de Gueines	CU
Quepem	IN
Querecotillo	PE
Querenburg	DE
Querencia	BR
Querencia do Norte	BR
Quesada	CR
Quetigny	FR
Quetta	PK
Quetzaltenango	GT
Quevedo	EC
Quezaltepeque	SV
Quezon	PH
Quezon City	PH
Qufu	CN
Qugaona	CN
Qui Nhon	VN
Quiapo	PH
Quibala	AO
Quibdo	CO
Quibor	VE
Quickborn	DE
Quierschied	DE
Quijingue	BR
Quilali	NI
Quilenda	AO
Quilicura	CL
Quillacollo	BO
Quillon	CL
Quillota	CL
Quilmes	AR
Quilombo	BR
Quilpue	CL
Quimbaya	CO
Quimili	AR
Quimoh	IN
Quimper	FR
Quimperle	FR
Quinchia	CO
Quincy	US
Quinta Do Conde	PT
Quintana	ES
Quintanar de la Orden	ES
Quinte West	CA
Quintero	CL
Quinze-Vingts	FR
Quipapa	BR
Quipungo	AO
Quirinopolis	BR
Quiroga	MX
Quisao	PH
Quispamsis	CA
Quisqueya	DO
Quissama	BR
Quissecula	AO
Quissico	MZ
Quitandinha	BR
Quiterianopolis	BR
Quitilipi	AR
Quito	EC
Quivican	CU
Quixada	BR
Quixelo	BR
Quixeramobim	BR
Quixere	BR
Qujing	CN
Qukou	CN
Qulsary	KZ
Qulukay	CN
Qunghirot	UZ
Qunli	CN
Qurayyat	SA
Qus	EG
Qusar	AZ
Qushi	CN
Qushui	CN
Quthbullapur	IN
Quthing	LS
Qutur	EG
Quva	UZ
Quvasoy	UZ
Quwaysina	EG
Quxu	CN
Quynh Loi	VN
Quzhang	CN
Quzhou	CN
R'kiz	MR
R.S. Pora	IN
Ra'anana	IL
Ra's Bayrut	LB
Ra-ngae	TH
Raahe	FI
Raalte	NL
Rabak	SD
Rabat	MA
Rabigh	SA
Rabinal	GT
Rabka-Zdroj	PL
Rabkavi	IN
Rabkavi-Banhatti	IN
Rabor	IR
Rabupura	IN
Rabwah	PK
Raceland	US
Rach Gia	VN
Rach Goc	VN
Raciborz	PL
Racine	US
Radaur	IN
Radauti	RO
Radcliff	US
Radcliffe	GB
Radeberg	DE
Radebeul	DE
Rades	TN
Radevormwald	DE
Radford	US
Radhakishorenagar	IN
Radhanpur	IN
Radlin	PL
Radnevo	BG
Radnor	US
Radolfzell	DE
Radom	PL
Radomir	BG
Radomsko	PL
Radomyshl	UA
Radovis	MK
Raduzhny	RU
Raduzhnyy	RU
Radviliskis	LT
Radyvyliv	UA
Radzionkow	PL
Radzyn Podlaski	PL
Raebareli	IN
Raesfeld	DE
Rafael Jambeiro	BR
Rafaela	AR
Rafah	PS
Raffadali	IT
Rafiganj	IN
Rafina	GR
Rafsanjan	IR
Raghogarh	IN
Raghudebbati	IN
Raghunathpur	IN
Ragusa	IT
Raha	ID
Rahachow	BY
Rahad al Bardi	SD
Rahanal	IN
Rahat	IL
Rahata	IN
Rahatgarh	IN
Rahden	DE
Rahim Yar Khan	PK
Rahimah	SA
Rahimatpur	IN
Rahlstedt	DE
Rahon	IN
Rahuri	IN
Rahway	US
Raia	IN
Raichur	IN
Raiganj	IN
Raigarh	IN
Raikot	IN
Rainham	GB
Rainhill	GB
Rainville	SR
Raipur	IN
Raipur Domana	IN
Rairangpur	IN
Rais Hamidou	DZ
Raisen	IN
Raisinghnagar	IN
Raisio	FI
Raismes	FR
Raiwind	PK
Raj Pur Khurd	IN
Raj-Nandgaon	IN
Raja Jang	PK
Raja Pur Khurd	IN
Raja Ranapur	IN
Raja Sansi	IN
Rajakhera	IN
Rajakheri	IN
Rajakilpakkam	IN
Rajal Norte	PH
Rajaldesar	IN
Rajamahendravaram	IN
Rajanpur	PK
Rajaori	IN
Rajapalayam	IN
Rajapolah	ID
Rajapur	IN
Rajasingamangalam	IN
Rajauli	IN
Rajbiraj	NP
Rajgamar	IN
Rajgangpur	IN
Rajgarh	IN
Rajgir	IN
Rajgurunagar	IN
Rajim	IN
Rajin	KP
Rajkot	IN
Rajmahal	IN
Rajnagar	IN
Rajopatti urf Kota Bazar	IN
Rajpipla	IN
Rajpur	IN
Rajpur Sonarpur	IN
Rajpura	IN
Rajsamand	IN
Rajshahi	BD
Rajula	IN
Rajur	IN
Rajura	IN
Rakhiv	UA
Rakitnoye	RU
Rakkiyapalaiyam	IN
Rakoscsaba	HU
Rakoscsaba-Ujtelep	HU
Rakoshegy	HU
Rakoskeresztur	HU
Rakospalota	HU
Rakosszentmihaly	HU
Rakovnik	CZ
Rakovski	BG
Rakvere	EE
Raleigh	US
Rama	NI
Ramacca	IT
Ramachandrapuram	IN
Ramachandrapuran	IN
Ramachettipalaiyam	IN
Ramada	PT
Ramadi	IQ
Ramagundam	IN
Ramallah	PS
Raman	IN
Ramanapeta	IN
Ramanathapuram	IN
Ramanattukara	IN
Ramanayyapeta	IN
Ramanuj Ganj	IN
Ramapuram	IN
Ramat Gan	IL
Ramat HaSharon	IL
Ramavarappadu	IN
Rambha	IN
Rambouillet	FR
Ramdurg	IN
Ramenki	RU
Ramenskoye	RU
Rameswaram	IN
Ramganj	BD
Ramganj Mandi	IN
Ramgarh	IN
Ramgundam	IN
Ramhormoz	IR
Ramjibanpur	IN
Ramkola	IN
Ramla	IL
Ramna Maidan	BD
Ramnagar	IN
Ramnicu Sarat	RO
Ramnicu Valcea	RO
Ramon	PH
Ramona	US
Ramonville-Saint-Agne	FR
Ramos	PH
Ramos Arizpe	MX
Ramotswa	BW
Rampachodavaram	IN
Rampur	IN
Rampur Hat	IN
Rampura	IN
Rampura Phul	IN
Ramsar	IR
Ramsbottom	GB
Ramsey	US
Ramsgate	GB
Ramshir	IR
Ramtek	IN
Ramu	KE
Ranaghat	IN
Ranam	KP
Ranapur	IN
Ranau	MY
Ranavav	IN
Rancagua	CL
Rancharia	BR
Ranchi	IN
Rancho Cordova	US
Rancho Cucamonga	US
Rancho Mirage	US
Rancho Palos Verdes	US
Rancho Penasquitos	US
Rancho San Diego	US
Rancho Santa Margarita	US
Ranchuelo	CU
Randallstown	US
Randburg	ZA
Randers	DK
Randfontein	ZA
Randolph	US
Randudongkal	ID
Randwick	AU
Ranebennur	IN
Rangamati	BD
Rangapara	IN
Rangat	IN
Rangdu	CN
Rangel	AO
Rangia	IN
Rangiora	NZ
Rangiro	RW
Rangkasbitung	ID
Rangpo	IN
Rangpur	BD
Rani	IN
Rani Khera	IN
Rania	IN
Raniganj	IN
Ranikhet	IN
Ranipet	IN
Ranipur	PK
Ranir Bazar	IN
Ranjangaon S	IN
Rankweil	AT
Rano	NG
Ranoli	IN
Ranong	TH
Ranot	TH
Ranpur	IN
Ransiki	ID
Ranst	BE
Rantauprapat	ID
Rantepao	ID
Rantoul	US
Ranzan	JP
Raojan	BD
Rapallo	IT
Rapar	IN
Rapid City	US
Raposa	BR
Raposo Tavares	BR
Raposos	BR
Rapperswil	CH
Raqo	ET
Ras Al Khaimah	AE
Ras Gharib	EG
Ras Tanura	SA
Ras el Aioun	DZ
Ras el Ma	MA
Ras el Oued	DZ
Ras el-Barr	EG
Rasak	IR
Rasapudipalem	IN
Raseborg	FI
Rasht	IR
Rasipuram	IN
Rasnov	RO
Rasos	LT
Rasra	IN
Rass el Djebel	TN
Rasskazovo	RU
Rastatt	DE
Rastede	DE
Rastrick	GB
Rasulnagar	PK
Rasunda	SE
Rat Burana	TH
Ratangarh	IN
Ratannagar	IN
Ratanpur	IN
Ratchaburi	TH
Ratchathewi	TH
Ratekau	DE
Rath	IN
Rathenow	DE
Rathfarnham	IE
Rathmines	IE
Ratia	IN
Ratingen	DE
Ratlam	IN
Ratnagiri	IN
Ratnapura	LK
Ratodero	PK
Ratu	IN
Ratzeburg	DE
Raub	MY
Raubling	DE
Raul Soares	BR
Rauma	FI
Raunheim	DE
Raurkela Industrial Township	IN
Raval	IN
Ravanusa	IT
Ravapara	IN
Ravar	IR
Ravels	BE
Ravenna	IT
Ravensburg	DE
Raver	IN
Ravu	IN
Rawa Mazowiecka	PL
Rawah	IQ
Rawai	TH
Rawalakot	PK
Rawalpindi	PK
Rawang	MY
Rawatbhata	IN
Rawatsar	IN
Rawicz	PL
Rawmarsh	GB
Rawson	AR
Rawtenstall	GB
Raxaul	IN
Raya	IN
Rayachoti	IN
Rayadrug	IN
Rayagada	IN
Rayagiri	IN
Raybag	IN
Raychikhinsk	RU
Rayduzhnyi Masyv	UA
Rayevskiy	RU
Rayleigh	GB
Raymond Terrace	AU
Raymondville	US
Raymore	US
Raynham	US
Rayon KTZ	UA
Rayong	TH
Rayside-Balfour	CA
Raytown	US
Razam	IN
Razampeta	IN
Razgrad	BG
Razlog	BG
Razole	IN
Razumnoye	RU
Razzakov	KG
Reading	GB
Real	PT
Real del Valle (El Paraiso) [Fraccionamiento]	MX
Realejo Alto	ES
Realeza	BR
Rebecq-Rognon	BE
Rebordosa	PT
Reboucas	BR
Recanati	IT
Recani	MA
Recanto das Emas	BR
Rechytsa	BY
Recife	BR
Recke	DE
Recklinghausen	DE
Reckovice	CZ
Reclamation Areas	GI
Recodo	PH
Recoletos	ES
Reconquista	AR
Recreio	BR
Recreo	AR
Red Bank	US
Red Bluff	US
Red Deer	CA
Red Hill	US
Red Oak	US
Red Wing	US
Reda	PL
Redan	US
Redbank Plains	AU
Redcar	GB
Redcliff	ZW
Redding	US
Reddipalaiyam	IN
Redditch	GB
Redencao	BR
Redfern	AU
Redford	US
Redhill	GB
Redkino	RU
Redland	US
Redland Bay	AU
Redlands	US
Redmond	US
Redondela	ES
Redondo Beach	US
Redruth	GB
Redwood City	US
Redwood Shores	US
Redwoodtown	NZ
Reedley	US
Reef Al Fujairah City	AE
Reengus	IN
Rees	DE
Reethapuram	IN
Reeuwijk	NL
Reforma	MX
Reftinskiy	RU
Regen	DE
Regeneracao	BR
Regensburg	DE
Regenstauf	DE
Regent Park	CA
Regent's Park	GB
Regente Feijo	BR
Regents Park	AU
Reggane	DZ
Reggio Calabria	IT
Reggio nell'Emilia	IT
Reghaia	DZ
Reghin-Sat	RO
Regina	CA
Registro	BR
Regla	CU
Rego Park	US
Reguiba	DZ
Rehab	JO
Rehau	DE
Rehburg-Loccum	DE
Rehli	IN
Rehnan	IR
Rehoboth	NA
Rehovot	IL
Rehti	IN
Reichenbach/Vogtland	DE
Reidsville	US
Reigate	GB
Reims	FR
Reinach	CH
Reinbek	DE
Reinheim	DE
Reinickendorf	DE
Reinosa	ES
Reiskirchen	DE
Reisterstown	US
Reitz	ZA
Rejas	ES
Rejiche	TN
Rejon placu Grunwaldzkiego	PL
Rejon placu Swietego Macieja	PL
Rejon ulicy Traugutta	PL
Rekhasim	IL
Relau	MY
Reliance Complex	IN
Relizane	DZ
Rellingen	DE
Remagen	DE
Remanso	BR
Rembangan	ID
Rembau	MY
Rembertow	PL
Remchi	DZ
Remedios	CU
Remigio	BR
Remire-Montjoly	GF
Remscheid	DE
Remseck am Neckar	DE
Remuera	NZ
Remuna	IN
Renala Khurd	PK
Renca	CL
Rendon	US
Rendsburg	DE
Renens	CH
Renfrew	GB
Renfrew Heights	CA
Renfrew-Collingwood	CA
Rengali	IN
Rengasdengklok	ID
Rengit	MY
Rengo	CL
Rengte	IN
Renhe	CN
Reni	UA
Renigunta	IN
Rennes	FR
Renningen	DE
Reno	US
Renqiu	CN
Rensha	CN
Renton	US
Renukut	IN
Renwal	IN
Renxian	CN
Renyi	CN
Renzhao	CN
Reo	BF
Reoti	IN
Repalle	IN
Repelon	CO
Repentigny	CA
Republic	US
Republica	BR
Repy	CZ
Requena	ES
Reriutaba	BR
Rerma	IN
Rescaldina	IT
Reseda	US
Resen	MK
Resende	BR
Resende Costa	BR
Reserva	BR
Reservoir	AU
Residencia Moacir PU5BHV	BR
Resistencia	AR
Resita	RO
Resplendor	BR
Ressaca Pacoval	BR
Ressaca do Muca	BR
Ressano Garcia	MZ
Restinga Seca	BR
Reston	US
Restrepo	CO
Resubelpara	IN
Retalhuleu	GT
Retford	GB
Rethabiseng	ZA
Rethymno	GR
Retiro	ES
Retirolandia	BR
Retreat	ZA
Reuleuet	ID
Reus	ES
Reutlingen	DE
Reutov	RU
Revadanda	IN
Revda	RU
Revelganj	IN
Revere	US
Revesby	AU
Revuca	SK
Rewa	IN
Rewari	IN
Rexburg	US
Rexdale-Kipling	CA
Rey Bouba	CM
Reyes Acozac	MX
Reyhanli	TR
Reykjanesbaer	IS
Reykjavik	IS
Reynoldsburg	US
Reynosa	MX
Reze	FR
Rezekne	LV
Rezh	RU
Rezvanshahr	IR
Rezzato	IT
Rhar el Melah	TN
Rhawnhurst	US
Rheda-Wiedenbrueck	DE
Rhede	DE
Rheinau	DE
Rheinbach	DE
Rheinberg	DE
Rheine	DE
Rheinfelden	DE
Rheinhausen	DE
Rheinstetten	DE
Rhenen	NL
Rhennouch	TN
Rhiwbina	GB
Rho	IT
Rhodes	AU
Rhondda	GB
Rhoon	NL
Rhosllannerchrugog	GB
Rhyl	GB
Riachao	BR
Riachao das Neves	BR
Riachao do Dantas	BR
Riachao do Jacuipe	BR
Riacho Fundo	BR
Riacho Fundo II	BR
Riacho das Almas	BR
Riacho de Santana	BR
Rialma	BR
Rialto	US
Rianxo	ES
Ribarroja del Turia	ES
Ribas do Rio Pardo	BR
Ribat Al Khayr	MA
Ribaue	MZ
Ribeira	ES
Ribeira de Frades	PT
Ribeira do Amparo	BR
Ribeira do Pombal	BR
Ribeirao	BR
Ribeirao Bonito	BR
Ribeirao Branco	BR
Ribeirao Cascalheira	BR
Ribeirao Claro	BR
Ribeirao Pires	BR
Ribeirao Preto	BR
Ribeirao da Ilha	BR
Ribeirao das Neves	BR
Ribeirao do Pinhal	BR
Ribeiropolis	BR
Ribera	IT
Riberalta	BO
Ribnita	MD
Ribnitz-Damgarten	DE
Ricany	CZ
Ricaurte	CO
Riccarton	NZ
Riccione	IT
Rich	MA
Richard-Toll	SN
Richards Bay	ZA
Richardson	US
Richfield	US
Richha	IN
Richland	US
Richmond	US
Richmond Heights	US
Richmond Hill	CA
Richmond West	US
Richterswil	CH
Richton Park	US
Ricklingen	DE
Rickmansworth	GB
Ridder	KZ
Ridderkerk	NL
Ridge	US
Ridgecrest	US
Ridgefield	US
Ridgefield Park	US
Ridgeland	US
Ridgewood	US
Ried im Innkreis	AT
Riedisheim	FR
Riedlingen	DE
Riedstadt	DE
Riegelsberg	DE
Riehen	CH
Riehl	DE
Rielasingen-Worblingen	DE
Riemst	BE
Riesa	DE
Riesi	IT
Rietberg	DE
Rieti	IT
Rifu	JP
Riga	LV
Riihimaeki	FI
Rijau	NG
Rijeka	HR
Rijen	NL
Rijkevorsel	BE
Rijokri	IN
Rijssen	NL
Rijswijk	NL
Rikaze	CN
Rikuzen-Takata	JP
Riley Park	CA
Rillieux-la-Pape	FR
Rimavska Sobota	SK
Rimini	IT
Rimouski	CA
Rincon de Romos	MX
Rincon de Tamayo	MX
Rincon de la Victoria	ES
Ringim	NG
Ringsted	DK
Ringwood	AU
Ringwood East	AU
Rinkeby	SE
Rinteln	DE
Rio Abajo	PA
Rio Acima	BR
Rio Azul	BR
Rio Bananal	BR
Rio Blanco	MX
Rio Bonito	BR
Rio Bonito do Iguacu	BR
Rio Branco	BR
Rio Branco do Sul	BR
Rio Brilhante	BR
Rio Bueno	CL
Rio Casca	BR
Rio Cauto	CU
Rio Ceballos	AR
Rio Chico	VE
Rio Claro	BR
Rio Colorado	AR
Rio Cuarto	AR
Rio Formoso	BR
Rio Gallegos	AR
Rio Grande	BR
Rio Grande City	US
Rio Grande da Serra	BR
Rio Guayabal de Yateras	CU
Rio Largo	BR
Rio Linda	US
Rio Maior	PT
Rio Maria	BR
Rio Negrinho	BR
Rio Negro	BR
Rio Novo do Sul	BR
Rio Paranaiba	BR
Rio Pardo	BR
Rio Pardo de Minas	BR
Rio Pequeno	BR
Rio Piracicaba	BR
Rio Pomba	BR
Rio Preto da Eva	BR
Rio Rancho	US
Rio Real	BR
Rio Rico	US
Rio Segundo	AR
Rio Tercero	AR
Rio Tinto	PT
Rio Verde	BR
Rio Verde de Mato Grosso	BR
Rio Vermelho	BR
Rio das Ostras	BR
Rio das Pedras	BR
Rio de Contas	BR
Rio de Janeiro	BR
Rio de Mouro	PT
Rio de Oro	CO
Rio de Teapa	MX
Rio do Antonio	BR
Rio do Fogo	BR
Rio do Pires	BR
Rio do Sul	BR
Rio dos Cedros	BR
Riobamba	EC
Rioblanco	CO
Riohacha	CO
Rioja	PE
Riolandia	BR
Riom	FR
Rionegro	CO
Rionero in Vulture	IT
Riorges	FR
Rios Rosas	ES
Riosucio	CO
Rioverde	MX
Ripanj	RS
Ripley	GB
Ripoll	ES
Ripollet	ES
Ripon	GB
Riposto	IT
Riquier	FR
Ris-Orangis	FR
Risalpur Cantonment	PK
Risca	GB
Riscani	MD
Rishikesh	IN
Rishon LeTsiyyon	IL
Rishra	IN
Rishton	UZ
Risod	IN
Rissen	DE
Rittenhouse	US
Ritterhude	DE
Ritto	JP
Riva del Garda	IT
Rivalta di Torino	IT
Rivarolo Canavese	IT
Rivas	NI
Rivas-Vaciamadrid	ES
Rive-de-Gier	FR
River Edge	US
River Falls	US
River Forest	US
River Grove	US
River Ridge	US
River Valley	SG
Rivera	UY
Riverbank	US
Riverdale	US
Riverhead	US
Riversdale	ZA
Riverside	US
Riverton	US
Rivervale	AU
Riverview	US
Riverwood	AU
Riviera Beach	US
Riviere du Rempart	MU
Riviere-Pilote	MQ
Riviere-des-Prairies-Pointe-aux-Trembles	CA
Riviere-du-Loup	CA
Rivne	UA
Rivoli	IT
Rixensart	BE
Rixheim	FR
Riyad al Khabra'	SA
Riyadh	SA
Rizal	PH
Rize	TR
Rizhao	CN
Rizhuang	CN
Roanne	FR
Roanoke	US
Roanoke Rapids	US
Robat Karim	IR
Robbah	DZ
Robbinsdale	US
Robertsganj	IN
Robertson	ZA
Robertsonpet	IN
Robertsville	US
Roberval	CA
Robina	AU
Robinson	US
Robit	ET
Robstown	US
Roca Sales	BR
Rocafuerte	EC
Rocca di Papa	IT
Rocha	UY
Rochdale	GB
Roche-la-Moliere	FR
Rochedale South	AU
Rochefort	FR
Rochester	US
Rochester Hills	US
Rochford	GB
Rochor	SG
Rocinha	BR
Rock Forest	CA
Rock Hill	US
Rock Island	US
Rock Springs	US
Rockcliffe-Smythe	CA
Rockdale	AU
Rockford	US
Rockhampton	AU
Rockingham	AU
Rockingham city centre	AU
Rockland	US
Rockledge	US
Rocklin	US
Rockport	US
Rockville	US
Rockville Centre	US
Rockwall	US
Rocky Mount	US
Rocky Point	US
Rocky River	US
Rodas	CU
Rodelas	BR
Rodenbach	DE
Rodenkirchen	DE
Rodental	DE
Rodez	FR
Rodgau	DE
Roding	DE
Rodinghausen	DE
Rodniki	RU
Rodolfo Sanchez Taboada	MX
Rodos	GR
Rodovre	DK
Rodrigues Alves	BR
Rodriguez	PH
Roehampton	GB
Roermond	NL
Roeselare	BE
Roesrath	DE
Roessleville	US
Rogers	US
Rogers Park	US
Rognac	FR
Rogozno	PL
Roha	IN
Rohini	IN
Rohnert Park	US
Rohri	PK
Rohtak	IN
Roi Et	TH
Roing	IN
Roissy-en-Brie	FR
Rojales	ES
Rojhan	PK
Rokiskis	LT
Rokugo	JP
Rokupr	SL
Rokycany	CZ
Rolandia	BR
Rolante	BR
Roldan	AR
Roldanillo	CO
Rolim de Moura	BR
Rolim de Moura do Guapore	BR
Rolla	US
Rolleston	NZ
Rolling Meadows	US
Roma	LS
Romainville	FR
Roman	RO
Romano Banco	IT
Romano d'Ezzelino	IT
Romano di Lombardia	IT
Romans-sur-Isere	FR
Rombas	FR
Romblon	PH
Rome	IT
Romeoville	US
Romford	GB
Romilly-sur-Seine	FR
Romita	MX
Romitan Shahri	UZ
Rommerskirchen	DE
Romny	UA
Romorantin-Lanthenay	FR
Rompin	MY
Romsey	GB
Romulus	US
Ron	IN
Ron Phibun	TH
Roncador	BR
Roncesvalles	CA
Ronchi dei Legionari	IT
Ronchin	FR
Roncq	FR
Ronda	ES
Rondebosch	ZA
Rondon do Para	BR
Rondonopolis	BR
Rong Kwang	TH
Rongai	KE
Rongjiang	CN
Ronglong	CN
Rongo	KE
Rongxi	CN
Ronkonkoma	US
Ronne	DK
Ronneby	SE
Ronnenberg	DE
Ronse	BE
Roodepoort	ZA
Roorkee	IN
Roosendaal	NL
Roosevelt	US
Rooty Hill	AU
Ropar	IN
Ropczyce	PL
Roppongi	JP
Roquebrune-Cap-Martin	FR
Roquebrune-sur-Argens	FR
Roquetas de Mar	ES
Roquette	FR
Rorainopolis	BR
Rosa	IT
Rosa Zarate	EC
Rosales	PH
Rosamond	US
Rosana	BR
Rosario	AR
Rosario Oeste	BR
Rosario del Tala	AR
Rosario do Sul	BR
Rosarito	MX
Rosarno	IT
Rosaryville	US
Rosas	ES
Rosbach vor der Hoehe	DE
Roschinskiy	RU
Roscoe	US
Rosdorf	DE
Rose Belle	MU
Rose Hill	US
Roseau	DM
Rosebank	ZA
Rosebud	AU
Roseburg	US
Rosedale	US
Rosedale-Moore Park	CA
Roseira	BR
Roselands	AU
Roselle	US
Roselle Park	US
Rosemead	US
Rosemere	CA
Rosemont	US
Rosemont-La Petite-Patrie	CA
Rosemount	US
Rosenberg	US
Rosenheim	DE
Rosera	IN
Roses	ES
Roseto degli Abruzzi	IT
Rosetta	EG
Roseville	US
Rosh Ha'Ayin	IL
Roshal'	RU
Roshanpura	IN
Rosignano Solvay-Castiglioncello	IT
Rosiorii de Vede	RO
Roskilde	DK
Roslavl'	RU
Roslindale	US
Rosny-sous-Bois	FR
Rosolini	IT
Ross on Wye	GB
Ross-Betio	SN
Rossano Stazione	IT
Rossdorf	DE
Rossendale	GB
Rosslau	DE
Rossmoor	US
Rosso	MR
Rossosh'	RU
Rosstal	DE
Rossville	US
Rostam Kola	IR
Rostock	DE
Rostokino	RU
Rostov Veliky	RU
Rostov-on-Don	RU
Roswell	US
Rosyth	GB
Rota	ES
Rotenburg	DE
Rotenburg an der Fulda	DE
Roth	DE
Rothenbach an der Pegnitz	DE
Rothenburg ob der Tauber	DE
Rotherbaum	DE
Rotherham	GB
Rotherhithe	GB
Rothesay	CA
Rotkreuz	CH
Rotorua	NZ
Rotselaar	BE
Rottenburg	DE
Rotterdam	NL
Rottingdean	GB
Rottweil	DE
Rouached	DZ
Roubaix	FR
Roudnice nad Labem	CZ
Rouen	FR
Rouet	FR
Rouge	CA
Rouge Terre	MU
Rouiba	DZ
Rouissat	DZ
Round Lake	US
Round Lake Beach	US
Round Rock	US
Rourkela	IN
Rouyn-Noranda	CA
Rovaniemi	FI
Rovato	IT
Roven'ki	RU
Rovenky	UA
Rovereto	IT
Rovigo	IT
Rovinari	RO
Rovinj	HR
Rovira	CO
Rowland Heights	US
Rowlett	US
Rowville	AU
Roxas	PH
Roxas City	PH
Roxborough	US
Roxburgh Park	AU
Roxbury Crossing	US
Roy	US
Royal Kunia	US
Royal Leamington Spa	GB
Royal Oak	US
Royal Palm Beach	US
Royal Tunbridge Wells	GB
Royal Wootton Bassett	GB
Royan	FR
Royse City	US
Royston	GB
Royton	GB
Roza	RU
Rozanka-Polanka	PL
Rozdilna	UA
Rozenburg	NL
Rozhyshche	UA
Roznava	SK
Roznov pod Radhostem	CZ
Rozzano	IT
Rtishchevo	RU
Ruaha	TZ
Ruangwa	TZ
Rubaare	UG
Rubanda	UG
Rubi	ES
Rubiataba	BR
Rubidoux	US
Rubiera	IT
Rubim	BR
Rubino	CI
Rubio	VE
Rubizhne	UA
Rublevo	RU
Rubtsovsk	RU
Ruda Slaska	PL
Rudarpur	IN
Rudbar	AF
Rudehen	IR
Rudersberg	DE
Rudnyy	KZ
Rudolstadt	DE
Rudow	DE
Rudrapur	IN
Rudsar	IR
Rueil-Malmaison	FR
Ruesselsheim am Main	DE
Ruethen	DE
Rufa'a	SD
Rufino	AR
Rufisque	SN
Rufisque est	SN
Rugao	CN
Rugby	GB
Rugeley	GB
Ruhango	RW
Rui'an	CN
Ruidian	CN
Ruiru	KE
Ruislip	GB
Ruislip Manor	GB
Ruiz	MX
Rujewa	TZ
Rukban	JO
Rukungiri	UG
Rulenge	TZ
Ruma	RS
Rumah	SA
Rumbek	SS
Rumbeke	BE
Rumburk	CZ
Rumia	PL
Rumilly	FR
Rummelsburg	DE
Rumoi	JP
Rumonge	BI
Rumphi	MW
Rumst	BE
Rumuruti	KE
Runcorn	GB
Rundle	CA
Rundu	NA
Rung	KH
Runing	CN
Runka	NG
Runnymede-Bloor West Village	CA
Ruppichteroth	DE
Ruqi	SO
Rura	IN
Rurki	IN
Ruropolis	BR
Rurrenabaque	BO
Rusanivka	UA
Rusape	ZW
Ruse	BG
Rusera	IN
Rushden	GB
Ruskin	US
Russas	BR
Russeifa	JO
Russellville	US
Rustaq	OM
Rustavi	GE
Rustenburg	ZA
Rustington	GB
Ruston	US
Rutchenkivskyi	UA
Rute	ES
Ruteng	ID
Rutesheim	DE
Rutherford	US
Rutherglen	GB
Rutigliano	IT
Rutland	CA
Rutoma	UG
Rutshuru	CD
Ruvo di Puglia	IT
Ruwa	ZW
Ruwandiz	IQ
Ruy Barbosa	BR
Ruyigi	BI
Ruza	RU
Ruzayevka	RU
Ruzomberok	SK
Rwamagana	RW
Rwamwanja Refugee Camp	UG
Rwiimi	UG
Ryazan'	RU
Ryazanskiy	RU
Ryazhsk	RU
Rybatskoye	RU
Rybinsk	RU
Rybnik	PL
Rybnoye	RU
Rychnov nad Kneznou	CZ
Ryde	AU
Rydultowy	PL
Rye	US
Ryhope	GB
Ryl'sk	RU
Ryogoku	JP
Ryonggang-up	KP
Ryotsu-minato	JP
Rypin	PL
Ryton	GB
Ryugasaki	JP
Ryuo	JP
Rzeszow	PL
Rzhev	RU
SS2	MY
Sa Dec	VN
Sa Kaeo	TH
Sa Pa	VN
Sa'adat Shahr	IR
Sa'dah	YE
Sa'ir	PS
Saaba	BF
Saalfeld	DE
Saalfelden am Steinernen Meer	AT
Saanich	CA
Saarbruecken	DE
Saarlouis	DE
Saarwellingen	DE
Saatli	AZ
Saavedra	CL
Saaxo	SO
Sabaa Aiyoun	MA
Sabac	RS
Sabadell	ES
Sabae	JP
Sabah as Salim	KW
Sabalgarh	IN
Sabana Grande de Boya	DO
Sabana Yegua	DO
Sabana de Mendoza	VE
Sabana de Parra	VE
Sabana de Torres	CO
Sabana de la Mar	DO
Sabanagrande	CO
Sabanalarga	CO
Sabaneta	CO
Sabang	ID
Sabanilla	CR
Sabanitas	PA
Sabaoani	RO
Sabara	BR
Sabaudia	IT
Sabaur	IN
Sabbashahr	IR
Sabha	LY
Sabie	ZA
Sabinanigo	ES
Sabinas	MX
Sabinopolis	BR
Sabinov	SK
Sabirabad	AZ
Sablayan	PH
Sable-sur-Sarthe	FR
Saboeiro	BR
Sabou	BF
Sabratah	LY
Sabt Alalayah	SA
Sabuncu	AZ
Sabya	SA
Sabzevar	IR
Sacaba	BO
Sacapulas	GT
Sacavem	PT
Sacele	RO
Sachin	IN
Sachse	US
Sachsenheim	DE
Sacile	IT
Saclepea	LR
Saco	US
Saco dos Limoes	BR
Sacoma	BR
Sacramento	US
Sada	ES
Sadabad	IN
Sadabe	MG
Sadalgi	IN
Sadao	TH
Sadasivpet	IN
Sadat	IN
Sadatpur Gujran	IN
Saddiqabad	PK
Saddle Brook	US
Saddle Ridge	CA
Saddlebrooke	US
Saddleworth	GB
Sadhaura	IN
Sado	JP
Sadpalli	IN
Sadri	IN
Sadulshahar	IN
Safaga	EG
Safapur	IN
Safed	IL
Safety Harbor	US
Saffron Walden	GB
Safi	MA
Safidon	IN
Safipur	IN
Safita	SY
Safonovo	RU
Safranbolu	TR
Safwa	SA
Saga	JP
Sagae	JP
Sagaing	MM
Sagalo	ML
Sagamihara	JP
Sagana	KE
Sagar	IN
Sagara	JP
Sagarejo	GE
Sagauli	IN
Sagay	PH
Saginaw	US
Saginaw Township North	US
Saginomiya	JP
Sagopshi	RU
Sagrada Familia	ES
Sagua de Tanamo	CU
Sagua la Grande	CU
Saguenay	CA
Sagunto	ES
Sagure	ET
Sagwara	IN
Sahab	JO
Sahagun	CO
Sahali	CA
Saham	OM
Sahar	YE
Saharanpur	IN
Saharsa	IN
Sahaspur	IN
Sahaswan	IN
Sahatavy	MG
Sahavato	MG
Sahawar	IN
Sahibabad Daulotpur	IN
Sahibganj	IN
Sahiwal	PK
Sahline	TN
Sahlkamp	DE
Sahoua	CI
Sahuarita	US
Sahuayo de Morelos	MX
Sai Buri	TH
Sai Kung	HK
Sai Mai	TH
Sai Wan	HK
Sai Wan Ho	HK
Sai Ying Pun	HK
Saida	DZ
Saidabad	IN
Saidpur	BD
Saiha	IN
Saij	IN
Saijo	JP
Saikai	JP
Saiki	JP
Saiku	JP
Sailana	IN
Saint Albans	AU
Saint Andrews	US
Saint Ann	US
Saint Ann's Bay	JM
Saint Augustine	US
Saint Charles	US
Saint Clair Shores	US
Saint Cloud	US
Saint Croix	VI
Saint George	US
Saint Helena Bay	ZA
Saint Helens	US
Saint Helier	JE
Saint Ives	AU
Saint James	US
Saint John	CA
Saint John East	CA
Saint John West	CA
Saint John's	AG
Saint Joseph	US
Saint Kilda	AU
Saint Leonards-on-Sea	GB
Saint Louis Park	US
Saint Marys	US
Saint Matthews	US
Saint Michael	US
Saint Neots	GB
Saint Paul	US
Saint Peter	US
Saint Peter Port	GG
Saint Peters	GB
Saint Petersburg	RU
Saint Pierre	MU
Saint Romuald	CA
Saint Simon Mills	US
Saint Simons Island	US
Saint Thomas Mount	IN
Saint-Amand-Montrond	FR
Saint-Amand-les-Eaux	FR
Saint-Ambroise	FR
Saint-Andre	RE
Saint-Andre-les-Vergers	FR
Saint-Andre-lez-Lille	FR
Saint-Augustin-de-Desmaures	CA
Saint-Avertin	FR
Saint-Avold	FR
Saint-Barnabe	FR
Saint-Barthelemy	FR
Saint-Basile-le-Grand	CA
Saint-Benoit	RE
Saint-Brevin-les-Pins	FR
Saint-Brice-sous-Foret	FR
Saint-Brieuc	FR
Saint-Bruno-de-Montarville	CA
Saint-Canut	CA
Saint-Chamond	FR
Saint-Charles-Borromee	CA
Saint-Claude	FR
Saint-Cloud	FR
Saint-Constant	CA
Saint-Cyr-l'Ecole	FR
Saint-Cyr-sur-Loire	FR
Saint-Cyr-sur-Mer	FR
Saint-Denis	RE
Saint-Die-des-Vosges	FR
Saint-Dizier	FR
Saint-Egreve	FR
Saint-Esteve	FR
Saint-Etienne	FR
Saint-Etienne-du-Rouvray	FR
Saint-Eustache	CA
Saint-Fargeau-Ponthierry	FR
Saint-Felicien	CA
Saint-Fons	FR
Saint-Francois	FR
Saint-Gaudens	FR
Saint-Genis-Laval	FR
Saint-Georges	CA
Saint-Germain-en-Laye	FR
Saint-Ghislain	BE
Saint-Gilles	BE
Saint-Giniez	FR
Saint-Gratien	FR
Saint-Henri	CA
Saint-Herblain	FR
Saint-Hubert	CA
Saint-Hyacinthe	CA
Saint-Jean-de-Braye	FR
Saint-Jean-de-Luz	FR
Saint-Jean-de-la-Ruelle	FR
Saint-Jean-sur-Richelieu	CA
Saint-Jerome	CA
Saint-Joseph	RE
Saint-Josse-ten-Noode	BE
Saint-Julien-en-Genevois	FR
Saint-Junien	FR
Saint-Just	FR
Saint-Just-Saint-Rambert	FR
Saint-Laurent	CA
Saint-Laurent-du-Maroni	GF
Saint-Laurent-du-Var	FR
Saint-Lazare	CA
Saint-Leonard	CA
Saint-Leu	RE
Saint-Leu-la-Foret	FR
Saint-Lin-Laurentides	CA
Saint-Lo	FR
Saint-Louis	SN
Saint-Louis du Nord	HT
Saint-Louis-de-Terrebonne	CA
Saint-Loup	FR
Saint-Malo	FR
Saint-Mande	FR
Saint-Marc	HT
Saint-Marcel	FR
Saint-Martin-Boulogne	FR
Saint-Martin-d'Heres	FR
Saint-Martin-de-Crau	FR
Saint-Maur-des-Fosses	FR
Saint-Maurice	FR
Saint-Mauront	FR
Saint-Max	FR
Saint-Maximin-la-Sainte-Baume	FR
Saint-Medard-en-Jalles	FR
Saint-Michel	CA
Saint-Michel de l'Atalaye	HT
Saint-Michel-sur-Orge	FR
Saint-Nazaire	FR
Saint-Nicolas	BE
Saint-Omer	FR
Saint-Orens-de-Gameville	FR
Saint-Ouen	FR
Saint-Ouen-l'Aumone	FR
Saint-Pancrace	FR
Saint-Paul	RE
Saint-Paul-les-Dax	FR
Saint-Pierre	RE
Saint-Pierre-des-Corps	FR
Saint-Pol-sur-Mer	FR
Saint-Priest	FR
Saint-Quentin	FR
Saint-Quentin-en-Yvelines	FR
Saint-Raphael	HT
Saint-Remy-de-Provence	FR
Saint-Roch	FR
Saint-Saulve	FR
Saint-Sebastien-sur-Loire	FR
Saint-Sylvestre	FR
Saint-Tronc	FR
Saint-Vincent de Paul	FR
Saint-Vincent-de-Paul	CA
Sainte-Adele	CA
Sainte-Agathe-des-Monts	CA
Sainte-Anne	GP
Sainte-Anne-des-Plaines	CA
Sainte-Catherine	CA
Sainte-Foy	CA
Sainte-Foy-les-Lyon	FR
Sainte-Genevieve-des-Bois	FR
Sainte-Julie	CA
Sainte-Luce-sur-Loire	FR
Sainte-Marguerite	FR
Sainte-Marie	RE
Sainte-Marthe-sur-le-Lac	CA
Sainte-Maxime	FR
Sainte-Monique	CA
Sainte-Rose	GP
Sainte-Savine	FR
Sainte-Suzanne	RE
Sainte-Therese	CA
Saintes	FR
Sainthia	IN
Sainyabuli	LA
Saioua	CI
Saipan	MP
Saire	BR
Saitama	JP
Saitlaw	IN
Saito	JP
Saitual	IN
Saiyad-ul-ajaib	IN
Sajir	SA
Sajoszentpeter	HU
Saka	JP
Sakado	JP
Sakai	JP
Sakai-nakajima	JP
Sakaidecho	JP
Sakaiminato	JP
Sakakah	SA
Sakaki	JP
Sakamoto	JP
Sakaraha	MG
Sakassou	CI
Sakata	JP
Sakawa	JP
Sakchu-up	KP
Sake	CD
Sakete	BJ
Sakharkherda	IN
Sakhipur	BD
Sakhnin	IL
Sakhrah	JO
Saki	NG
Sakib	JO
Sakiet ed Daier	TN
Sakiet ez Zit	TN
Sakkimangalam	IN
Sakleshpur	IN
Saknepalli	IN
Sakoli	IN
Sakon Nakhon	TH
Sakrand	PK
Sakri	IN
Saks	US
Sakti	IN
Saku	JP
Sakumona	GH
Sakura	JP
Sakuradai	JP
Sakurai	JP
Sal Rei	CV
Sal'sk	RU
Sala	SK
Sala Consilina	IT
Salaberry-de-Valleyfield	CA
Saladas	AR
Saladillo	AR
Saladoblanco	CO
Salaga	GH
Salah Bey	DZ
Salakhid	SY
Salalah	OM
Salama	GT
Salamanca	MX
Salamedu	IN
Salamina	GR
Salangaippalaiyam	IN
Salaqi	CN
Salaspils	LV
Salatiga	ID
Salavat	RU
Salaverry	PE
Salaya	IN
Salcaja	GT
Salcedo	DO
Saldanha	ZA
Sale	MA
Sale Al Jadida	MA
Salehieh	IR
Salekhard	RU
Salem	IN
Salerno	IT
Sales Oliveira	BR
Salesopolis	BR
Salfit	PS
Salford	GB
Salgado	BR
Salgado de Sao Felix	BR
Salgar	CO
Salgotarjan	HU
Salgueiro	BR
Sali	SN
Salida	US
Saligram	IN
Salihli	TR
Salima	MW
Salina	US
Salina Cruz	MX
Salinas	US
Salinas da Margarida	BR
Salinas de Hidalgo	MX
Salinera Colan	PE
Salinopolis	BR
Salisbury	GB
Salitre	BR
Sallanches	FR
Sallaumines	FR
Salmas	IR
Salmon Arm	CA
Salmon Creek	US
Salo	FI
Saloa	BR
Salobrena	ES
Salon	IN
Salon-de-Provence	FR
Salonta	RO
Salor	UZ
Salou	ES
Salpara Molandubi Pt.-I	IN
Salpazari	TR
Salpetriere	FR
Salqin	SY
Salsipuedes	DO
Salsomaggiore Terme	IT
Salt	ES
Salt Lake City	US
Salta	AR
Saltash	GB
Saltcoats	GB
Saltillo	MX
Saltivka	UA
Salto	BR
Salto de Pirapora	BR
Salto do Jacui	BR
Salto do Lontra	BR
Saltpond	GH
Salumbar	IN
Salur	IN
Saluzzo	IT
Salvador	BR
Salvaleon de Higueey	DO
Salvaterra	BR
Salvatierra	MX
Salwa	KW
Salyan	AZ
Salzburg	AT
Salzgitter	DE
Salzhemmendorf	DE
Salzkotten	DE
Salzwedel	DE
Sam	BJ
Sam Phran	TH
Sam Roi Yot	TH
Sam Sen Nai	TH
Sam Shing	HK
Sam Son	VN
Sama	ES
Sama'il	OM
Samal	PH
Samalapuram	IN
Samalka	IN
Samalkha	IN
Samalkot	IN
Samalut	EG
Samambaia	BR
Samana	IN
Samandag	TR
Samaniego	CO
Samannud	EG
Samar	UA
Samara	RU
Samarate	IT
Samarinda	ID
Samarkand	UZ
Samarra'	IQ
Samarskoye	RU
Samarvarni	IN
Samashki	RU
Samastipur	IN
Samba	AO
Sambalpur	IN
Sambava	MG
Sambhal	IN
Sambhar	IN
Sambiase	IT
Sambir	UA
Sambizanga	AO
Samborondon	EC
Sambre	IN
Sambrial	PK
Samburvadakara	IN
Samch'on	KP
Samdari	IN
Same	TZ
Samfya	ZM
Samho-rodongjagu	KP
Samitah	SA
Samjiyon-up	KP
Sammamish	US
Samobor	HR
Samokov	BG
Samonta Bazar	BD
Samora Correia	PT
Samorin	SK
Sampaloc	PH
Sampang	ID
Samphanthawong	TH
Sampit	ID
Sampla	IN
Sampsonievskiy	RU
Sampues	CO
Samrala	IN
Samraong	KH
Samsikapuram	IN
Samsun	TR
Samthar	IN
Samtredia	GE
Samurou	IN
Samut Prakan	TH
Samut Sakhon	TH
Samut Songkhram	TH
Samuyuzi	CN
San	ML
San Agustin	MX
San Agustin Acasaguastlan	GT
San Agustin Tlaxiaca	MX
San Agustin del Guadalix	ES
San Alberto	CO
San Andres	CO
San Andres Ahuashuatepec	MX
San Andres Cholula	MX
San Andres Cuexcontitlan	MX
San Andres Itzapa	GT
San Andres Mixquic	MX
San Andres Tuxtla	MX
San Andres Xecul	GT
San Andres del Rabanedo	ES
San Angelo	US
San Anselmo	US
San Antero	CO
San Antonio	US
San Antonio Abad	ES
San Antonio Acahualco	MX
San Antonio Oeste	AR
San Antonio Suchitepequez	GT
San Antonio Tecomitl	MX
San Antonio de Los Altos	VE
San Antonio de Padua	AR
San Antonio de la Cal	MX
San Antonio de los Banos	CU
San Antonio del Tachira	VE
San Antonio la Isla	MX
San Bartolo Cuautlalpan	MX
San Bartolo del Llano	MX
San Bartolome	ES
San Bartolome Tlaltelulco	MX
San Bartolome de Tirajana	ES
San Benedetto del Tronto	IT
San Benito	GT
San Benito Abad	CO
San Bernardino	US
San Bernardino Tlaxcalancingo	MX
San Bernardo	CL
San Blas	MX
San Blas-Canillejas	ES
San Bonifacio	IT
San Borja	BO
San Bruno	US
San Buenaventura	MX
San Carlo All'Arena	IT
San Carlos	VE
San Carlos Centro	AR
San Carlos Park	US
San Carlos de Bariloche	AR
San Carlos de Guaroa	CO
San Carlos del Zulia	VE
San Cataldo	IT
San Cesareo	IT
San Chaung	MM
San Cipriano d'Aversa	IT
San Clemente	US
San Clemente del Tuyu	AR
San Cristobal	VE
San Cristobal Verapaz	GT
San Cristobal de las Casas	MX
San Diego	US
San Diego Country Estates	US
San Dimas	US
San Dona di Piave	IT
San Donato	IT
San Donato Milanese	IT
San Estanislao	CO
San Esteban	CL
San Felice A Cancello	IT
San Felipe	VE
San Ferdinando	IT
San Ferdinando di Puglia	IT
San Fermin	ES
San Fernando	PH
San Fernando de Apure	VE
San Fernando de Atabapo	VE
San Fernando de Henares	ES
San Fernando de Monte Cristi	DO
San Francisco	US
San Francisco Acuautla	MX
San Francisco Cuaxusco	MX
San Francisco De Borja	PE
San Francisco El Alto	GT
San Francisco Ocotlan	MX
San Francisco Tecoxpa	MX
San Francisco Telixtlahuaca	MX
San Francisco Tesistan	MX
San Francisco Tlalcilalcalpan	MX
San Francisco Zapotitlan	GT
San Francisco de Macoris	DO
San Francisco de Mostazal	CL
San Francisco de los Romo	MX
San Francisco del Rincon	MX
San Gabriel	US
San Gabriel Chilac	MX
San Gennaro Vesuviano	IT
San German	CU
San Gil	CO
San Giljan	MT
San Giorgio Ionico	IT
San Giorgio a Cremano	IT
San Giovanni Lupatoto	IT
San Giovanni Rotondo	IT
San Giovanni Valdarno	IT
San Giovanni a Teduccio	IT
San Giovanni in Fiore	IT
San Giovanni in Persiceto	IT
San Giovanni la Punta	IT
San Giuliano Milanese	IT
San Giuseppe Vesuviano	IT
San Gregorio Cuautzingo	MX
San Gregorio de Nigua	DO
San Gwann	MT
San Ignacio	BZ
San Ignacio de Moxo	BO
San Ignacio de Sabaneta	DO
San Ignacio de Velasco	BO
San Ildefonso	PH
San Isidro	PE
San Isidro de Curuguaty	PY
San Jacinto	US
San Jacinto Amilpas	MX
San Javier	CL
San Jeronimo	MX
San Jeronimo Cuatro Vientos	MX
San Joaquin	VE
San Jorge	AR
San Jorge Pueblo Nuevo	MX
San Jose	US
San Jose Guadalupe Otzacatipan	MX
San Jose Iturbide	MX
San Jose Pinula	GT
San Jose Village	MP
San Jose de Barlovento	VE
San Jose de Feliciano	AR
San Jose de Guanipa	VE
San Jose de Jachal	AR
San Jose de Maipo	CL
San Jose de Mayo	UY
San Jose de Ocoa	DO
San Jose de las Lajas	CU
San Jose de los Olvera	MX
San Jose del Cabo	MX
San Jose del Castillo	MX
San Jose del Guaviare	CO
San Jose del Monte	PH
San Jose del Quince	MX
San Jose del Valle	MX
San Jose el Alto	MX
San Josecito	VE
San Juan	PR
San Juan Bautista	VE
San Juan Capistrano	US
San Juan Chamelco	GT
San Juan Cotzal	GT
San Juan Ixtayopan	MX
San Juan Nepomuceno	CO
San Juan Sacatepequez	GT
San Juan Zitlaltepec	MX
San Juan de Abajo	MX
San Juan de Aznalfarache	ES
San Juan de Dios	CR
San Juan de Uraba	CO
San Juan de la Maguana	DO
San Juan de las Huertas	MX
San Juan de los Lagos	MX
San Juan de los Morros	VE
San Juan del Cesar	CO
San Juan del Rio	MX
San Juan y San Pedro Tezompa	MX
San Juanito	MX
San Julian	MX
San Justo	AR
San Kamphaeng	TH
San Lazzaro	IT
San Leandro	US
San Leonardo	PH
San Leone Mose	IT
San Lorenzo	PY
San Lorenzo Acopilco	MX
San Lorenzo de El Escorial	ES
San Lorenzo de Esmeraldas	EC
San Lucas Sacatepequez	GT
San Lucas Toliman	GT
San Luis	AR
San Luis Jilotepeque	GT
San Luis Obispo	US
San Luis Potosi	MX
San Luis Rio Colorado	MX
San Luis de Since	CO
San Luis de la Paz	MX
San Luis del Palmar	AR
San Marcelino	PH
San Marcellino	IT
San Marco in Lamis	IT
San Marcos	US
San Marcos Huixtoco	MX
San Mariano	PH
San Marino	US
San Martin	PE
San Martin Azcatepec	MX
San Martin Cuautlalpan	MX
San Martin Texmelucan de Labastida	MX
San Martin de Pangoa	PE
San Martin de la Vega	ES
San Martin de las Piramides	MX
San Martin de los Andes	AR
San Martino Buon Albergo	IT
San Martino di Lupari	IT
San Mateo	PH
San Mateo Atenco	MX
San Mateo Huitzilzingo	MX
San Mateo Ixtatan	GT
San Mateo Otzacatipan	MX
San Matias Tlalancaleca	MX
San Mauro Torinese	IT
San Miguel	SV
San Miguel Ajusco	MX
San Miguel Canoa	MX
San Miguel Chicaj	GT
San Miguel Coatlinchan	MX
San Miguel De Abona	ES
San Miguel Octopan	MX
San Miguel Topilejo	MX
San Miguel Xoxtla	MX
San Miguel de Allende	MX
San Miguel de Bolivar	EC
San Miguel de Tucuman	AR
San Miguel del Padron	CU
San Miguel el Alto	MX
San Miguelito	PA
San Miniato	IT
San Miniato Basso	IT
San Narciso	PH
San Nicandro Garganico	IT
San Nicola la Strada	IT
San Nicolas	PH
San Nicolas de Bari	CU
San Nicolas de los Arroyos	AR
San Nicolas de los Garza	MX
San Onofre	CO
San Pa Tong	TH
San Pablo	PH
San Pablo Atlazalpan	MX
San Pablo Autopan	MX
San Pablo Jocopilas	GT
San Pablo Oztotepec	MX
San Pablo de las Salinas	MX
San Pancrazio Salentino	IT
San Paolo	IT
San Pascual	PH
San Pawl il-Bahar	MT
San Pedro	PH
San Pedro Alcantara	ES
San Pedro Apatlaco	MX
San Pedro Ayampuc	GT
San Pedro Cahro	MX
San Pedro Carcha	GT
San Pedro Garza Garcia	MX
San Pedro Los Banos	MX
San Pedro Martir	MX
San Pedro Pochutla	MX
San Pedro Sacatepequez	GT
San Pedro Sula	HN
San Pedro Tlaltizapan	MX
San Pedro Totoltepec	MX
San Pedro Tultepec	MX
San Pedro de Atacama	CL
San Pedro de Jujuy	AR
San Pedro de Lloc	PE
San Pedro de Macoris	DO
San Pedro de Uraba	CO
San Pedro de Ycuamandyyu	PY
San Pedro de la Paz	CL
San Pedro de los Banos	MX
San Pedro del Pinatar	ES
San Pietro Vernotico	IT
San Pietro a Patierno	IT
San Po Kong	HK
San Prisco	IT
San Rafael	AR
San Rafael Abajo	CR
San Rafael Arriba	CR
San Rafael Oriente	SV
San Rafael Tlanalapan	MX
San Rafael de Onoto	VE
San Rafael del Sur	NI
San Ramon	US
San Ramon de la Nueva Oran	AR
San Roque	ES
San Salvador	SV
San Salvador Atenco	MX
San Salvador Cuauhtenco	MX
San Salvador El Seco	MX
San Salvador Tizatlalli	MX
San Salvador de Jujuy	AR
San Salvario	IT
San Salvo	IT
San Sebastian	ES
San Sebastian Chimalpa	MX
San Sebastian de Mariquita	CO
San Sebastian de los Reyes	ES
San Sebastian el Grande	MX
San Sebastiano	IT
San Severo	IT
San Simon	PH
San Siro	IT
San Tan Valley	US
San Timoteo	VE
San Tin	HK
San Tung Chung Hang	HK
San Vicent del Raspeig	ES
San Vicente	SV
San Vicente de Canete	PE
San Vicente de Chucuri	CO
San Vicente de Moravia	CR
San Vicente de Tagua Tagua	CL
San Vito al Tagliamento	IT
San Vito dei Normanni	IT
San al Hajar al Qibliyah	EG
San-Pedro	CI
Sana	PE
Sanaa	YE
Sanana	ID
Sanand	IN
Sanandaj	IR
Sananduva	BR
Sanarate	GT
Sanare	VE
Sanary-sur-Mer	FR
Sanaswadi	IN
Sanaur	IN
Sanawad	IN
Sanba	CN
Sancaktepe	TR
Sancang	CN
Sanchaba	GM
Sanchazi	CN
Sanchez	DO
Sanchez-Mira	PH
Sanchor	IN
Sanchuan	CN
Sancoale	IN
Sancti Spiritus	CU
Sanctorum	MX
Sand Springs	US
Sandacho	JP
Sandakan	MY
Sandalfoot Cove	US
Sandanski	BG
Sandaohezi	CN
Sandaoling Lutiankuang Wuqi Nongchang	CN
Sandbach	GB
Sandefjord	NO
Sanderstead	GB
Sandhausen	DE
Sandhurst	GB
Sandi	IN
Sandikli	TR
Sandila	IN
Sandnes	NO
Sandomierz	PL
Sandona	CO
Sandown	GB
Sandringham	NZ
Sandu	CN
Sandur	IN
Sandusky	US
Sandviken	SE
Sandwip	BD
Sandy	US
Sandy Bay	AU
Sandy Hills	US
Sandy Springs	US
Sandyford	IE
Sanehwal	IN
Sanford	US
Sang-e Charak	AF
Sangali	PH
Sangalkam	SN
Sangamner	IN
Sangao	BR
Sangar	IR
Sangarebougou	ML
Sangareddi	IN
Sangaredi	GN
Sangaria	IN
Sanger	US
Sangerhausen	DE
Sanghar	PK
Sangin	AF
Sangju	KR
Sangkapura	ID
Sangkhla Buri	TH
Sangla Hill	PK
Sangli	IN
Sangmelima	CM
Sangmeshwar	IN
Sangod	IN
Sangola	IN
Sangouine	CI
Sangre Grande	TT
Sangrur	IN
Sangyoung	MM
Sangzhe	CN
Sanharo	BR
Sanhe	CN
Sanhui	CN
Sanhuikou	CN
Sanjan	IN
Sanjiang	CN
Sanjianzai	CN
Sanjiao	CN
Sanjiaocheng	CN
Sanjo	JP
Sanjwal	PK
Sankadiokro	CI
Sankagiri	IN
Sankaramanallur	IN
Sankarankovil	IN
Sankarapatti	IN
Sankaraperi	IN
Sankeshu	CN
Sankeshwar	IN
Sankheda	IN
Sankrail	IN
Sankt Augustin	DE
Sankt Gallen	CH
Sankt Georgen im Schwarzwald	DE
Sankt Ingbert	DE
Sankt Leon-Rot	DE
Sankt Leonhard	AT
Sankt Martin	AT
Sankt Peter	AT
Sankt Poelten	AT
Sankt Veit an der Glan	AT
Sankt Wendel	DE
Sanliurfa	TR
Sanlucar de Barrameda	ES
Sanlucar la Mayor	ES
Sanmenxia	CN
Sanmiao	CN
Sanming	CN
Sanmu	JP
Sannicolau Mare	RO
Sannieshof	ZA
Sanniquellie	LR
Sannois	FR
Sano	JP
Sanok	PL
Sanpetru	RO
Sanqu	CN
Sanquan	CN
Sanquelim	IN
Sanremo	IT
Sanrha	IN
Sans Souci	AU
Sansepolcro	IT
Sansheng	CN
Sanshui	CN
Sanski Most	BA
Sant Adria de Besos	ES
Sant Agusti	ES
Sant Andreu	ES
Sant Andreu de Llavaneres	ES
Sant Andreu de la Barca	ES
Sant Antoni	ES
Sant Antoni de Portmany	ES
Sant Boi de Llobregat	ES
Sant Carles de la Rapita	ES
Sant Celoni	ES
Sant Cugat del Valles	ES
Sant Feliu de Guixols	ES
Sant Feliu de Llobregat	ES
Sant Gervasi - Galvany	ES
Sant Joan Despi	ES
Sant Joan d'Alacant	ES
Sant Joan de Vilatorrada	ES
Sant Just Desvern	ES
Sant Marti	ES
Sant Marti de Provencals	ES
Sant Pere de Ribes	ES
Sant Pere, Santa Caterina i La Ribera	ES
Sant Quirze del Valles	ES
Sant Sadurni d'Anoia	ES
Sant Vicenc dels Horts	ES
Sant'Agata de'Goti	IT
Sant'Ambrogio di Valpolicella	IT
Sant'Ana do Livramento	BR
Sant'Anastasia	IT
Sant'Angelo Lodigiano	IT
Sant'Antimo	IT
Sant'Antioco	IT
Sant'Antonio	IT
Sant'Antonio Abate	IT
Sant'Arpino	IT
Santa Adelia	BR
Santa Ana	US
Santa Ana Chiautempan	MX
Santa Ana Nextlalpan	MX
Santa Ana Pacueco	MX
Santa Ana Tlacotenco	MX
Santa Ana Xalmimilulco	MX
Santa Ana de Vuelta Larga	EC
Santa Ana de Yacuma	BO
Santa Anita	MX
Santa Anita - Los Ficus	PE
Santa Barbara	US
Santa Barbara d'Oeste	BR
Santa Barbara do Para	BR
Santa Branca	BR
Santa Brigida	ES
Santa Catalina	PH
Santa Catarina	MX
Santa Catarina Ayotzingo	MX
Santa Catarina Ixtahuacan	GT
Santa Catarina Mita	GT
Santa Catarina Pinula	GT
Santa Cecilia	BR
Santa Clara	CU
Santa Clara del Cobre	MX
Santa Clarita	US
Santa Coloma de Farners	ES
Santa Coloma de Gramenet	ES
Santa Comba	ES
Santa Comba Dao	PT
Santa Croce sull'Arno	IT
Santa Cruz	PH
Santa Cruz Amilpas	MX
Santa Cruz Cabralia	BR
Santa Cruz Xoxocotlan	MX
Santa Cruz da Baixa Verde	BR
Santa Cruz das Palmeiras	BR
Santa Cruz de Barahona	DO
Santa Cruz de Bezana	ES
Santa Cruz de El Seibo	DO
Santa Cruz de Mara	VE
Santa Cruz de Mora	VE
Santa Cruz de Tenerife	ES
Santa Cruz de Yojoa	HN
Santa Cruz de la Palma	ES
Santa Cruz de la Sierra	BO
Santa Cruz de las Flores	MX
Santa Cruz de los Taques	VE
Santa Cruz del Norte	CU
Santa Cruz del Quiche	GT
Santa Cruz del Sur	CU
Santa Cruz del Valle	MX
Santa Cruz do Capibaribe	BR
Santa Cruz do Rio Pardo	BR
Santa Cruz do Sul	BR
Santa Elena	EC
Santa Elena de Uairen	VE
Santa Eugenia	ES
Santa Eularia des Riu	ES
Santa Fe	AR
Santa Fe Springs	US
Santa Fe de Antioquia	CO
Santa Fe do Sul	BR
Santa Filomena	BR
Santa Gertrudes	BR
Santa Helena	BR
Santa Helena de Goias	BR
Santa Ignacia	PH
Santa Ines	BR
Santa Iria da Azoia	PT
Santa Isabel	BR
Santa Isabel do Para	BR
Santa Isabel do Rio Negro	BR
Santa Izabel do Oeste	BR
Santa Juana	CL
Santa Juliana	BR
Santa Leopoldina	BR
Santa Lucia	ES
Santa Lucia Cotzumalguapa	GT
Santa Lucia Milpas Altas	GT
Santa Luzia	BR
Santa Luzia do Itanhy	BR
Santa Luzia do Para	BR
Santa Luzia do Parua	BR
Santa Margalida	ES
Santa Margarida	BR
Santa Maria	BR
Santa Maria A Vico	IT
Santa Maria Ajoloapan	MX
Santa Maria Atzompa	MX
Santa Maria Capua Vetere	IT
Santa Maria Chimalhuacan	MX
Santa Maria Huexoculco	MX
Santa Maria La Carita	IT
Santa Maria Madalena	BR
Santa Maria Maior	PT
Santa Maria Totoltepec	MX
Santa Maria Xonacatepec	MX
Santa Maria Zacatepec	MX
Santa Maria Zolotepec	MX
Santa Maria da Boa Vista	BR
Santa Maria da Vitoria	BR
Santa Maria das Barreiras	BR
Santa Maria de Itabira	BR
Santa Maria de Jesus	GT
Santa Maria de Jetiba	BR
Santa Maria del Rio	MX
Santa Maria do Cambuca	BR
Santa Maria do Para	BR
Santa Maria do Suacui	BR
Santa Mariana	BR
Santa Marinella	IT
Santa Marta	CO
Santa Marta de Tormes	ES
Santa Monica	US
Santa Paula	US
Santa Perpetua de Mogoda	ES
Santa Pola	ES
Santa Ponsa	ES
Santa Quiteria	BR
Santa Quiteria do Maranhao	BR
Santa Rita	BR
Santa Rita de Cassia	BR
Santa Rita do Passa Quatro	BR
Santa Rita do Sapucai	BR
Santa Rosa	PH
Santa Rosa Beach	US
Santa Rosa Jauregui	MX
Santa Rosa Treinta	MX
Santa Rosa de Cabal	CO
Santa Rosa de Copan	HN
Santa Rosa de Lima	SV
Santa Rosa de Osos	CO
Santa Rosa de Sacco	PE
Santa Rosa de Viterbo	BR
Santa Rosalia	MX
Santa Rosalia de Camargo	MX
Santa Tecla	SV
Santa Teresa	MX
Santa Teresa del Tuy	VE
Santa Tereza do Oeste	BR
Santa Terezinha	BR
Santa Terezinha de Itaipu	BR
Santa Ursula	ES
Santa Uxia de Ribeira	ES
Santa Vitoria	BR
Santa Vitoria do Palmar	BR
Santafe	ES
Santaluz	BR
Santana	BR
Santana de Parnaiba	BR
Santana do Acarau	BR
Santana do Araguaia	BR
Santana do Cariri	BR
Santana do Ipanema	BR
Santana do Maranhao	BR
Santana do Matos	BR
Santana do Mundau	BR
Santana do Paraiso	BR
Santander	ES
Santander de Quilichao	CO
Santangpu	CN
Santanyi	ES
Santaquin	US
Santarcangelo	IT
Santarem	BR
Santee	US
Santena	IT
Santeramo in Colle	IT
Santiago	CL
Santiago Atitlan	GT
Santiago Cuautlalpan	MX
Santiago Ixcuintla	MX
Santiago Jamiltepec	MX
Santiago Momoxpan	MX
Santiago Papasquiaro	MX
Santiago Sacatepequez	GT
Santiago Tangamandapio	MX
Santiago Teyahualco	MX
Santiago Tianguistenco de Galeana	MX
Santiago Tilapa	MX
Santiago Tlacotepec	MX
Santiago Tulantepec	MX
Santiago Tuxtla	MX
Santiago Yancuitlalpan	MX
Santiago de Cao	PE
Santiago de Compostela	ES
Santiago de Cuba	CU
Santiago de Maria	SV
Santiago de Queretaro	MX
Santiago de Surco	PE
Santiago de Tolu	CO
Santiago de Veraguas	PA
Santiago de las Vegas	CU
Santiago de los Caballeros	DO
Santiago del Estero	AR
Santiago del Teide	ES
Santirbazar	IN
Santo Amaro	BR
Santo Amaro da Imperatriz	BR
Santo Amaro das Brotas	BR
Santo Anastacio	BR
Santo Andre	BR
Santo Angelo	BR
Santo Antonio	CN
Santo Antonio da Charneca	PT
Santo Antonio da Patrulha	BR
Santo Antonio da Platina	BR
Santo Antonio das Missoes	BR
Santo Antonio de Jesus	BR
Santo Antonio de Padua	BR
Santo Antonio de Posse	BR
Santo Antonio do Amparo	BR
Santo Antonio do Descoberto	BR
Santo Antonio do Ica	BR
Santo Antonio do Jacinto	BR
Santo Antonio do Leverger	BR
Santo Antonio do Monte	BR
Santo Antonio do Sudoeste	BR
Santo Antonio do Taua	BR
Santo Antonio dos Lopes	BR
Santo Antonio dos Olivais	PT
Santo Augusto	BR
Santo Cristo	BR
Santo Domingo	DO
Santo Domingo Este	DO
Santo Domingo Oeste	DO
Santo Domingo Tehuantepec	MX
Santo Domingo de los Colorados	EC
Santo Estevao	BR
Santo Ovidio	PT
Santo Tirso	PT
Santo Tomas	PH
Santo Tome	AR
Santol	PH
Santomera	ES
Santona	ES
Santos	BR
Santos Dumont	BR
Santos Lugares	AR
Santrampur	IN
Sants	ES
Sants - Badal	ES
Sants-Montjuic	ES
Santuario	CO
Santurtzi	ES
Santutxu	ES
Santyoku	KR
Sanur	ID
Sanwei	CN
Sanwer	IN
Sanxenxo	ES
Sanxi	CN
Sanxia	TW
Sanya	CN
Sanyang	GM
Sanyoonoda	JP
Sanyuan	CN
Sanza Pombo	AO
Sanzhi	TW
Sanzhuang	CN
Sao Benedito	BR
Sao Benedito do Rio Preto	BR
Sao Benedito do Sul	BR
Sao Bento	BR
Sao Bento do Sapucai	BR
Sao Bento do Sul	BR
Sao Bento do Una	BR
Sao Bernardo	BR
Sao Bernardo do Campo	BR
Sao Borja	BR
Sao Bras de Alportel	PT
Sao Caetano de Odivelas	BR
Sao Caetano do Sul	BR
Sao Caitano	BR
Sao Carlos	BR
Sao Cristovao	BR
Sao Desiderio	BR
Sao Domingos	BR
Sao Domingos de Rana	PT
Sao Domingos do Araguaia	BR
Sao Domingos do Capim	BR
Sao Domingos do Maranhao	BR
Sao Domingos do Prata	BR
Sao Felipe	BR
Sao Felix	BR
Sao Felix da Marinha	PT
Sao Felix do Araguaia	BR
Sao Felix do Coribe	BR
Sao Felix do Xingu	BR
Sao Fidelis	BR
Sao Filipe	CV
Sao Francisco	BR
Sao Francisco de Assis	BR
Sao Francisco de Itabapoana	BR
Sao Francisco de Paula	BR
Sao Francisco do Conde	BR
Sao Francisco do Guapore	BR
Sao Francisco do Maranhao	BR
Sao Francisco do Para	BR
Sao Francisco do Sul	BR
Sao Gabriel	BR
Sao Gabriel da Cachoeira	BR
Sao Gabriel da Palha	BR
Sao Gabriel do Oeste	BR
Sao Geraldo	BR
Sao Geraldo do Araguaia	BR
Sao Goncalo do Amarante	BR
Sao Goncalo do Para	BR
Sao Goncalo do Rio Abaixo	BR
Sao Goncalo do Sapucai	BR
Sao Goncalo dos Campos	BR
Sao Gotardo	BR
Sao Jeronimo	BR
Sao Jeronimo da Serra	BR
Sao Joao	BR
Sao Joao Batista	BR
Sao Joao Evangelista	BR
Sao Joao Nepomuceno	BR
Sao Joao d'Alianca	BR
Sao Joao da Barra	BR
Sao Joao da Boa Vista	BR
Sao Joao da Madeira	PT
Sao Joao da Ponte	BR
Sao Joao da Talha	PT
Sao Joao das Lampas	PT
Sao Joao de Meriti	BR
Sao Joao de Pirabas	BR
Sao Joao del Rei	BR
Sao Joao do Araguaia	BR
Sao Joao do Caru	BR
Sao Joao do Ivai	BR
Sao Joao do Manhuacu	BR
Sao Joao do Paraiso	BR
Sao Joao do Piaui	BR
Sao Joao do Rio do Peixe	BR
Sao Joao do Soter	BR
Sao Joao do Triunfo	BR
Sao Joao dos Inhamuns	BR
Sao Joao dos Patos	BR
Sao Joaquim	BR
Sao Joaquim da Barra	BR
Sao Joaquim de Bicas	BR
Sao Joaquim do Monte	BR
Sao Jorge de Arroios	PT
Sao Jose	BR
Sao Jose da Coroa Grande	BR
Sao Jose da Laje	BR
Sao Jose da Lapa	BR
Sao Jose da Tapera	BR
Sao Jose de Areal	IN
Sao Jose de Mipibu	BR
Sao Jose de Piranhas	BR
Sao Jose de Ribamar	BR
Sao Jose do Belmonte	BR
Sao Jose do Calcado	BR
Sao Jose do Campestre	BR
Sao Jose do Cedro	BR
Sao Jose do Egito	BR
Sao Jose do Jacuipe	BR
Sao Jose do Norte	BR
Sao Jose do Rio Claro	BR
Sao Jose do Rio Pardo	BR
Sao Jose do Rio Preto	BR
Sao Jose do Vale do Rio Preto	BR
Sao Jose dos Campos	BR
Sao Jose dos Pinhais	BR
Sao Jose dos Quatro Marcos	BR
Sao Lazaro	CN
Sao Leopoldo	BR
Sao Lourenco	CN
Sao Lourenco da Mata	BR
Sao Lourenco da Serra	BR
Sao Lourenco do Oeste	BR
Sao Lourenco do Sul	BR
Sao Lucas	BR
Sao Ludgero	BR
Sao Luis	BR
Sao Luis Gonzaga do Maranhao	BR
Sao Luis de Montes Belos	BR
Sao Luis do Curu	BR
Sao Luis do Paraitinga	BR
Sao Luis do Quitunde	BR
Sao Luiz Gonzaga	BR
Sao Mamede de Infesta	PT
Sao Manuel	BR
Sao Marcos	BR
Sao Martinho	PT
Sao Martinho do Bispo	PT
Sao Mateus	BR
Sao Mateus do Maranhao	BR
Sao Mateus do Sul	BR
Sao Miguel	BR
Sao Miguel Arcanjo	BR
Sao Miguel d'Oeste	BR
Sao Miguel das Matas	BR
Sao Miguel do Araguaia	BR
Sao Miguel do Gostoso	BR
Sao Miguel do Guama	BR
Sao Miguel do Guapore	BR
Sao Miguel do Iguacu	BR
Sao Miguel do Tapuio	BR
Sao Miguel do Tocantins	BR
Sao Miguel dos Campos	BR
Sao Paulo	BR
Sao Paulo de Frades	PT
Sao Paulo de Olivenca	BR
Sao Paulo do Potengi	BR
Sao Pedro	BR
Sao Pedro da Agua Branca	BR
Sao Pedro da Aldeia	BR
Sao Pedro da Cova	PT
Sao Pedro do Piaui	BR
Sao Pedro do Sul	BR
Sao Rafael	BR
Sao Raimundo Nonato	BR
Sao Raimundo das Mangabeiras	BR
Sao Romao	BR
Sao Roque	BR
Sao Sebastiao	BR
Sao Sebastiao da Boa Vista	BR
Sao Sebastiao da Grama	BR
Sao Sebastiao de Lagoa de Roca	BR
Sao Sebastiao do Cai	BR
Sao Sebastiao do Maranhao	BR
Sao Sebastiao do Paraiso	BR
Sao Sebastiao do Passe	BR
Sao Sebastiao do Uatuma	BR
Sao Sepe	BR
Sao Simao	BR
Sao Tiago	BR
Sao Tiago de Custoias	PT
Sao Tome	ST
Sao Vicente	BR
Sao Vicente Ferrer	BR
Sao Vicente do Serido	BR
Saoner	IN
Saonre	BF
Saoula	DZ
Sapanca	TR
Sapang	PH
Sapatgram	IN
Sape	BR
Sapeacu	BR
Sapele	NG
Saperna Slobidka	UA
Sapezal	BR
Saph	CI
Saphan Sung	TH
Sapiranga	BR
Sapopemba	BR
Saposoa	PE
Sapouy	BF
Sapporo	JP
Sapucaia	BR
Sapucaia do Sul	BR
Sapulpa	US
Saqqez	IR
Saquarema	BR
Saqultah	EG
Sar Bu Taung	MM
Sar-e Pul	AF
Sarab	IR
Saraburi	TH
Sarafand	LB
Sarahs	TM
Sarai Akil	IN
Sarai Alamgir	PK
Sarai Ekdil	IN
Sarai Mir	IN
Sarai Naurang	PK
Sarai Sidhu	PK
Saraikela	IN
Saraipali	IN
Saraj	MK
Sarajevo	BA
Sarakagui	CI
Sarakhs	IR
Saraktash	RU
Saraland	US
Saram	IN
Saran	KZ
Sarande	AL
Sarandi	BR
Sarangarh	IN
Sarangpore	IN
Sarangpur	IN
Sarankhola	BD
Saransk	RU
Sarapaka	IN
Sarapui	BR
Sarapul	RU
Saraqib	SY
Sarasota	US
Sarasota Springs	US
Sarat 'Abidah	SA
Saratoga	US
Saratoga Springs	US
Saratok	MY
Saratov	RU
Sarauli	IN
Saravan	IR
Saravli	IN
Saray	AZ
Sarayan	IR
Saraykent	TR
Saraykoey	TR
Sarayoenue	TR
Sarbogard	HU
Sarcelles	FR
Sardao	PT
Sardarshahr	IN
Sardasht	IR
Sardhana	IN
Sardis	CA
Sardrud	IR
Sardulgarh	IN
Sarezzo	IT
Sargodha	PK
Sargur	IN
Sarh	TD
Sari	IR
Sariaya	PH
Sarigam INA	IN
Sarigerme	TR
Sarigoel	TR
Sarihamzali	TR
Sarikamis	TR
Sarikei	MY
Sarishabari	BD
Sariwon-si	KP
Sarjamda	IN
Sarjapur	IN
Sarkad	HU
Sarkhej	IN
Sarkikaraagac	TR
Sarkisla	TR
Sarlat-la-Caneda	FR
Sarmi	ID
Sarnen	CH
Sarni	IN
Sarnia	CA
Sarno	IT
Sarny	UA
Saronno	IT
Sarospatak	HU
Sarov	RU
Sarpang	BT
Sarpol-e Zahab	IR
Sarpsborg	NO
Sarqant	KZ
Sarrebourg	FR
Sarreguemines	FR
Sarria	ES
Sarria-Sant Gervasi	ES
Sarriguren	ES
Sarstedt	DE
Sartana	UA
Sartell	US
Sartrouville	FR
Sarubetsu	JP
Saruhanli	TR
Sarvar	HU
Sarwar	IN
Saryaghash	KZ
Sarykemer	KZ
Saryozek	KZ
Sarzana	IT
Sarzedo	BR
Sasaguri	JP
Sasaram	IN
Sasayama	JP
Sasazuka	JP
Sascut	RO
Sasebo	JP
Sasel	DE
Sashalom	HU
Sashiki	JP
Sashiogi	JP
Saskatoon	CA
Sasmuan	PH
Sasni	IN
Sasolburg	ZA
Sason	TR
Sasovo	RU
Sassandra	CI
Sassari	IT
Sassenage	FR
Sassenberg	DE
Sassenburg	DE
Sassenheim	NL
Sassier	HT
Sassnitz	DE
Sassuolo	IT
Sastamala	FI
Sasvad	IN
Satai	IN
Satalkheri	IN
Satana	IN
Satara	IN
Satellite Beach	US
Satgawan	IN
Sathankulam	IN
Sathon	TH
Sathorn	TH
Sathupalli	IN
Sathyamangalam	IN
Satipo	PE
Satiro Dias	BR
Satka	RU
Satkania	BD
Satkhira	BD
Satlapur	IN
Satna	IN
Satoraljaujhely	HU
Satosho	JP
Satpayev	KZ
Satraud Kalan	IN
Satrikh	IN
Satrod Khas	IN
Sattahip	TH
Satte	JP
Sattenapalle	IN
Sattur	IN
Satu Mare	RO
Satuba	BR
Satuek	TH
Satun	TH
Satwas	IN
Satyamangala	IN
Sau Mau Ping	HK
Saubara	BR
Saucillo	MX
Saudades	BR
Saude	BR
Saugor	IN
Saugus	US
Saujana	SG
Sauk Rapids	US
Sauk Village	US
Sault Ste. Marie	CA
Saumlaki	ID
Saumur	FR
Saunalahti	FI
Saunda	IN
Saundatti	IN
Sauri	NG
Saurikh	IN
Saurimo	AO
Sausar	IN
Sava	IT
Savage	US
Savalou	BJ
Savaneta	AW
Savanna-la-Mar	JM
Savannah	US
Savannakhet	LA
Savantvadi	IN
Savanur	IN
Savar	BD
Savarkundla	IN
Savastepe	TR
Savda	IN
Save	BJ
Saveh	IR
Savelugu	GH
Saverne	FR
Savgadh	IN
Saviano	IT
Savigliano	IT
Savignano sul Rubicone	IT
Savigny-le-Temple	FR
Savigny-sur-Orge	FR
Savli	IN
Savona	IT
Savonlinna	FI
Saw Bwar Gyi Kone	MM
Sawa	IN
Sawa Sawa	KE
Sawai Madhopur	IN
Sawang Daen Din	TH
Sawangan	ID
Sawankhalok	TH
Sawar	IN
Sawara	JP
Sawtelle	US
Sawyerpuram	IN
Sax	ES
Say	NE
Sayalgudi	IN
Sayama	JP
Sayan	IN
Sayanogorsk	RU
Sayansk	RU
Sayat	TM
Saybag	CN
Sayhat	SA
Sayla	IN
Saylac	SO
Saynshand	MN
Sayo	JP
Sayreville	US
Sayreville Junction	US
Sayula	MX
Sayula de Aleman	MX
Sayville	US
Sayyan	YE
Sbeitla	TN
Scafati	IT
Scaggsville	US
Scampia	IT
Scandiano	IT
Scandicci	IT
Scarborough	GB
Scarborough Village	CA
Scarsdale	US
Sceaux	FR
Schaerbeek	BE
Schaffhausen	CH
Schagen	NL
Schalksmuehle	DE
Scharbeutz	DE
Scharnhorst	DE
Scharnhorst-Ost	DE
Schaumburg	US
Scheessel	DE
Schenectady	US
Schererville	US
Schermbeck	DE
Schertz	US
Scheveningen	NL
Schiebroek	NL
Schiedam	NL
Schierstein	DE
Schiffdorf	DE
Schifferstadt	DE
Schiffweiler	DE
Schijndel	NL
Schilde	BE
Schiller Park	US
Schiltigheim	FR
Schio	IT
Schkeuditz	DE
Schleiden	DE
Schleswig	DE
Schlieren	CH
Schlitz	DE
Schluechtern	DE
Schmalkalden	DE
Schmallenberg	DE
Schmargendorf	DE
Schmelz	DE
Schmoelln	DE
Schneeberg	DE
Schnelsen	DE
Schneverdingen	DE
Schoemansdal	ZA
Schoenebeck	DE
Schoeneberg	DE
Schoenefeld	DE
Schoeneiche	DE
Schoeningen	DE
Schofield Barracks	US
Schonaich	DE
Schongau	DE
Schoonhoven	NL
Schopfheim	DE
Schorndorf	DE
Schortens	DE
Schoten	BE
Schotten	DE
Schramberg	DE
Schriesheim	DE
Schrobenhausen	DE
Schroeder	BR
Schueren	DE
Schuettorf	DE
Schwabach	DE
Schwabmunchen	DE
Schwaebisch Gmuend	DE
Schwaebisch Hall	DE
Schwaigern	DE
Schwalbach	DE
Schwalbach am Taunus	DE
Schwalmstadt	DE
Schwalmtal	DE
Schwandorf in Bayern	DE
Schwanewede	DE
Schwarzenbach an der Saale	DE
Schwarzenbek	DE
Schwarzenberg	DE
Schwaz	AT
Schwechat	AT
Schwedt (Oder)	DE
Schweinfurt	DE
Schweizer-Reneke	ZA
Schwelm	DE
Schwerin	DE
Schwerte	DE
Schwetzingen	DE
Schwieberdingen	DE
Schwyz	CH
Sciacca	IT
Scicli	IT
Scierie	CI
Scordia	IT
Scornicesti	RO
Scotch Plains	US
Scott Lake	US
Scottburgh	ZA
Scottdale	US
Scotts Valley	US
Scottsbluff	US
Scottsboro	US
Scottsdale	US
Scranton	US
Scunthorpe	GB
Sderot	IL
Se	MO
SeaTac	US
Seabra	BR
Seabrook	US
Seafair	CA
Seaford	GB
Seagoville	US
Seaham	GB
Seal Beach	US
Seara	BR
Searcy	US
Seaside	US
Seaton	AU
Seattle	US
Sebastian	US
Sebauh	MY
Sebayeng	ZA
Sebba	BF
Sebdou	DZ
Seberi	BR
Sebes	RO
Sebeta	ET
Sebikhotane	SN
Sebin Karahisar	TR
Sebring	US
Sebt Bni Garfett	MA
Sebt Gzoula	MA
Sebuyau	MY
Secaucus	US
Sechi	CI
Sechura	PE
Seclin	FR
Secondigliano	IT
Secret Harbour	AU
Sector 1	RO
Sector 2	RO
Sector 3	RO
Sector 4	RO
Sector 5	RO
Sector 6	RO
Secunda	ZA
Secunderabad	IN
Security-Widefield	US
Sedalia	US
Sedam	IN
Sedan	FR
Seddouk	DZ
Sedgefield	ZA
Sedhiou	SN
Sedona	US
Sedrata	DZ
Sedriano	IT
Sedro-Woolley	US
Seeb	OM
Seeheim-Jugenheim	DE
Seekonk	US
Seelze	DE
Seen (Kreis 3)	CH
Seesen	DE
Seevetal	DE
Sefaatli	TR
Seferihisar	TR
Sefrou	MA
Sefwi	GH
Segamat	MY
Segbana	BJ
Segbwema	SL
Segeltorp	SE
Segev Shalom	IL
Segezha	RU
Segou	ML
Segovia	ES
Segrate	IT
Seguela	CI
Seguin	US
Segundo Ensanche	ES
Sehnde	DE
Sehnsa	PK
Sehore	IN
Sehwan	PK
Seiada	TN
Seikgyi	MM
Seinaejoki	FI
Seini	RO
Seiro	JP
Seitifla	CI
Sejong	KR
Sejoumi	TN
Sek'ot'a	ET
Seka	TH
Sekimachi	JP
Sekimachi-minami	JP
Sekinchan	MY
Sekondi	GH
Sekondi-Takoradi	GH
Sekong	LA
Sel'tso	RU
Selama	MY
Selangau	MY
Selargius	IT
Selayang Baru Utara	MY
Selb	DE
Selby	GB
Selcuk	TR
Selden	US
Selebi-Phikwe	BW
Selenginsk	RU
Selestat	FR
Selho	PT
Selibaby	MR
Seligenstadt	DE
Selimpasa	TR
Selkirk	CA
Selm	DE
Selma	US
Selogiri	ID
Selong	ID
Selouane	MA
Selouma	GN
Selsey	GB
Selu	IN
Selva Alegre	PE
Selyatino	RU
Selydove	UA
Semarang	ID
Sembawang Estate	SG
Sembedu	IN
Semboku	JP
Semdinli	TR
Semelhe	PT
Semender	RU
Semenov	RU
Semenovskoye	RU
Semenyih	MY
Semey	KZ
Semi	BJ
Semien	CI
Semikarakorsk	RU
Semikler	TR
Semiluki	RU
Seminole	US
Seminyih	MY
Semirom	IR
Semnan	IR
Semporna	MY
Sena Madureira	BR
Sena Nikhom	TH
Senador Alexandre Costa	BR
Senador Canedo	BR
Senador Guiomard	BR
Senador Jose Porfirio	BR
Senador La Rocque	BR
Senador Pompeu	BR
Senago	IT
Senahu	GT
Senaki	GE
Senanga	ZM
Senapparetti	IN
Sendafa	ET
Sendagaya	JP
Sendagi	JP
Sendai	JP
Sendamangalam	IN
Sendarappatti	IN
Senden	DE
Sendenhorst	DE
Sendhwa	IN
Senec	SK
Seneffe	BE
Senekal	ZA
Senftenberg	DE
Sengerema	TZ
Senges	BR
Sengkang	ID
Sengkang New Town	SG
Sengkurong	BN
Senhor do Bonfim	BR
Senhora da Hora	PT
Senhora do Porto	PT
Senhora dos Remedios	BR
Senica	SK
Senigallia	IT
Senirkent	TR
Senja	SG
Senjan	IR
Senlis	FR
Sennan	JP
Sennar	SD
Sens	FR
Sensuntepeque	SV
Senta	RS
Sentani	ID
Sento Se	BR
Sentul	MY
Senzoku	JP
Seodong	KR
Seogwipo	KR
Seohara	IN
Seondha	IN
Seonghwan	KR
Seongnam-si	KR
Seoni	IN
Seoni Chhapara	IN
Seoni Malwa	IN
Seosan	KR
Seoul	KR
Sepang	MY
Sepatan	ID
Seppa	IN
Sept-Iles	CA
Septemes-les-Vallons	FR
Sepuka	TZ
Seputeh	MY
Sequeira	PT
Serafimovskiy	RU
Serafina Correa	BR
Seraing	BE
Serang	ID
Serangoon	SG
Serangoon Garden	SG
Serangoon New Town	SG
Serasa	BN
Serchhip	IN
Serdar	TM
Serdobsk	RU
Sereflikochisar	TR
Sereg	SK
Seregno	IT
Serekunda	GM
Seremban	MY
Seremban 2	MY
Serendah	MY
Serenje	ZM
Sergach	RU
Sergeli	UZ
Sergiyev Posad	RU
Seri Iskandar	MY
Seri Kembangan	MY
Seri Manjung	MY
Seria	BN
Serian	MY
Seriate	IT
Serik	TR
Serilingampalle	IN
Seringueiras	BR
Serinhisar	TR
Serinyol	TR
Seririt	ID
Seropedica	BR
Serov	RU
Serowe	BW
Serpong	ID
Serpukhov	RU
Serra	BR
Serra Azul	BR
Serra Branca	BR
Serra Caiada	BR
Serra Dourada	BR
Serra Negra	BR
Serra Preta	BR
Serra Talhada	BR
Serra do Mel	BR
Serra do Ramalho	BR
Serra do Salitre	BR
Serrana	BR
Serrano do Maranhao	BR
Serres	GR
Serrinha	BR
Serrita	BR
Serro	BR
Serrolandia	BR
Sertania	BR
Sertanopolis	BR
Sertaozinho	BR
Sertolovo	RU
Serui	ID
Serula	IN
Seryshevo	RU
Sesena	ES
Sesheke	ZM
Sesimbra	PT
Seskine	LT
Sestao	ES
Sesto Fiorentino	IT
Sesto San Giovanni	IT
Sestri Levante	IT
Sestroretsk	RU
Sestu	IT
Sesvete	HR
Set Ka Lay	MM
Setagaya	JP
Setakamachi-takayanagi	JP
Setapak	MY
Setauket-East Setauket	US
Sete	FR
Sete Barras	BR
Sete Lagoas	BR
Sete Quedas	BR
Sete Rios	PT
Setharja Old	PK
Setia Alam	MY
Setia Tropika	MY
Setif	DZ
Seto	JP
Setor Complementar de Industria e Abastecimento	BR
Setouchi	JP
Setsan	MM
Settat	MA
Setti Fatma	MA
Settimo Milanese	IT
Settimo Torinese	IT
Settiyarpatti	IN
Settsu	JP
Settur	IN
Setubal	PT
Setun'	RU
Sevan	AM
Sevastopol	UA
Seven Hills	AU
Seven Oaks	US
Seven Sisters	GB
Sevenoaks	GB
Severinia	BR
Severn	US
Severna Park	US
Severnyy	RU
Severo-Zadonsk	RU
Severobaykal'sk	RU
Severodvinsk	RU
Severomorsk	RU
Severoural'sk	RU
Seversk	RU
Severskaya	RU
Seveso	IT
Sevierville	US
Sevilimedu	IN
Sevilla	ES
Seville Grove	AU
Sevlievo	BG
Sevran	FR
Sevres	FR
Sevugampatti	IN
Sevur	IN
Sewell	US
Sewon	ID
Seydi	TM
Seydisehir	TR
Seymour	US
Seynod	FR
Seyssinet-Pariset	FR
Sezze	IT
Sfantu Gheorghe	RO
Sfax	TN
Sfizef	DZ
Sh'iariah	SD
Sha Tin	HK
Sha Tin Wai	HK
Shaba	CN
Shabqadar	PK
Shache	CN
Shadegan	IR
Shadipur Julana	IN
Shadow Hills	US
Shadrinsk	RU
Shadwell	GB
Shady Hills	US
Shafi Pur Ranhola	IN
Shafter	US
Shagamu	NG
Shagang	CN
Shagonar	RU
Shah Alam	MY
Shahabad	IN
Shahada	IN
Shahapur	IN
Shahba	SY
Shahbazpur	IN
Shahbazpur Town	BD
Shahdad Kot	PK
Shahdadpur	PK
Shahdol	IN
Shahe	CN
Shahecheng	CN
Shahedshahr	IR
Shahganj	IN
Shahgarh	IN
Shahhat	LY
Shahi	IN
Shahin Dezh	IR
Shahin Shahr	IR
Shahjanpur	IN
Shahkot	PK
Shahpur	IN
Shahpur Chakar	PK
Shahpura	IN
Shahr Sultan	PK
Shahr-e Babak	IR
Shahr-e Jadid-e Mehestan	IR
Shahr-e Kian	IR
Shahr-e Kord	IR
Shahr-e Qods	IR
Shahrak	AF
Shahrak-e Mohandesi-ye Zera'i	IR
Shahrak-e Qiamdasht	IR
Shahrak-e Taleqani	IR
Shahre Jadide Andisheh	IR
Shahreza	IR
Shahriar	IR
Shahrisabz	UZ
Shahriston	TJ
Shahritus	TJ
Shahrixon	UZ
Shahrud	IR
Shahuwadi	IN
Shahzadpur	BD
Shailer Park	AU
Shajapur	IN
Shaji	CN
Shajing	CN
Shajing Residential District	CN
Shajing Town	CN
Shakargarh	PK
Shakaskraal	ZA
Shakawe	BW
Shaker Heights	US
Shakhan	KZ
Shakhovskaya	RU
Shakhtarsk	UA
Shakhtarske	UA
Shakhtersk	RU
Shakhtinsk	KZ
Shakhty	RU
Shakhun'ya	RU
Shakiso	ET
Shakopee	US
Shaktinagar	IN
Shalateen	EG
Shalatin	EG
Shali	RU
Shaliuhe	CN
Shalkar	KZ
Shalqar	KZ
Shalushka	RU
Sham Shui Po	HK
Sham Tseng	HK
Shama Junction	GH
Shamakhi	AZ
Shambu	ET
Shamgarh	IN
Shamkhor	AZ
Shamli	IN
Shamsabad	IN
Shamshabad	IN
Shamva	ZW
Shan Chaung	MM
Shancheng	CN
Shandan	CN
Shangchong	CN
Shanghai	CN
Shanghe	CN
Shanghuang	CN
Shangi	RW
Shangkou	CN
Shangluo	CN
Shangmei	CN
Shangpa	CN
Shangqiu	CN
Shangrao	CN
Shangri-La	CN
Shangsi	CN
Shangyu	CN
Shangyun	CN
Shangzhi	CN
Shanhaiguan	CN
Shanhecun	CN
Shani	NG
Shanji	CN
Shankargarh	IN
Shankill	IE
Shankou	CN
Shanting	CN
Shantipur	IN
Shanto	ET
Shantou	CN
Shanwa	TZ
Shanwang	CN
Shanwei	CN
Shaodian	CN
Shaoguan	CN
Shaoshan	CN
Shaowu	CN
Shaoxing	CN
Shaoyang	CN
Shaoyu	CN
Shaoyun	CN
Shaozhuang	CN
Shap Pat Heung	HK
Shaping	CN
Shaqra	SA
Shar'ya	RU
Shardara	KZ
Sharifabad	PK
Sharjah	AE
Sharm el-Sheikh	EG
Sharon	US
Sharonville	US
Sharqpur Sharif	PK
Sharypovo	RU
Shashamane	ET
Shasta Lake	US
Shatian	CN
Shatou Residential	CN
Shatura	RU
Shau Kei Wan	HK
Shaw	US
Shawan	CN
Shawei	CN
Shawinigan	CA
Shawnee	US
Shaydon	TJ
Shaykh Miskin	SY
Shayu	CN
Shazand	IR
Shazi	CN
Shchastya	UA
Shchekino	RU
Shchemylivka	UA
Shcherbinka	RU
Shchigry	RU
Shcholkine	UA
Shchuchinsk	KZ
Shchuchyn	BY
Shchukino	RU
Shchyolkovo	RU
Shebekino	RU
Sheboygan	US
Sheepshead Bay	US
Sheerness	GB
Shefar'am	IL
Sheffield	GB
Shefford	GB
Shegaon	IN
Shehera	IN
Sheikhpura	IN
Shek Kip Mei	HK
Shek Kip Mei Estate	HK
Shek Lei	HK
Shek O	HK
Shek Pai Wan Estate	HK
Shek Wai Kok	HK
Shekhpura	IN
Shekhupura	PK
Sheki	AZ
Shekou	CN
Sheksna	RU
Shelar	IN
Shelbourne	CA
Shelby	US
Shelbyville	US
Shelekhov	RU
Shella	IN
Shellmont	CA
Shelton	US
Shelui	TZ
Shemonaikha	KZ
Shenandoah	US
Shendi	SD
Shendurjana	IN
Shenfield	GB
Shengavit	AM
Shenglilu	CN
Shenjiamen	CN
Shenkottai	IN
Shenliu	CN
Sheno	ET
Shenyang	CN
Shenzhen	CN
Shenzhen City Centre	CN
Shenzhenwan	CN
Sheoganj	IN
Sheohar	IN
Sheopur	IN
Shepetivka	UA
Shepherds Bush	GB
Shepherdsville	US
Shepparton	AU
Shepperton	GB
Shepshed	GB
Shepton Mallet	GB
Sheptytskyi	UA
Sheraro	ET
Sherbrooke	CA
Sheregesh	RU
Shergarh	IN
Sherghati	IN
Sheridan	US
Sherkot	IN
Sherlovaya Gora	RU
Sherman	US
Sherman Oaks	US
Sherpur	BD
Sherrelwood	US
Shertallai	IN
Sherwood	US
Sherwood Park	CA
Shetan	CN
Shetou	TW
Shetpe	KZ
Sheung Shui	HK
Shevchenkivskyi	UA
Shevchenko	UA
Sheyban	IR
Shi Yomi	IN
Shi'an	CN
Shibao	CN
Shibata	JP
Shibayama	JP
Shibetsu	JP
Shibganj	BD
Shibin al Kawm	EG
Shibin al Qanatir	EG
Shibirghan	AF
Shibukawa	JP
Shibushi	JP
Shibuya	JP
Shibuzi	CN
Shichijo	JP
Shichinohe	JP
Shichuan	CN
Shidi	CN
Shido	JP
Shidui	CN
Shigang	CN
Shiggaon	IN
Shigu	CN
Shiguai	CN
Shihao	CN
Shihezi	CN
Shihui	CN
Shiida	JP
Shijak	AL
Shiji	CN
Shijiao	CN
Shijiazhuang	CN
Shijiba	CN
Shijie	CN
Shijonawate	JP
Shikang	CN
Shikaripura	IN
Shikarpur	PK
Shiki	JP
Shikohabad	IN
Shikokuchuo	JP
Shili	CN
Shilin	CN
Shilka	RU
Shillong	IN
Shiloh	US
Shilong	CN
Shilongba	CN
Shilovo	RU
Shima	CN
Shimabara	JP
Shimada	JP
Shimanovsk	RU
Shime	JP
Shimen	CN
Shimla	IN
Shimo'ochiai	JP
Shimo-furano	JP
Shimo-tsuma	JP
Shimobuchi	JP
Shimoda	JP
Shimodate	JP
Shimogamo	JP
Shimoigusa	JP
Shimokizukuri	JP
Shimonoseki	JP
Shimosuwa	JP
Shimotoda	JP
Shimotsuke	JP
Shimura	JP
Shin'ichi	JP
Shinagawa	JP
Shinas	OM
Shindand	AF
Shinden	JP
Shingu	JP
Shinjo	JP
Shinjuku	JP
Shinshicho	ET
Shinshiro	JP
Shintomi	JP
Shinyanga	TZ
Shiogama	JP
Shioiri	JP
Shiojiri	JP
Shiozawa	JP
Shipley	GB
Shipunovo	RU
Shiqi	CN
Shiqiao	CN
Shiqiaozi	CN
Shiquan	CN
Shiraguppi	IN
Shirahama	JP
Shirahamacho-usazakiminami	JP
Shirakawa	JP
Shiraoi	JP
Shiraoka	JP
Shirati	TZ
Shiraz	IR
Shirbin	EG
Shirdi	IN
Shirebrook	GB
Shirhatti	IN
Shirley	GB
Shiroi	JP
Shiroishi	JP
Shirone	JP
Shirpur	IN
Shirud	IR
Shirvan	IR
Shirwal	IN
Shishgarh	IN
Shiso	JP
Shisui	JP
Shitan	CN
Shitanjing	CN
Shituo	CN
Shivaji Nagar	IN
Shivamogga	IN
Shivatkar	IN
Shively	US
Shivpur Charcha	IN
Shivpuri	IN
Shiwan	CN
Shixia	CN
Shixing	CN
Shiyan	CN
Shiyeli	KZ
Shiyu	CN
Shizhai	CN
Shizhi	CN
Shizilu	CN
Shizuishan	CN
Shizukuishi	JP
Shizunai-furukawacho	JP
Shizuoka	JP
Shklov	BY
Shkoder	AL
Shlissel'burg	RU
Sho'rchi	UZ
Shobara	JP
Shobu	JP
Shobudahama	JP
Shofirkon Shahri	UZ
Shoham	IL
Shokat as-Sufi	PS
Sholakkorgan	KZ
Sholapur	IN
Sholavandan	IN
Sholinganallur	IN
Sholinghur	IN
Sholokhovskiy	RU
Shomolu	NG
Shonai	JP
Shone	ET
Shopian	IN
Shoranur	IN
Shorapur	IN
Shoreham-by-Sea	GB
Shoreline	US
Shoreview	US
Shorewood	US
Shorkot	PK
Short Hills	US
Short Pump	US
Shostka	UA
Shouguang	CN
Shouxian	CN
Shovot	UZ
Show Low	US
Showa	JP
Showt	IR
Shpola	UA
Shreveport	US
Shrewsbury	GB
Shrigonda	IN
Shrirampur	IN
Shrirangapattana	IN
Shrivardhan	IN
Shtime	XK
Shtip	MK
Shu	KZ
Shuangcheng	CN
Shuangfeng	CN
Shuangfengqiao	CN
Shuangfu	CN
Shuanggou	CN
Shuanghe	CN
Shuanghekou	CN
Shuanghuai	CN
Shuangjiang	CN
Shuangjinhui	CN
Shuangliao	CN
Shuanglong	CN
Shuanglongchang	CN
Shuanglonghu	CN
Shuanglu	CN
Shuangshi	CN
Shuangtang	CN
Shuangyang	CN
Shuangyashan	CN
Shubarkuduk	KZ
Shubra al Khaymah	EG
Shubrakhit	EG
Shuen Wan	HK
Shui Chuen O	HK
Shuifu	CN
Shuijiang	CN
Shuikou	CN
Shuitu	CN
Shuiyang	CN
Shuizhai	CN
Shujaabad	PK
Shujalpur	IN
Shukat as Sufi	PS
Shukugo	JP
Shulan	CN
Shulin	TW
Shulyavka	UA
Shumanay	UZ
Shumen	BG
Shumerlya	RU
Shumikha	RU
Shunan	JP
Shunhe	CN
Shuniah	CA
Shunyi	CN
Shunzhou	CN
Shuren	CN
Shurugwi	ZW
Shush	IR
Shushary	RU
Shushenskoye	RU
Shushtar	IR
Shuya	RU
Shuzenji	JP
Shwe Lin Ban	MM
Shwebo	MM
Shwegu	MM
Shwegyin	MM
Shwenatha	MM
Shyamnagar	IN
Shymkent	KZ
Shyorongi	RW
Si Bun Rueang	TH
Si Chiang Mai	TH
Si Maha Phot	TH
Si Mahosot	TH
Si Racha	TH
Si Sa Ket	TH
Si Satchanalai	TH
Siahkal	IR
Sialkot	PK
Siasi	PH
Siat	IN
Siauliai	LT
Siavonga	ZM
Siaya	KE
Sibanicu	CU
Sibate	CO
Sibay	RU
Sibbo	FI
Sibenik	HR
Sibi	PK
Sibirskiy	RU
Sibiti	CG
Sibiu	RO
Sibolga	ID
Sibonga	PH
Sibsagar	IN
Sibu	MY
Sibu Jaya	MY
Sibulan	PH
Siburan	MY
Sibut	CF
Sicklerville	US
Sicuani	PE
Sidareja	ID
Sidcup	GB
Siddapur	IN
Siddhapur	IN
Siddharthanagar	NP
Siddipet	IN
Side	TR
Siderno	IT
Sideropolis	BR
Sidfa	EG
Sidhauli	IN
Sidhi	IN
Sidhpura	IN
Sidi Abdelli	DZ
Sidi Abid	TN
Sidi Aissa	DZ
Sidi Akkacha	DZ
Sidi Allal El Bahraoui	MA
Sidi Amar	DZ
Sidi Amrane	DZ
Sidi Barani	EG
Sidi Bel Abbes	DZ
Sidi Ben Adda	DZ
Sidi Bennour	MA
Sidi Bin Zinah	LY
Sidi Bou Ali	TN
Sidi Bou Lanouar	MA
Sidi Bou Othmane	MA
Sidi Bouzid	TN
Sidi Ghazi	EG
Sidi Ifni	MA
Sidi Kacem	MA
Sidi Khaled	DZ
Sidi Lmokhtar	MA
Sidi Merouane	DZ
Sidi Moussa	DZ
Sidi Okba	DZ
Sidi Rahal	MA
Sidi Rahhal	MA
Sidi Salim	EG
Sidi Slimane	MA
Sidi Slimane Echcharaa	MA
Sidi Tabet	TN
Sidi Taibi	MA
Sidi Yahia El Gharb	MA
Sidi Yahya Zaer	MA
Sidi Zouine	MA
Sidi ech Chahmi	DZ
Sidikalang	ID
Sidlaghatta	IN
Sidmouth	GB
Sidney	US
Sidoarjo	ID
Sidon	LB
Sidrolandia	BR
Sidsar	IN
Siedlce	PL
Siegburg	DE
Siegen	DE
Siem Reap	KH
Siemensstadt	DE
Siemianowice Slaskie	PL
Siemiatycze	PL
Siena	IT
Sienna Plantation	US
Sieradz	PL
Sierpc	PL
Sierra Madre	US
Sierra Vista	US
Sierra Vista Southeast	US
Sierre	CH
Sietinfla	CI
Sifra	ET
Sig	DZ
Sigatoka	FJ
Sighetu Marmatiei	RO
Sighisoara	RO
Sigli	ID
Sigmaringen	DE
Signa	IT
Signal Hill	CA
Siguatepeque	HN
Siguiri	GN
Sigulda	LV
Sihanoukville	KH
Siheungdong	KR
Sihor	IN
Sihora	IN
Sihu	CN
Siilinjaervi	FI
Siirt	TR
Sijua	IN
Sijung	KP
Sijunjung	ID
Sik	MY
Sikandarabad	IN
Sikandarpur	IN
Sikandra	IN
Sikandra Rao	IN
Sikar	IN
Sikasso	ML
Sikeston	US
Sikka	IN
Sikkarayapuram	IN
Siklos	HU
Sikonge	TZ
Sil-li	KP
Silainiai	LT
Silang	PH
Silao	MX
Silapathar	IN
Silappadi	IN
Silchar	IN
Sile	TR
Siliana	TN
Silifke	TR
Siliguri	IN
Silistra	BG
Silivri	TR
Silkeborg	DK
Silla	ES
Sillamaee	EE
Sillanwali	PK
Sillod	IN
Siloam Springs	US
Silopi	TR
Siltara	IN
Silute	LT
Silva Jardim	BR
Silvan	TR
Silvani	IN
Silvania	BR
Silvassa	IN
Silver City	US
Silver Firs	US
Silver Lake	US
Silver Spring	US
Silver Springs	US
Silverdale	US
Silverwood Heights	CA
Silves	BR
Silvi	IT
Sim	RU
Simancas	ES
Simao Dias	BR
Simaria	IN
Simav	TR
Simcoe	CA
Simdega	IN
Simei New Town	SG
Simele	IQ
Simen	CN
Simeria	RO
Simferopol	UA
Simga	IN
Simi Valley	US
Simiti	CO
Simleu Silvaniei	RO
Simmerath	DE
Simmering	AT
Simoes	BR
Simoes Filho	BR
Simojovel de Allende	MX
Simonesia	BR
Simpang	ID
Simpang Empat	MY
Simpang Renggam	MY
Simplicio Mendes	BR
Simpsonville	US
Simunjan	MY
Sin-le-Noble	FR
Sinabang	ID
Sinah	IQ
Sinaia	RO
Sinan	KR
Sinanju	KP
Sinazongwe	ZM
Sincelejo	CO
Sinch'on-up	KP
Sinchu Alagi	GM
Sinda	ZM
Sindelfingen	DE
Sindgi	IN
Sindhnur	IN
Sindi	IN
Sindirgi	TR
Sindkhed Raja	IN
Sindo	KP
Sinematiali	CI
Sinende	BJ
Sines	PT
Sinfin	GB
Sinfra	CI
Sing Buri	TH
Singa	SD
Singampunari	IN
Singanallur	IN
Singanuram	IN
Singaparna	ID
Singapore	SG
Singapperumalkovil	IN
Singapur	IN
Singaraja	ID
Singarayakonda	IN
Singarbil	BD
Singarva	IN
Singen	DE
Singerei	MD
Singhana	IN
Singida	TZ
Singkawang	ID
Singkil	ID
Singojuruh	ID
Singosari	ID
Singrauli	IN
Singur	IN
Sinhyeon	KR
Sinj	HR
Sinjai	ID
Sinjar	IQ
Sinjhoro	PK
Sinkasse	TG
Sinkat	SD
Sinmak	KP
Sinnai	IT
Sinnar	IN
Sinngu	MM
Sinnuris	EG
Sinop	BR
Sinor	IN
Sinp'o	KP
Sinsang-ni	KP
Sinsheim	DE
Sint-Amandsberg	BE
Sint-Andries	BE
Sint-Genesius-Rode	BE
Sint-Gillis-Waas	BE
Sint-Gillis-bij-Dendermonde	BE
Sint-Katelijne-Waver	BE
Sint-Kruis	BE
Sint-Michiels	BE
Sint-Niklaas	BE
Sint-Oedenrode	NL
Sint-Pieters-Leeuw	BE
Sint-Truiden	BE
Sintang	ID
Sintansin	KR
Sintiou Bamambe	SN
Sintok	MY
Sintra	PT
Sinuiju	KP
Sinwon-up	KP
Sinzheim	DE
Sinzig	DE
Siocon	PH
Siofok	HU
Sioux City	US
Sioux Falls	US
Sipalay	PH
Sipe Sipe	BO
Siping	CN
Sipitang	MY
Sipocot	PH
Sipovo	BA
Sippy Downs	AU
Siqueira Campos	BR
Siquijor	PH
Siquirres	CR
Sir Muttra	IN
Sira	IN
Siracusa	IT
Siraha	NP
Sirajganj	BD
Sirakoro Meguetana	ML
Siralkoppa	IN
Siran	TR
Sirappalli	IN
Sirari	TZ
Siraspur	IN
Sirasso	CI
Sirathu	IN
Sirdaryo	UZ
Sire	ET
Sirgitti	IN
Sirhind	IN
Siribala Coro	ML
Sirinhaem	BR
Siriraj	TH
Sirius	RU
Sirjan	IR
Sirka	IN
Sirkazhi	IN
Sirmaur	IN
Sirnak	TR
Sirohi	IN
Sironj	IN
Sironko	UG
Sirpur	IN
Sirs al Layyanah	EG
Sirsa	IN
Sirsaganj	IN
Sirsi	IN
Sirsilla	IN
Sirte	LY
Sirugamani	IN
Siruguppa	IN
Sirumugai	IN
Sirur	IN
Sirvan	AZ
Sisak	HR
Sisauli	IN
Sishui	CN
Sisian	AM
Sisli	TR
Sisophon	KH
Siswa Bazar	IN
Sita Road	PK
Sitamarhi	IN
Sitamau	IN
Sitampiky	MG
Sitangkai	PH
Sitapur	IN
Sitarganj	IN
Sitges	ES
Sithurajapuram	IN
Sitiawan	MY
Sitio Novo	BR
Sitio Novo do Tocantins	BR
Sitio do Mato	BR
Sitio do Quinto	BR
Sitionuevo	CO
Sitou	CN
Sitrah	BH
Sittard	NL
Sitten	CH
Sittingbourne	GB
Sittwe	MM
Situbondo	ID
Siu Hei	HK
Siu Lek Yuen	HK
Siu Sai Wan Estate	HK
Siuliban	IN
Siuna	NI
Siuri	IN
Sivaganga	IN
Sivagiri	IN
Sivagirippatti	IN
Sivakasi	IN
Sivandipuram	IN
Sivas	TR
Siverek	TR
Siversk	UA
Siverskiy	RU
Siverskodonetsk	UA
Sivni	IN
Sivrihisar	TR
Siwah	EG
Siwan	IN
Siwana	IN
Siwani	IN
Siwei	CN
Six-Fours-les-Plages	FR
Siyabuswa	ZA
Siyeke	CN
Skadovsk	UA
Skalica	SK
Skanderborg	DK
Skanes	TN
Skara	SE
Skardu	PK
Skarzysko-Kamienna	PL
Skawina	PL
Skegness	GB
Skelleftea	SE
Skelmersdale	GB
Skerries	IE
Skhira	TN
Skhirate	MA
Skhodnya	RU
Ski	NO
Skien	NO
Skierniewice	PL
Skikda	DZ
Skipton	GB
Skive	DK
Skoczow	PL
Skoevde	SE
Skofja Loka	SI
Skoghall	SE
Skokie	US
Skopin	RU
Skopje	MK
Skovorodino	RU
Skudai	MY
Skuratovskiy	RU
Skvyra	UA
Skwierzyna	PL
Skyview Ranch	CA
Slacks Creek	AU
Slagelse	DK
Slantsy	RU
Slany	CZ
Slatina	RO
Slavgorod	RU
Slavonski Brod	HR
Slavuta	UA
Slavutych	UA
Slavyanka	RU
Slavyansk-na-Kubani	RU
Slawi	ID
Slawno	PL
Sleaford	GB
Sleepy Hollow	US
Sleman	ID
Slidell	US
Sliedrecht	NL
Sliema	MT
Sligo	IE
Sliven	BG
Slobodka	RU
Slobodskoy	RU
Slobozhanske	UA
Slobozia	RO
Slonim	BY
Slough	GB
Slovyansk	UA
Slubice	PL
Slupca	PL
Slupsk	PL
Slutsk	BY
Slyudyanka	RU
Smach Mean Chey	KH
Smaliavicy	BY
Smara	MA
Smarhon	BY
Smederevo	RS
Smederevska Palanka	RS
Smethwick	GB
Smichov	CZ
Smila	UA
Smithfield	US
Smithtown	US
Smolensk	RU
Smolyan	BG
Smolyanskyi	UA
Smyrna	US
Snaresbrook	GB
Sneek	NL
Snellville	US
Snezhinsk	RU
Snezhnogorsk	RU
Snihurivka	UA
Snina	SK
Snizhne	UA
Snodland	GB
Snoqualmie	US
Snovsk	UA
Snowdon	CA
Snuol	KH
Snyder	US
So Kwun Wat	HK
So Uk	HK
So Uk Estate	HK
Soacha	CO
Soalala	MG
Soalkuchi	IN
Soanierana Ivongo	MG
Soanindrariny	MG
Soata	CO
Soavinandriana	MG
Soba	NG
Sobhodero	PK
Sobinka	RU
Sobradinho	BR
Sobradinho II	BR
Sobral	BR
Sobreda	PT
Sobue	JP
Soc Son	VN
Soc Trang	VN
Socastee	US
Soccavo	IT
Sochaczew	PL
Sochi	RU
Socopo	VE
Socorro	BR
Socorro Mission Number 1 Colonia	US
Socuellamos	ES
Soddy-Daisy	US
Sodegaura	JP
Sodhri	PK
Sodo	ET
Soe	ID
Soederhamn	SE
Soedermalm	SE
Soedertaelje	SE
Soeke	TR
Soemmerda	DE
Soeng Sang	TH
Soernaeinen	FI
Soest	DE
Sofia	BG
Sofifi	ID
Sofiivska Borschahivka	UA
Sofo-Birnin-Gwari	NG
Sofrino	RU
Sogam	IN
Sogamoso	CO
Sohag	EG
Sohagpur	IN
Sohar	OM
Sohna	IN
Soho	GB
Soignies	BE
Soissons	FR
Soisy-sous-Montmorency	FR
Soja	JP
Sojat	IN
Sojitra	IN
Soka	JP
Sokal	UA
Sokaraja	ID
Sokcho	KR
Sokhumi	GE
Soko	ID
Sokode	TG
Sokol	RU
Sokol'niki	RU
Sokolka	PL
Sokolohirsk	UA
Sokolov	CZ
Sokolow Podlaski	PL
Sokone	SN
Sokoni	TZ
Sokoto	NG
Sol'-Iletsk	RU
Sol'tsy	RU
Solan	IN
Solana	PH
Solana Beach	US
Solanea	BR
Solano	PH
Solap	IN
Solaro	IT
Soldato-Aleksandrovskoye	RU
Solec Kujawski	PL
Soledad	CO
Soledad de Doblado	MX
Soledad de Graciano Sanchez	MX
Soledade	BR
Soledar	UA
Solenzo	BF
Solhan	TR
Soligorsk	BY
Solihull	GB
Solikamsk	RU
Solim	IN
Soliman	TN
Solin	HR
Solingen	DE
Sollentuna	SE
Soller	ES
Sollies-Pont	FR
Solms	DE
Solna	SE
Solnechniy	RU
Solnechnodol'sk	RU
Solnechnogorsk	RU
Solnechnyy	RU
Solntsevo	RU
Solofra	IT
Solok	ID
Solola	GT
Soloma	GT
Solomyansk	UA
Solon	US
Solonopole	BR
Solonytsivka	UA
Solothurn	CH
Solrod Strand	DK
Solsumba	IN
Soltau	DE
Solwezi	ZM
Soma	TR
Somain	FR
Somampalaiyam	IN
Somanda	TZ
Somandepalle	IN
Somaroboro	ZA
Sombor	RS
Sombrerete	MX
Sombrio	BR
Someren	NL
Somers Point	US
Somerset	US
Somerset East	ZA
Somerset West	ZA
Somersworth	US
Somerton	US
Somerville	US
Someshvara	IN
Someshwar	IN
Somma Lombardo	IT
Somma Vesuviana	IT
Somotillo	NI
Somoto	NI
Somovo	RU
Sompeta	IN
Son La	VN
Son Rapinya	ES
Son Servera	ES
Son Tay	VN
Son Tra	VN
Sonamukhi	IN
Sonamura	IN
Sonargaon	BD
Sonari	IN
Sonbong	KP
Sonderborg	DK
Sondershausen	DE
Sondrio	IT
Sonegaon	IN
Sonepur	IN
Song Cau	VN
Songadh	IN
Songan	CI
Songbai	CN
Songcheng	CN
Songea	TZ
Songgai	CN
Songgang	CN
Songgangdong	KR
Songhwa	KP
Songjiang	CN
Songjianghe	CN
Songkhla	TH
Songling	CN
Songlingcun	CN
Songlou	CN
Songnae-ri	KP
Songnim-ni	KP
Songo	AO
Songon	CI
Songshu	CN
Songwa	TZ
Songwon	KP
Songwon-up	KP
Songyang	CN
Songyuan	CN
Soni	TZ
Sonipat	IN
Sonkach	IN
Sonneberg	DE
Sonobe	JP
Sonoma	US
Sonora	BR
Sonoyta	MX
Sonpet	IN
Sonqor	IR
Sonseca	ES
Sonson	CO
Sonsonate	SV
Sonthofen	DE
Sonzacate	SV
Soo	JP
Sook Kalan	PK
Sooretama	BR
Sopela	ES
Sopot	PL
Sopron	HU
Sopur	IN
Sora	IT
Sorab	IN
Sorada	IN
Soran	IQ
Soreang	ID
Sorel-Tracy	CA
Sorgues	FR
Sorgun	TR
Soria	ES
Soritor	PE
Soro	IN
Soroca	MD
Sorocaba	BR
Sorochinsk	RU
Soroksar	HU
Sorokyne	UA
Soron	IN
Sorong	ID
Soroti	UG
Sorrento	IT
Sorriso	BR
Sorsk	RU
Sorso	IT
Sorsogon	PH
Sortavala	RU
Sortland	NO
Sosa	JP
Sosenskiy	RU
Soshanguve	ZA
Sosnivka	UA
Sosnogorsk	RU
Sosnovaya Polyana	RU
Sosnovka	RU
Sosnovoborsk	RU
Sosnovyy Bor	RU
Sosnowiec	PL
Sotkamo	FI
Soto la Marina	MX
Sotouboua	TG
Sotsmisto	UA
Sotteville-les-Rouen	FR
Soubre	CI
Sougueur	DZ
Souk Ahras	DZ
Souk El Arbaa	MA
Souk Lahad	TN
Souk et Tnine Jorf el Mellah	MA
Souma	DZ
Soumagne	BE
Souq Larb'a al Gharb	MA
Souq Sebt Oulad Nemma	MA
Sour el Ghozlane	DZ
Soure	BR
Sousa	BR
Sousse	TN
South Bel Air	US
South Bend	US
South Benfleet	GB
South Boston	US
South Bradenton	US
South Burlington	US
South Charleston	US
South Chicago	US
South Clearbrook	CA
South Croydon	GB
South Daytona	US
South Dublin	IE
South El Monte	US
South Elgin	US
South Elmsall	GB
South Euclid	US
South Farmingdale	US
South Fulton	US
South Gate	US
South Granville	CA
South Hadley	US
South Hayling	GB
South Hedland	AU
South Hill	US
South Holland	US
South Horizons	HK
South Horizons (Estate)	HK
South Houston	US
South Jordan	US
South Jordan Heights	US
South Kannanur	IN
South Kingstown	US
South Lake Tahoe	US
South Laurel	US
South Lawndale	US
South Lyon	US
South Melbourne	AU
South Miami	US
South Miami Heights	US
South Milwaukee	US
South Morang	AU
South Norwood	GB
South Ockendon	GB
South Ogden	US
South Old Bridge	US
South Orange	US
South Ozone Park	US
South Park Township	US
South Parkdale	CA
South Pasadena	US
South Peabody	US
South Penrith	AU
South Perth	AU
South Plainfield	US
South Portland	US
South Portland Gardens	US
South Riding	US
South River	US
South Riverdale	CA
South Ruislip	GB
South Saint Paul	US
South Salt Lake	US
South San Francisco	US
South San Jose Hills	US
South Shields	GB
South Shore	US
South Sioux City	US
South Slope	CA
South Suffolk	US
South Surrey	CA
South Tangerang	ID
South Upi	PH
South Valley	US
South Venice	US
South Vineland	US
South Whittier	US
South Windsor	US
South Yarmouth	US
South Yarra	AU
South Yuba City	US
Southall	GB
Southampton	GB
Southaven	US
Southbank	AU
Southbridge	US
Southbury	US
Southchase	US
Southend-on-Sea	GB
Southern Pines	US
Southern River	AU
Southfield	US
Southgate	US
Southglenn	US
Southington	US
Southlake	US
Southport	GB
Southsea	GB
Southwest Center City Philadelphia	US
Southwest Waterfront	US
Souto Soares	BR
Souza Gare	CM
Souzas	BR
Sovata	RO
Sovetsk	RU
Sovetskaya	RU
Sovetskaya Gavan'	RU
Sovetskiy	RU
Sovetskoye	KG
Soweto	ZA
Sowme'eh Sara	IR
Soyagaon	IN
Soyapango	SV
Soyatkalan	IN
Soyaux	FR
Soygaon	IN
Soyibug	IN
Soyo	AO
Spa	BE
Spaichingen	DE
Spalding	GB
Spanaway	US
Spandau	DE
Spangen	NL
Spanish Fork	US
Spanish Lake	US
Spanish Springs	US
Spanish Town	JM
Spaoh	MY
Sparks	US
Sparta	US
Spartanburg	US
Spassk-Dal'niy	RU
Spearfish	US
Speedway	US
Speke	GB
Spencer	US
Spenge	DE
Spennymoor	GB
Speyer	DE
Spiesen-Elversberg	DE
Spiez	CH
Spijkenisse	NL
Spilimbergo	IT
Spinaceto	IT
Spinea-Orgnano	IT
Spisska Nova Ves	SK
Spitak	AM
Spitalfields	GB
Spittal an der Drau	AT
Split	HR
Spokane	US
Spokane Valley	US
Spoleto	IT
Spreitenbach	CH
Spresiano	IT
Spreydon	NZ
Sprimont	BE
Spring	US
Spring Creek	US
Spring Hill	US
Spring Lake	US
Spring Valley	US
Springbok	ZA
Springboro	US
Springdale	US
Springe	DE
Springfield	US
Springfield Gardens	US
Springfield Lakes	AU
Springs	ZA
Springvale	AU
Springvale South	AU
Springville	US
Sprockhoevel	DE
Spruce Grove	CA
Spryfield	CA
Spuyten Duyvil	US
Squamish	CA
Squinzano	IT
Sragen	ID
Srandakan	ID
Sredneuralsk	RU
Srednyaya Akhtuba	RU
Sreekaryam	IN
Srem	PL
Sremcica	RS
Sremska Kamenica	RS
Sremska Mitrovica	RS
Sri Aman	MY
Sri Dungargarh	IN
Sri Ganganagar	IN
Sri Jayewardenepura Kotte	LK
Sri Madhopur	IN
Sri Petaling	MY
Srikakulam	IN
Srikalahasti	IN
Srikandamangalam	IN
Srimangal	BD
Srimushnam	IN
Srinagar	IN
Srinivaspur	IN
Sriperumbudur	IN
Sriramnagar	IN
Srirampur	IN
Srirampura	IN
Srirampuram	IN
Srisailain	IN
Srisailam Project RFC Township	IN
Srivaikuntam	IN
Srivardhan	IN
Srivilliputhur	IN
Sroda Wielkopolska	PL
Srodmiescie	PL
Srono	ID
Srvanampatti	IN
St Albans	GB
St Austell	GB
St Clair	AU
St Helens	GB
St James's	GB
St Kilda East	AU
St. Albert	CA
St. Andrew-Windfields	CA
St. Ann's	GB
St. Catharines	CA
St. Charles	US
St. Georg	DE
St. Helier	GB
St. John's	CA
St. Johns	US
St. Louis	US
St. Marys	US
St. Pauli	DE
St. Petersburg	US
St. Thomas	CA
Staaken	DE
Stabat	ID
Stablowice	PL
Stabroek	BE
Staden	BE
Stadskanaal	NL
Stadt Winterthur (Kreis 1)	CH
Stadtallendorf	DE
Stadtbergen	DE
Stadthagen	DE
Stadtlohn	DE
Staffanstorp	SE
Stafford	GB
Stahnsdorf	DE
Staines	GB
Stains	FR
Stallings	US
Stalowa Wola	PL
Stalybridge	GB
Stamboliyski	BG
Stamford	US
Stamford Hill	GB
Standerton	ZA
Stanford	US
Stanford-le-Hope	GB
Stanley	GB
Stanton	US
Stantsiya Novyy Afon	GE
Stanwell	GB
Stanytsya-Luhanska	UA
Staphorst	NL
Stara Darnytsya	UA
Stara Lubovna	SK
Stara Pazova	RS
Stara Zagora	BG
Starachowice	PL
Staraya Derevnya	RU
Staraya Kupavna	RU
Staraya Russa	RU
Stare Mesto	SK
Stare Misto	UA
Stare Strasnice	CZ
Stargard	PL
Starkville	US
Starnberg	DE
Starobilsk	UA
Staroderevyankovskaya	RU
Starodub	RU
Starogard Gdanski	PL
Starokamyshinsk	RU
Starokorsunskaya	RU
Starokostyantyniv	UA
Starominskaya	RU
Staromyshastovskaya	RU
Staronizhestebliyevskaya	RU
Staroshcherbinovskaya	RU
Starotitarovskaya	RU
Starovelichkovskaya	RU
Stary Bohumin	CZ
Stary Liskovec	CZ
Staryy Malgobek	RU
Staryy Oskol	RU
Staryye Atagi	RU
Staryye Dorogi	BY
Stassfurt	DE
Staszow	PL
State College	US
Staten Island	US
Statesboro	US
Statesville	US
Statte	IT
Staunton	US
Stavanger	NO
Staveley	GB
Stavropol	RU
Stavroupoli	GR
Steamboat Springs	US
Stebnyk	UA
Steeles	CA
Steenbergen	NL
Steenokkerzeel	BE
Steenwijk	NL
Stefanesti	RO
Steffisburg	CH
Steglitz Bezirk	DE
Steilshoop	DE
Stein	DE
Steinau an der Strasse	DE
Steinbach	CA
Steinbach am Taunus	DE
Steinen	DE
Steinfurt	DE
Steinhagen	DE
Steinheim	DE
Steinheim an der Murr	DE
Steinkjer	NO
Stekene	BE
Stella	IT
Stelle	DE
Stellenbosch	ZA
Stellingen	DE
Stendal	DE
Stenhousemuir	GB
Stenlose	DK
Stenungsund	SE
Stepanavan	AM
Stephenville	US
Stepney	GB
Stepnogorsk	KZ
Stepnoye	RU
Sterling	US
Sterling Heights	US
Sterlitamak	RU
Sternberk	CZ
Steubenville	US
Stevenage	GB
Stevens Point	US
Stevenson Ranch	US
Steveston	CA
Steynsrus	ZA
Steyr	AT
Stezzano	IT
Stijena	BA
Stilfontein	ZA
Stillwater	US
Stiring-Wendel	FR
Stirling	GB
Stittsville	CA
Stjordal	NO
Stjordalshalsen	NO
Stockach	DE
Stockbridge	US
Stockelsdorf	DE
Stockerau	AT
Stockholm	SE
Stockport	GB
Stocksbridge	GB
Stockton	US
Stockton-on-Tees	GB
Stodulky	CZ
Stoecken	DE
Stoke	NZ
Stoke Gifford	GB
Stoke-on-Trent	GB
Stokes Valley	NZ
Stokke	NO
Stolberg	DE
Stolin	BY
Stollberg	DE
Stone	GB
Stonebridge	CA
Stonecrest	US
Stonegate	US
Stonegate-Queensway	CA
Stoneham	US
Stonehaven	GB
Stoney Creek	CA
Stony Brook	US
Stony Plain	CA
Stony Point	US
Storesti	RO
Storm Lake	US
Storozhynets	UA
Storrs	US
Stouffville	CA
Stoughton	US
Stourbridge	GB
Stourport-on-Severn	GB
Stow	US
Stowbtsy	BY
Stowmarket	GB
Strabane	GB
Stradella	IT
Straelen	DE
Straengnaes	SE
Strakonice	CZ
Stralsund	DE
Strand	NO
Stranraer	GB
Strasbourg	FR
Straseni	MD
Strassgang	AT
Strasshof an der Nordbahn	AT
Stratford	US
Stratford-upon-Avon	GB
Strathcona	CA
Strathfield	AU
Strathmore	CA
Strathroy	CA
Straubing	DE
Strausberg	DE
Strawberry Hill	CA
Strawberry Mansion	US
Streamwood	US
Streatham	GB
Streator	US
Street	GB
Streetly	GB
Streetsboro	US
Strehaia	RO
Strel'na	RU
Stretford	GB
Strezhevoy	RU
Strizkov	CZ
Strogino	RU
Stroitel	RU
Strombeek-Bever	BE
Strommen	NO
Strongsville	US
Strood	GB
Stroud	GB
Stroud Green	GB
Strovolos	CY
Struer	DK
Struga	MK
Strumica	MK
Strunino	RU
Struthers	US
Stryi	UA
Strzegom	PL
Strzelce Opolskie	PL
Strzelin	PL
Stuart	US
Studenicani	MK
Studenka	CZ
Studio City	US
Stuhr	DE
Stung Treng	KH
Stupava	SK
Stupino	RU
Sturgis	US
Stutterheim	ZA
Stuttgart	DE
Stuttgart Feuerbach	DE
Stuttgart Muehlhausen	DE
Stuttgart-Ost	DE
Su-ngai Kolok	TH
Suai	TL
Suakin	SD
Suamico	US
Suan	CO
Suan Luang	TH
Suar	IN
Suarez	CO
Suay	PH
Subang	ID
Subang Jaya	MY
Subaykhan	SY
Subic	PH
Subotica	RS
Subukia	KE
Subulussalam	ID
Suceava	RO
Suchiapa	MX
Suchindram	IN
Sucre	BO
Sucupira do Norte	BR
Sucy-en-Brie	FR
Sudak	UA
Sudbury	GB
Sudley	US
Sudna	IN
Sudoeste/Octagonal	BR
Sudogda	RU
Sue	JP
Sueca	ES
Suedstadt	DE
Suehbaatar	MN
Suermene	TR
Sueyoshicho-ninokata	JP
Suez	EG
Suf	JO
Sufalat Sama'il	OM
Suffern	US
Suffolk	US
Suffolk Downs Station	US
Sugai	JP
Sugamo	JP
Sugar Hill	US
Sugar Land	US
Sugarland Run	US
Suginami	JP
Sugita	JP
Sugito	JP
Suhagi	IN
Suhe	CN
Suhl	DE
Suhum	GH
Suhut	TR
Suibara	JP
Suicheng	CN
Suifenhe	CN
Suihua	CN
Suiling	CN
Suining	CN
Suisun	US
Suita	JP
Suitland	US
Suitland-Silver Hill	US
Suixi	CN
Suizhou	CN
Sujangarh	IN
Sujanpur	IN
Sujiatun	CN
Sukabumi	ID
Sukagawa	JP
Sukawati	ID
Sukayama	JP
Suket	IN
Sukheke Mandi	PK
Sukhinichi	RU
Sukhodilsk	UA
Sukhodol	RU
Sukhothai	TH
Sukhoy Log	RU
Sukhpar	IN
Sukkur	PK
Sukma	IN
Suknah	LY
Sukrah	TN
Sukumo	JP
Sukuta	GM
Sulaymaniyah	IQ
Sulechow	PL
Sulecin	PL
Suleja	NG
Sulejowek	PL
Suleswaranpatti	IN
Sulingen	DE
Sullana	PE
Sullya	IN
Sulmona	IT
Sulphur	US
Sulphur Springs	US
Sultan Kudarat	PH
Sultan Pur	IN
Sultan Pur Majra	IN
Sultan sa Barongis	PH
Sultanah	SA
Sultanbeyli	TR
Sultanganj	IN
Sultangazi	TR
Sultanpur	IN
Sultonobod	UZ
Suluktu	KG
Suluova	TR
Sulur	IN
Suluru	IN
Sulz am Neckar	DE
Sulzbach	DE
Sulzbach-Rosenberg	DE
Sumag	PH
Sumare	BR
Sumbal	IN
Sumbawa Besar	ID
Sumbawanga	TZ
Sumbe	AO
Sumber	ID
Sumberpucung	ID
Sume	BR
Sumedang	ID
Sumedang Utara	ID
Sumenep	ID
Sumerpur	IN
Sumida	JP
Sumidouro	BR
Sumiyoshi	JP
Summerfield	US
Summerland	CA
Summerlin South	US
Summerside	CA
Summerville	US
Summit	US
Sumoto	JP
Sumpango	GT
Sumperk	CZ
Sumqayit	AZ
Sumter	US
Sumusta al Waqf	EG
Sumusta as Sultani	EG
Sumy	UA
Sun City	US
Sun City Center	US
Sun City West	US
Sun Lakes	US
Sun Prairie	US
Sun Tin Wai	HK
Sun Valley	US
Sun Village	US
Sunabeda	IN
Sunagawa	JP
Sunam	IN
Sunamganj	BD
Sunan	KP
Sunbury	AU
Sunbury-on-Thames	GB
Sunch'on	KP
Sunchales	AR
Suncheon	KR
Sundakkampalaiyam	IN
Sundarnagar	IN
Sundbyberg	SE
Sundergarh	IN
Sunderland	GB
Sundern	DE
Sundsvall	SE
Sundumbili	ZA
Sunel	IN
Sung Noen	TH
Sung Wong Toi	HK
Sungai Besar	MY
Sungai Buloh	MY
Sungai Dua	MY
Sungai Jawi	MY
Sungai Koyan	MY
Sungai Lalang	MY
Sungai Pelek New Village	MY
Sungai Penuh	ID
Sungai Petani	MY
Sungai Raya	ID
Sungai Simpang	SG
Sungai Siput	MY
Sungai Sumun	MY
Sungai Udang	MY
Sungailiat	ID
Sungam-nodongjagu	KP
Sunggal	ID
Sungho 1-tong	KP
Sungjibaegam	KP
Sungkai	MY
Sungurlu	TR
Sunland	US
Sunland Park	US
Sunlou	CN
Sunninghill	GB
Sunny Isles Beach	US
Sunnybank Hills	AU
Sunnyside	US
Sunnyvale	US
Sunrise	US
Sunrise Manor	US
Sunset	CA
Sunset Park	US
Sunshine Coast	AU
Sunshine North	AU
Sunshine West	AU
Suntu	ET
Sunyani	GH
Sunzha	RU
Suoi Nghe	VN
Suong	KH
Suoyarvi	RU
Suozhen	CN
Supaul	IN
Supe	PE
Supe Puerto	PE
Superior	US
Suphan Buri	TH
Supia	CO
Suqian	CN
Sur	OM
Surab	PK
Surabaya	ID
Surajgarh	IN
Surajpur	IN
Surakarta	ID
Surallah	PH
Surampatti	IN
Suran	SY
Surandai	IN
Surappattu	IN
Surat	IN
Surat Thani	TH
Suratgarh	IN
Surazh	RU
Surbiton	GB
Surbo	IT
Surcin	RS
Surendranagar	IN
Sureshjan	IR
Suresnes	FR
Surfers Paradise	AU
Surgut	RU
Surian	IR
Surianwan	IN
Suriapet	IN
Surif City	PS
Surigao	PH
Surin	TH
Surinam	MU
Surkhakhi	RU
Surkhpur	PK
Surman	LY
Surovikino	RU
Surprise	US
Surrey	CA
Surrey Centre	CA
Surrey City Centre	CA
Surrey Hills	AU
Surry Hills	AU
Surubim	BR
Suruc	TR
Surulere	NG
Suryampalaiyam	IN
Suryaraopeta	IN
Susa	AZ
Susaki	JP
Susangerd	IR
Susanville	US
Susehri	TR
Susice	CZ
Susner	IN
Susono	JP
Sussen	DE
Sussex	US
Susurluk	TR
Suthalia	IN
Sutherland	AU
Suto Orizare	MK
Sutrapara	IN
Sutton	GB
Sutton Coldfield	GB
Sutton in Ashfield	GB
Suurmetsae	FI
Suutarila	FI
Suva	FJ
Suva Reka	XK
Suvorov	RU
Suvorovskaya	RU
Suwa	JP
Suwalki	PL
Suwanee	US
Suwannaphum	TH
Suwasra	IN
Suwaylih	JO
Suwon	KR
Suyangshan	CN
Suyo	PH
Suzak	KG
Suzaka	JP
Suzano	BR
Suzdal'	RU
Suzhou	CN
Suzu	JP
Suzuka	JP
Suzun	RU
Suzzara	IT
Svalyava	UA
Svatove	UA
Svay Rieng	KH
Svedala	SE
Svendborg	DK
Sveti Nikole	MK
Svetlanovskiy	RU
Svetlodarsk	UA
Svetlogorsk	BY
Svetlograd	RU
Svetlyy	RU
Svetlyy Yar	RU
Svetogorsk	RU
Sviblovo	RU
Svilengrad	BG
Svirsk	RU
Svishtov	BG
Svitavy	CZ
Svitlovodsk	UA
Svobodnyy	RU
Svobody	RU
Svyatopetrivske	UA
Svyatoshyn	UA
Swabi	PK
Swadlincote	GB
Swakopmund	NA
Swampscott	US
Swan Hill	AU
Swanage	GB
Swanley	GB
Swanscombe	GB
Swansea	GB
Swartruggens	ZA
Swarzedz	PL
Swedru	GH
Sweetwater	US
Swellendam	ZA
Swidnica	PL
Swidnik	PL
Swidwin	PL
Swiebodzice	PL
Swiebodzin	PL
Swiecie	PL
Swieqi	MT
Swierczewo	PL
Swietochlowice	PL
Swift Current	CA
Swindon	GB
Swinoujscie	PL
Swinton	GB
Swords	IE
Syas'stroy	RU
Sycamore	US
Sycow	PL
Sydenham	AU
Sydney	AU
Sydney Central Business District	AU
Sydney Mines	CA
Syke	DE
Sykhiv	UA
Sykies	GR
Syktyvkar	RU
Sylacauga	US
Sylhet	BD
Sylmar	US
Sylvan Lake	CA
Sylvania	US
Synelnykove	UA
Syosset	US
Syracuse	US
Syrets	UA
Sysert'	RU
Syston	GB
Syzran	RU
Szamotuly	PL
Szarvas	HU
Szazhalombatta	HU
Szczecin	PL
Szczecinek	PL
Szczepin	PL
Szczytno	PL
Szeged	HU
Szekesfehervar	HU
Szekszard	HU
Szentendre	HU
Szentes	HU
Szerencs	HU
Szerszenie	PL
Szigethalom	HU
Szigetszentmiklos	HU
Szigetvar	HU
Szolnok	HU
Szombathely	HU
Szprotawa	PL
Szydlowiec	PL
T'aebaek	KR
T'aet'an-up	KP
T'is Isat	ET
T'ongch'on-up	KP
Ta Khmau	KH
Ta'if	SA
Taal	PH
Taastrup	DK
Tabaco	PH
Tabalosos	PE
Tabanan	ID
Tabapua	BR
Tabarka	TN
Tabas	IR
Tabata	JP
Tabatinga	BR
Tabay	VE
Tabira	BR
Tabligbo	TG
Taboao da Serra	BR
Tabocas do Brejo Velho	BR
Tabor	CZ
Tabora	TZ
Tabou	CI
Tabount	MA
Tabriz	IR
Tabua	PT
Tabubil	PG
Tabuk	SA
Tabuleiro do Norte	BR
Tabursuq	TN
Tabuse	JP
Taby	SE
Tacaimbo	BR
Tacambaro de Codallos	MX
Tacaratu	BR
Tacarigua	VE
Tacheng	CN
Tachiarai	JP
Tachikawa	JP
Tachilek	MM
Tachov	CZ
Tacloban	PH
Tacna	PE
Tacoma	US
Tacony	US
Tacoronte	ES
Tacourably	CI
Tacuarembo	UY
Tacurong	PH
Tacuru	BR
Tadaoka-higashi	JP
Tadepalle	IN
Tadepalligudem	IN
Tadif	SY
Tadigadapa	IN
Tadikombu	IN
Tadjenanet	DZ
Tadjoura	DJ
Tadley	GB
Tadmait	DZ
Tadmur	SY
Tado	CO
Tadotsu	JP
Tadpatri	IN
Taesal-li	KR
Tafalla	ES
Tafas	SY
Tafi Viejo	AR
Tafire	CI
Tafo	GH
Tafresh	IR
Taft	IR
Taftan	PK
Tagajo-shi	JP
Tagami	JP
Taganrog	RU
Taganskiy	RU
Tagas	PH
Tagawa	JP
Tagaytay	PH
Tagbilaran City	PH
Tagbina	PH
Tage'erqi	CN
Taggia	IT
Taglio	IT
Tagoloan	PH
Taguai	BR
Taguatinga	BR
Tagudin	PH
Taguig	PH
Tahannout	MA
Tahara	JP
Tahe	CN
Tahla	MA
Tahlequah	US
Tahoua	NE
Tahta	EG
Tahuna	ID
Tai Hang	HK
Tai Kok Tsui	HK
Tai Koo	HK
Tai Mei Tuk	HK
Tai Mong Tsai	HK
Tai Po	HK
Tai Seng	SG
Tai Shui Hang	HK
Tai Wai	HK
Tai Wo	HK
Tai Wo Hau	HK
Tai Yuen Estate	HK
Tai'an	CN
Taibai	CN
Taibao	TW
Taibet	DZ
Taicang	CN
Taichung	TW
Taifa	GH
Taifu	CN
Taihe	CN
Taikkyi	MM
Taikoo Shing	HK
Tailai	CN
Tailandia	BR
Tailong	CN
Tainai	JP
Tainan	TW
Taio	BR
Taiobeiras	BR
Taipa	MO
Taipei	TW
Taiping	MY
Taipingchang	CN
Taipu	BR
Taishan	CN
Taishi	JP
Taito	JP
Taitou	CN
Taitung	TW
Taixing	CN
Taiynsha	KZ
Taiyuan	CN
Taiz	YE
Taizhou	CN
Taj Pul	IN
Tajerouine	TN
Tajimi	JP
Tajpur	IN
Tajrish	IR
Tajura'	LY
Tak	TH
Tak Bai	TH
Tak Long Estate	HK
Taka-Toeoeloe	FI
Takab	IR
Takaba	KE
Takabo	JP
Takada	JP
Takahagi	JP
Takahama	JP
Takahashi	JP
Takahata	JP
Takai	NG
Takaishi	JP
Takalghat	IN
Takamatsu	JP
Takanabe	JP
Takanawa	JP
Takanini	NZ
Takanodai	JP
Takanomachi	JP
Takanosu	JP
Takaoka	JP
Takapuna	NZ
Takarazuka	JP
Takasago	JP
Takasaka	JP
Takasaki	JP
Takashima	JP
Takashimadaira	JP
Takatsukadai	JP
Takatsuki	JP
Takaungu	KE
Takayama	JP
Takedamachi	JP
Takefu	JP
Takehara	JP
Takelsa	TN
Takenotsuka	JP
Takeo	KH
Takestan	IR
Taketoyo	JP
Takhatgarh	IN
Takhatpur	IN
Taki	IN
Takieta	NE
Takikawa	JP
Takinomiya	JP
Takizawa	JP
Takkolam	IN
Takli	IN
Tako	JP
Takoma Park	US
Takoradi	GH
Taksimo	RU
Taku	JP
Takum	NG
Tal	IN
Tal'menka	RU
Tala	EG
Talacogon	PH
Talagang	PK
Talagante	CL
Talainayar Agraharam	IN
Talaiyur	IN
Talaja	IN
Talakkad	IN
Talakkolattur	IN
Talala	IN
Talamba	PK
Talanga	HN
Talant	FR
Talara	PE
Talas	KG
Talata Mafara	NG
Talatona	AO
Talattala	IN
Talavera	PH
Talavera de la Reina	ES
Talbahat	IN
Talca	CL
Talcahuano	CL
Talcher	IN
Taldom	RU
Taldykorgan	KZ
Talegaon Dabhade	IN
Taleigao	IN
Talen	IN
Talence	FR
Talghar	KZ
Talgram	IN
Talhar	PK
Talibon	PH
Talikkulam	IN
Talikota	IN
Talinding	GM
Taling Chan	TH
Talipapa	PH
Taliparamba	IN
Talisay	PH
Talitay	PH
Talitsa	RU
Taliwang	ID
Talkha	EG
Tall Rif`at	SY
Talladega	US
Tallaght	IE
Tallahassee	US
Tallang-dong	KR
Tallbisah	SY
Tallinn	EE
Tallkalakh	SY
Tallkayf	IQ
Tallmadge	US
Talnakh	RU
Talne	UA
Taloc	PH
Talod	IN
Taloda	IN
Talodi	SD
Taloje	IN
Taloqan	AF
Talovaya	RU
Taltal	CL
Taluker Char Doani	BD
Talwandi Bhai	IN
Talwandi Sabo	IN
Talwara	IN
Tam Giang	VN
Tam Ky	VN
Tam O'Shanter-Sullivan	CA
Tama	JP
Tamagawa	JP
Tamale	GH
Tamallalt	MA
Tamalous	DZ
Tamalpais-Homestead Valley	US
Tamamura	JP
Taman Desa	MY
Taman Greenwood	MY
Taman Ikan Emas	MY
Taman Melati	MY
Taman Melawati	MY
Taman OUG	MY
Taman Pelangi	MY
Taman Permas Jaya	MY
Taman Petaling	MY
Taman Rajawali	MY
Taman Scientex	MY
Taman Senai	MY
Taman Senawang Indah	MY
Taman Seremban Jaya	MY
Taman Sri Sinar	MY
Taman Tun Dr Ismail	MY
Taman Universiti	MY
Tamana	JP
Tamanar	MA
Tamandare	BR
Tamanghasset	DZ
Tamano	JP
Tamansourt	MA
Tamarac	US
Tamaraikkulam	IN
Tamarakutamkudiyiruppu	IN
Tamarana	BR
Tamaru	JP
Tamazula de Gordiano	MX
Tamazunchale	MX
Tamba	JP
Tamba-Sasayama	JP
Tambacounda	SN
Tambaram	IN
Tambau	BR
Tambo Grande	PE
Tambolaka	ID
Tambopata	PE
Tamboril	BR
Tambov	RU
Tambunan	MY
Tambuwal	NG
Tame	CO
Tamenglong	IN
Tamesna	MA
Tamiami	US
Tamiyah	EG
Tamluk	IN
Tamm	DE
Tammampatti	IN
Tammenga	SR
Tammun	PS
Tampa	US
Tampere	FI
Tampico	MX
Tampin	MY
Tampines Estate	SG
Tampines New Town	SG
Tamra	IL
Tamu	MM
Tamuin	MX
Tamuning	GU
Tamuning-Tumon-Harmon Village	GU
Tamura	JP
Tamworth	GB
Tan An	VN
Tan Binh	VN
Tan Chau	VN
Tan Uyen	VN
Tan-Tan	MA
Tanabe	JP
Tanabi	BR
Tanagura	JP
Tanah Merah	MY
Tanakkangulam	IN
Tanakpur	IN
Tanalur	IN
Tanashicho	JP
Tanauan	PH
Tanay	PH
Tanba	JP
Tanchang Chengguanzhen	CN
Tanda	IN
Tandag	PH
Tandahimba	TZ
Tandai	SB
Tandalti	SD
Tandarei	RO
Tandil	AR
Tandlianwala	PK
Tando Adam	PK
Tando Allahyar	PK
Tando Bago	PK
Tando Jam	PK
Tando Muhammad Khan	PK
Tandoni	IN
Tandur	IN
Tanfang	CN
Tang Krasang	KH
Tanga	TZ
Tangail	BD
Tangalle	LK
Tangancicuaro de Arista	MX
Tangara	BR
Tangara da Serra	BR
Tangba	CN
Tange	CN
Tangerang	ID
Tangfang	CN
Tanggu	CN
Tanggulangin	ID
Tanghe	CN
Tangi	PK
Tangier	MA
Tangjiazhuang	CN
Tangjin	KR
Tangkak	MY
Tangla	IN
Tanglin	SG
Tanglin Halt	SG
Tangping	CN
Tangshan	CN
Tangua	BR
Tangub	PH
Tanguieta	BJ
Tangwu	CN
Tangxiang	CN
Tangyan	MM
Tangzhai	CN
Tangzhang	CN
Tanhacu	BR
Tanjay	PH
Tanji	GM
Tanjia	CN
Tanjong Malim	MY
Tanjung	ID
Tanjung Balai	ID
Tanjung Bungah	MY
Tanjung Pandan	ID
Tanjung Pinang	ID
Tanjung Selor	ID
Tanjung Sepat	MY
Tanjung Tokong	MY
Tanjungagung	ID
Tanjungbalai	ID
Tanjungtiram	ID
Tank	PK
Tankara	IN
Tanki Leendert	AW
Tanout	NE
Tanping	CN
Tanque Novo	BR
Tanque Verde	US
Tanquian de Escobedo	MX
Tansen	NP
Tanta	EG
Tantangan	PH
Tantou	CN
Tantoyuca	MX
Tantramar	CA
Tanuku	IN
Tanuma	JP
Tanumah	SA
Tanushimarumachi-toyoki	JP
Tanza	PH
Tanzhou	CN
Taolin	CN
Taoluo	CN
Taonan	CN
Taopingxiang	CN
Taoru	IN
Taounate	MA
Taourirt	MA
Taoyuan	TW
Taoyuan City	TW
Taozhou	CN
Taozhuang	CN
Tapa	IN
Tapachula	MX
Tapah Road	MY
Tapaninkylae	FI
Tapaua	BR
Tapejara	BR
Tapera	BR
Taperoa	BR
Tapes	BR
Taphan Hin	TH
Tapiola	FI
Tapiramuta	BR
Tapiratiba	BR
Tapolca	HU
Tapurah	BR
Taquara	BR
Taquarana	BR
Taquari	BR
Taquaritinga	BR
Taquaritinga do Norte	BR
Taquarituba	BR
Tara	RU
Tarabya	TR
Taraclia	MD
Taradale	CA
Tarakan	ID
Tarakea	TZ
Tarakeswar	IN
Taramangalam	IN
Tarana	IN
Taranagar	IN
Tarancon	ES
Taranto	IT
Tarare	FR
Tarascon	FR
Tarashcha	UA
Tarauaca	BR
Tarawa	KI
Taraz	KZ
Tarazona	ES
Tarbes	FR
Tarboro	US
Tarch'a Sodo	ET
Taree	AU
Targovishte	BG
Targoviste	RO
Targowek	PL
Targu Frumos	RO
Targu Jiu	RO
Targu Mures	RO
Targu Neamt	RO
Targu Ocna	RO
Targu Secuiesc	RO
Targuist	MA
Tarhuna	LY
Tariba	VE
Tarif Kalba	AE
Tarifa	ES
Tarija	BO
Tarikere	IN
Tarime	TZ
Tarimoro	MX
Tarinkot	AF
Tarki	RU
Tarko-Sale	RU
Tarkwa	GH
Tarlac City	PH
Tarma	PE
Tarn Taran	IN
Tarnaveni	RO
Tarnby	DK
Tarneit	AU
Tarnobrzeg	PL
Tarnos	FR
Tarnow	PL
Tarnowskie Gory	PL
Taromske	UA
Taroudant	MA
Tarpon Springs	US
Tarqui	CO
Tarquinia	IT
Tarqumya	PS
Tarrafal	CV
Tarragindi	AU
Tarragona	ES
Tarrega	ES
Tarrytown	US
Tarsadi	IN
Tarsus	TR
Tartagal	AR
Tartarugalzinho	BR
Tartu	EE
Tartus	SY
Tarub	ID
Tarui	JP
Taruma	BR
Tarumirim	BR
Tarumizu	JP
Tarusa	RU
Tarut	SA
Tarutung	ID
Tasbuget	KZ
Tasek Glugor	MY
Tasgaon	IN
Tash-Kumyr	KG
Tashan	CN
Tashiro	JP
Tashkent	UZ
Tashtagol	RU
Tasikmalaya	ID
Taskent	TR
Taskoeprue	TR
Tasova	TR
Tassila	MA
Tassin-la-Demi-Lune	FR
Tasucu	TR
Tata	HU
Tatabanya	HU
Tataouine	TN
Tatarbunary	UA
Tatarka	UA
Tatarsk	RU
Tatau	MY
Tatebayashi	JP
Tateyama	JP
Tati	IN
Tati Siding	BW
Tatkon	MM
Tatsinskaya	RU
Tatsumi	JP
Tatsuno	JP
Tatsuno-kita	JP
Tatsunocho-tominaga	JP
Tattankuttai	IN
Tattayyangarpettai	IN
Tatuape	BR
Tatui	BR
Tatvan	TR
Taua	BR
Taubate	BR
Tauberbischofsheim	DE
Taucha	DE
Taufkirchen	DE
Taukkyan	MM
Taung Thu Kone	MM
Taungdwingyi	MM
Taunggyi	MM
Taungoo	MM
Taungup	MM
Taunsa	PK
Taunton	GB
Taunusstein	DE
Taupo	NZ
Taurage	LT
Tauramena	CO
Tauranga	NZ
Taurianova	IT
Taurisano	IT
Tavagnacco	IT
Tavares	US
Tavas	TR
Tavda	RU
Tavernes de la Valldigna	ES
Taverny	FR
Taveta	KE
Taviano	IT
Tavira	PT
Tavistock	GB
Tavricheskoye	RU
Tavriysk	UA
Tavros	GR
Tavsanli	TR
Tawakule	CN
Tawang Town	IN
Tawaramoto	JP
Tawau	MY
Taxco de Alarcon	MX
Taxkowruek	CN
Tay GJang	VN
Tay Ho	VN
Tay Mo	VN
Tay Ninh	VN
Tayabas	PH
Taybad	IR
Tayga	RU
Taylor	US
Taylor-Massey	CA
Taylors	US
Taylors Hill	AU
Taylors Lakes	AU
Taylorsville	US
Taylorville	US
Tayma'	SA
Tayshet	RU
Taytay	PH
Tayu	ID
Tayug	PH
Tayyibat al Imam	SY
Taza	MA
Tazoult-Lambese	DZ
Tbeng Meanchey	KH
Tbilisi	GE
Tbilisskaya	RU
Tchamba	TG
Tchaourou	BJ
Tcheboa	CM
Tchetaly	CI
Tchibanga	GA
Tchin Tabaraden	NE
Tchirozerine	NE
Tchollire	CM
Tczew	PL
Te Aro	NZ
Te Atatu Peninsula	NZ
Te Atatu South	NZ
Te Awamutu	NZ
Te Puke	NZ
Teaneck	US
Teapa	MX
Tearce	MK
Teays Valley	US
Tebedu	MY
Tebela	ET
Tebesbest	DZ
Tebessa	DZ
Tebingtinggi	ID
Teboulba	TN
Teboulbou	TN
Tebourba	TN
Tecalitlan	MX
Tecamac	MX
Tecamac de Felipe Villanueva	MX
Tecamachalco	MX
Tecate	MX
Tecax	MX
Techiman	GH
Teck Whye	SG
Tecolutilla	MX
Tecoman	MX
Tecpan Guatemala	GT
Tecpan de Galeana	MX
Tecuala	MX
Tecuci	RO
Tecumseh	CA
Tedim	MM
Teegalpahad	IN
Tefe	BR
Tegal	ID
Tegel	DE
Tegelen	NL
Teghra	IN
Tegina	NG
Tegucigalpa	HN
Tegueste	ES
Teguise	ES
Tehachapi	US
Tehran	IR
Tehri	IN
Tehuacan	MX
Teignmouth	GB
Teiri	CI
Teixeira	BR
Teixeiras	BR
Tejar	CR
Tejen	TM
Tejucuoca	BR
Tejupilco de Hidalgo	MX
Tekane	MR
Tekanpur	IN
Tekari	IN
Tekeli	KZ
Tekirdag	TR
Tekkalakote	IN
Tekkali	IN
Tekkekoey	TR
Tekkumbagam	IN
Teknaf	BD
Tekstil'shchiki	RU
Tekstylnyk	UA
Tekwane	ZA
Tel Aviv	IL
Tel Mond	IL
Tel Sheva'	IL
Tela	HN
Telabastagan	PH
Telaga Batu	MY
Telamba	BN
Telavi	GE
Telde	ES
Telemaco Borba	BR
Telerghma	DZ
Telford	GB
Telfs	AT
Telgte	DE
Telhara	IN
Teliamura	IN
Telimele	GN
Telisai	BN
Tellicherry	IN
Tello	CO
Telo	IN
Teloi Kanan	MY
Telok Blangah	SG
Teloloapan	MX
Telsiai	LT
Teltow	DE
Teluk Dalam	ID
Teluk Intan	MY
Teluk Mas	MY
Teluk Nibung	ID
Teluk Panglima Garang	MY
Teluknaga	ID
Tema	GH
Tema New Town	GH
Temanur	IN
Temara	MA
Temascalcingo	MX
Tembedgha	MR
Temblador	VE
Temecula	US
Temerluh	MY
Teminabuan	ID
Temirlanovka	KZ
Temirtau	KZ
Temiskaming Shores	CA
Temixco	MX
Tempe	US
Tempe Junction	US
Tempelhof	DE
Tempio Pausania	IT
Temple	US
Temple City	US
Temple Terrace	US
Templestowe	AU
Templestowe Lower	AU
Templeton-Est	CA
Templin	DE
Tempoal de Sanchez	MX
Temryuk	RU
Temse	BE
Temuco	CL
Tena	EC
Tenafly	US
Tenambakkam	IN
Tenancingo	MX
Tenancingo de Degollado	MX
Tenango de Arista	MX
Tendo	JP
Tendukheda	IN
Tenente Ananias	BR
Tenente Portela	BR
Tenes	DZ
Tengampudur	IN
Tengrela	CI
Tengyue	CN
Teni	IN
Teningen	DE
Tenkodogo	BF
Tenman	JP
Tennala	IN
Tenno	JP
Tenosique	MX
Tenri	JP
Tensta	SE
Teo	ES
Teocaltiche	MX
Teodoro Sampaio	BR
Teodoro Schmidt	CL
Teofilandia	BR
Teofilo Otoni	BR
Teolandia	BR
Teolocholco	MX
Teoloyucan	MX
Teonthar	IN
Teopisca	MX
Teotihuacan de Arista	MX
Teotonio Vilela	BR
Tepa	GH
Tepalcatepec	MX
Tepalcingo	MX
Tepatepec	MX
Tepatitlan de Morelos	MX
Tepatlaxco de Hidalgo	MX
Tepeaca	MX
Tepeapulco	MX
Tepecik	TR
Tepeji del Rio de Ocampo	MX
Tepelene	AL
Tepetlixpa	MX
Tepexpan	MX
Tepi	ET
Tepic	MX
Teplice	CZ
Tepotzotlan	MX
Tepoztlan	MX
Tequila	MX
Tequisquiapan	MX
Tequixquiac	MX
Tera	NE
Teramo	IT
Terbanggi Besar	ID
Tercan	TR
Terdal	IN
Terebovlia	UA
Terek	RU
Teremky	UA
Teremky-I	UA
Terenos	BR
Teresa	PH
Teresina	BR
Teresopolis	BR
Tergnier	FR
Terlizzi	IT
Termas de Rio Hondo	AR
Terme	TR
Termini Imerese	IT
Termoli	IT
Ternat	BE
Ternate	ID
Terneuzen	NL
Terni	IT
Ternivka	UA
Ternopil	UA
Terny	UA
Teror	ES
Terra Alta	BR
Terra Boa	BR
Terra Nova	BR
Terra Nova do Norte	BR
Terra Preta	BR
Terra Rica	BR
Terra Roxa	BR
Terra Santa	BR
Terra de Areia	BR
Terrace	CA
Terrace Heights	US
Terracina	IT
Terrassa	ES
Terrazas del Valle	MX
Terre Haute	US
Terre Rouge	MU
Terrebonne	CA
Terrell	US
Terrier Rouge	HT
Terrigal	AU
Terrytown	US
Terryville	US
Terter	AZ
Teruel	ES
Tervuren	BE
Terzigno	IT
Teshi Old Town	GH
Tessaoua	NE
Tessenderlo	BE
Tessit	ML
Testour	TN
Tete	MZ
Tetela del Volcan	MX
Teteven	BG
Tetiiv	UA
Tetla	MX
Tetouan	MA
Tetovo	MK
Tettnang	DE
Tetu	KE
Tetuan de las Victorias	ES
Tetyushi	RU
Teulada	ES
Teutonia	BR
Tevaram	IN
Teverola	IT
Tevragh Zeina	MR
Tewantin	AU
Tewkesbury	GB
Tewksbury	US
Texarkana	US
Texas City	US
Texcoco de Mora	MX
Teyateyaneng	LS
Teykovo	RU
Teziutlan	MX
Tezoyuca	MX
Tezpur	IN
Tezu	IN
Tha Bo	TH
Tha Kham	TH
Tha Mai	TH
Tha Maka	TH
Tha Muang	TH
Tha Raeng	TH
Tha Ruea	TH
Tha Yang	TH
Thaba Nchu	ZA
Thaba-Tseka	LS
Thabazimbi	ZA
Thach Ha	VN
Thai Binh	VN
Thai Hoa	VN
Thai Nguyen	VN
Thaikkattussery	IN
Thakhek	LA
Thakurdwara	IN
Thakurganj	IN
Thakurgaon	BD
Thal	PK
Thala	TN
Thale	DE
Thalwil	CH
Thamaga	BW
Thambon Na Mueang	TH
Thame	GB
Thamesmead	GB
Than	IN
Thana Bhawan	IN
Thanatpin	MM
Thanbyuzayat	MM
Thandla	IN
Thane	IN
Thanesar	IN
Thanh Hoa	VN
Thanh Khe	VN
Thanh Liet	VN
Thanh Pho Ba Ria	VN
Thanh Pho Uong Bi	VN
Thanh Xuan	VN
Thanh pho Song Cong	VN
Thanhlyin	MM
Thanjavur	IN
Thanlyin	MM
Thanneermukkom	IN
Thap Khlo	TH
Thap Than	TH
Thara	IN
Tharad	IN
Tharangambadi	IN
Tharike	IN
Tharu Shah	PK
Tharyarwady	MM
Thasra	IN
That Phanom	TH
Thatcham	GB
Thaton	MM
Thatta	PK
Thawi Watthana	TH
Thayetmyo	MM
Thazhakara	IN
Thazhecode	IN
The Acreage	US
The Beaches	CA
The Boldons	GB
The Bronx	US
The Colony	US
The Crossings	US
The Dalles	US
The Gap	AU
The Glebe	CA
The Hague	NL
The Hammocks	US
The Mountain	KY
The Palm Jumeirah	AE
The Peak	HK
The Pinery	US
The Ponds	AU
The Trails of Frisco	US
The Villages	US
The Wharf	US
The Woodlands	US
Thekkumkara	IN
Thembisa	ZA
Thenali	IN
Thenhippalam	IN
Thenia	DZ
Theniet el Had	DZ
Thenkasi	IN
Thermi	GR
Thessaloniki	GR
Thetford	GB
Thetford-Mines	CA
Theunissen	ZA
Theux	BE
Thi Tran Ba Che	VN
Thi Tran Ba Hang	VN
Thi Tran GJai Tu	VN
Thi Tran GJam Ha	VN
Thi Tran GJat GJo	VN
Thi Tran GJong Trieu	VN
Thi Tran Lam Son	VN
Thi Tran Mao Khe	VN
Thi Tran Na Duong	VN
Thi Tran Na Sam	VN
Thi Tran Ngai Giao	VN
Thi Tran Nuoc Hai	VN
Thi Tran Pho Lu	VN
Thi Tran Phuoc Buu	VN
Thi Tran That Khe	VN
Thi Tran Thuan Chau	VN
Thi Tran Tien Yen	VN
Thi Tran Trung Khanh	VN
Thi Tran Viet Quang	VN
Thi Tran Yen Binh	VN
Thiadiaye	SN
Thiais	FR
Thibodaux	US
Thiene	IT
Thiers	FR
Thies	SN
Thies Nones	SN
Thika	KE
Thilogne	SN
Thimiri	IN
Thimphu	BT
Thin Gan Kyun Gyi	MM
Thionville	FR
Thirukattupalli	IN
Thirumittacode-II	IN
Thirunavaya	IN
Thiruthani	IN
Thiruthuraipoondi	IN
Thiruvaiyaru	IN
Thiruvananthapuram	IN
Thiruvankulam	IN
Thiruvarur	IN
Thiruvidaimaruthur	IN
Thisted	DK
Thistletown-Beaumond Heights	CA
Thivai	GR
Tho Tang	VN
Thodiyoor	IN
Thodupuzha	IN
Thoen	TH
Thohoyandou	ZA
Thoi Binh	VN
Thoi Lai	VN
Tholey	DE
Thomastown	AU
Thomasville	US
Thomazeau	HT
Thompson	CA
Thomson	SG
Thon Buri	TH
Thondamuthur	IN
Thonex	CH
Thongju	IN
Thongwa	MM
Thonon-les-Bains	FR
Thonotosassa	US
Thoothukudi	IN
Thorapadi	IN
Thornaby-on-Tees	GB
Thornbury	AU
Thorncliffe Park	CA
Thorne	GB
Thornlands	AU
Thornlie	AU
Thornton	US
Thornton Heath	GB
Thornton-Cleveleys	GB
Thorold	CA
Thot Not	VN
Thottada	IN
Thottiyam	IN
Thouars	FR
Thoubal	IN
Thousand Oaks	US
Three Lakes	US
Thrissur	IN
Throgs Neck	US
Thu Dau Mot	VN
Thu GJuc	VN
Thuan An	VN
Thuan Thanh	VN
Thubelihle	ZA
Thuin	BE
Thul	PK
Thulamahashe	ZA
Thulamahashi	ZA
Thummalamenta	IN
Thun	CH
Thunder Bay	CA
Thung Khru	TH
Thung Song	TH
Thuong Cat	VN
Thuqbah	SA
Thuraiyur	IN
Thurayur	IN
Thuwal	SA
Thuy Phuong	VN
Ti Port-de-Paix	HT
Tia Juana	VE
Tianchang	CN
Tiancheng	CN
Tianducheng	CN
Tianfu	CN
Tiangua	BR
Tianhe	CN
Tianjia	CN
Tianjin	CN
Tianliu	CN
Tianpeng	CN
Tianshui	CN
Tianwei	TW
Tianzhong	TW
Tianzhuang	CN
Tiaoshi	CN
Tiaret	DZ
Tias	ES
Tiassale	CI
Tibagi	BR
Tibati	CM
Tibau do Sul	BR
Tiberias	IL
Tibigan	PH
Tibiri	NE
Tibri	IN
Tibu	CO
Ticuantepe	NI
Ticul	MX
Tidjikja	MR
Tidworth	GB
Tiebissou	CI
Tiebo	SN
Tiefu	CN
Tiegba	CI
Tiel	NL
Tieli	CN
Tieling	CN
Tielt	BE
Tielt-Winge	BE
Tiemelekro	CI
Tienen	BE
Tieqiao	CN
Tiergarten	DE
Tierra Amarilla	CL
Tierra Blanca	MX
Tierra Colorada	MX
Tierralta	CO
Tieshan	CN
Tiete	BR
Tieupleu	CI
Tiffin	US
Tiflet	MA
Tifra	IN
Tifton	US
Tigaon	PH
Tigard	US
Tigbauan	PH
Tighenif	DZ
Tighri	IN
Tigre	AR
Tigwav	HT
Tihuatlan	MX
Tijara	IN
Tijuana	MX
Tijucas	BR
Tijucas do Sul	BR
Tikadi	IN
Tikamgarh	IN
Tikapur	NP
Tikhoretsk	RU
Tikhvin	RU
Tikil Dingay	ET
Tikkanbankad	IN
Tikkotti	IN
Tiko	CM
Tikri	IN
Tikri Kalan	IN
Tikri Khurd	IN
Tikrit	IQ
Tilang Pur Kotla	IN
Tilburg	NL
Tilbury	GB
Tilda Newra	IN
Tilhar	IN
Tilili	ET
Tillaberi	NE
Tillicum	CA
Tillmans Corner	US
Tillsonburg	CA
Tilogne Tokossel	SN
Tilpat	IN
Tilst	DK
Tiltil	CL
Tima	EG
Timaru	NZ
Timashyovsk	RU
Timau	KE
Timayy al Imdid	EG
Timbauba	BR
Timberlake	US
Timberlane	US
Timberwood Park	US
Timbiqui	CO
Timbiras	BR
Timbo	BR
Timbuktu	ML
Time	NO
Times Square	US
Timgad	DZ
Timika	ID
Timimoun	DZ
Timisoara	RO
Timizart	DZ
Timmapur	IN
Timmins	CA
Timon	BR
Timoteo	BR
Timotes	VE
Timperley	GB
Timra	SE
Timurni	IN
Tin Hau	HK
Tin Shui Wai	HK
Tin Wan	HK
Tinaco	VE
Tinambac	PH
Tinaquillo	VE
Tinchlik	UZ
Tindal	IN
Tinde	TZ
Tindivanam	IN
Tindouf	DZ
Tindwari	IN
Tine Biougra	MA
Tineo	ES
Ting Kau	HK
Tingalachi	IN
Tinghir	MA
Tingi	TZ
Tingo Maria	PE
Tinh Bien	VN
Tinja	TN
Tinley Park	US
Tinnanur	IN
Tinogasta	AR
Tinongan	PH
Tinqueux	FR
Tinsukia	IN
Tintane	MR
Tinton Falls	US
Tiom	ID
Tiong Bahru Estate	SG
Tipasa	DZ
Tipitapa	NI
Tipton	GB
Tiptur	IN
Tiquipaya	BO
Tiquisate	GT
Tiquisio	CO
Tiran	IR
Tirana	AL
Tiraspol	MD
Tirat Karmel	IL
Tirawari	IN
Tire	TR
Tirebolu	TR
Tirhanimine	MA
Tirkadavur	IN
Tirmitine	DZ
Tirmiz	UZ
Tirora	IN
Tirthahalli	IN
Tiruchanur	IN
Tiruchchendur	IN
Tiruchengode	IN
Tiruchirappalli	IN
Tirukkalikkunram	IN
Tirukkoyilur	IN
Tirumala	IN
Tirumalaiyampalaiyam	IN
Tirumalarajanpatnam	IN
Tirumangalam	IN
Tirumeshi	IN
Tirumullaivasal	IN
Tirumuruganpundi	IN
Tirunageswaram	IN
Tirunelveli	IN
Tirupananthal	IN
Tirupati	IN
Tirupati NMA	IN
Tirupattur	IN
Tiruppalai	IN
Tirupparangunram	IN
Tirupporur	IN
Tiruppur	IN
Tiruppuvanam	IN
Tirur	IN
Tirurageswaram	IN
Tirurangadi	IN
Tiruttangal	IN
Tiruvalla	IN
Tiruvallur	IN
Tiruvankod	IN
Tiruvannamalai	IN
Tiruvattar	IN
Tiruverumbur	IN
Tiruvottiyur	IN
Tisaiyanvilai	IN
Tissa	MA
Tissemsilt	DZ
Tiszafoldvar	HU
Tiszafuered	HU
Tiszakecske	HU
Tiszaujvaros	HU
Tiszavasvari	HU
Tit Mellil	MA
Tita	BF
Titabor Town	IN
Titagarh	IN
Titao	BF
Titay	PH
Titirangi	NZ
Titisee-Neustadt	DE
Titiwangsa	MY
Titlagarh	IN
Titron	IN
Tittagudi	IN
Titu	RO
Titusville	US
Tiu Keng Leng	HK
Tivaouane	SN
Tiverton	GB
Tivoli	IT
Tiwi	PH
Tixkokob	MX
Tixtla de Guerrero	MX
Tizapan el Alto	MX
Tizayuca	MX
Tizi Gheniff	DZ
Tizi Ouzou	DZ
Tizi Rached	DZ
Tizi-n-Tleta	DZ
Tizimin	MX
Tiznit	MA
Tjakastad	ZA
Tlacolula de Matamoros	MX
Tlahuac	MX
Tlaixpan	MX
Tlajomulco de Zuniga	MX
Tlalmanalco	MX
Tlalnepantla	MX
Tlalpan	MX
Tlaltenango de Sanchez Roman	MX
Tlaltizapan	MX
Tlapa de Comonfort	MX
Tlapacoyan	MX
Tlaquepaque	MX
Tlaquiltenango	MX
Tlaxcala	MX
Tlaxco	MX
Tlaxcoapan	MX
Tlemcen	DZ
Tlokoeng	ZA
Tlokweng	BW
To	BF
To Kwa Wan	HK
To'rqao'rg'on	UZ
Toa Payoh New Town	SG
Toamasina	MG
Toba	JP
Toba Tek Singh	PK
Tobelo	ID
Tobetsu	JP
Tobias Barreto	BR
Tobly Bangolo	CI
Tobolsk	RU
Toboso	PH
Tobre	BJ
Tobruk	LY
Tocache	PE
Tocaima	CO
Tocancipa	CO
Tocantinopolis	BR
Tocantins	BR
Tochigi	JP
Tochio-honcho	JP
Tocoa	HN
Tocopilla	CL
Tocumen	PA
Todabhim	IN
Todaraisingh	IN
Todi	IT
Todmorden	GB
Toekoel	HU
Toenisvorst	DE
Toeroekbalint	HU
Tog Wajaale	SO
Togane	JP
Togitsu	JP
Togoshi	JP
Toguchin	RU
Tohana	IN
Toi	JP
Toin	JP
Tokai	JP
Tokamachi	JP
Tokar	SD
Tokat	TR
Tokch'on	KP
Toki	JP
Tokiwadai	JP
Tokmak	UA
Tokmok	KG
Tokoname	JP
Tokoroa	NZ
Tokorozawa	JP
Tokoza	ZA
Toktogul	KG
Tokushima	JP
Tokuwase	JP
Tokuyama	JP
Tokyo	JP
Tolanaro	MG
Tolbazy	RU
Toledo	US
Tolentino	IT
Tolga	DZ
Toliara	MG
Tolland	US
Tolna	HU
Tolosa	ES
Tolu Viejo	CO
Toluca	MX
Tolyatti	RU
Toma	BF
Tomakomai	JP
Tomar	PT
Tomar do Geru	BR
Tomares	ES
Tomarza	TR
Tomaszow Lubelski	PL
Tomaszow Mazowiecki	PL
Tomba-kanssa	GN
Tomball	US
Tombel	CM
Tomboco	AO
Tombua	AO
Tome	JP
Tome-Acu	BR
Tomelloso	ES
Tomesti	RO
Tomi	JP
Tomigusuku	JP
Tomilino	RU
Tomino	ES
Tomioka	JP
Tomiya	JP
Tomobe	JP
Tomohon	ID
Tomok Bolon	ID
Tomono	CI
Toms River	US
Tomsk	RU
Tonala	MX
Tonami	JP
Tonantins	BR
Tonawanda	US
Tonbridge	GB
Tondabayashicho	JP
Tondalam	IN
Tondano	ID
Tonder	DK
Tondi	IN
Tondon	GN
Tonekabon	IR
Toneri	JP
Tonga	CM
Tongaat	ZA
Tongcheng	CN
Tongchuan	CN
Tongchuanshi	CN
Tongelre	NL
Tongeren	BE
Tongging	ID
Tonggu	CN
Tonghua	CN
Tongjiaxi	CN
Tongjing	CN
Tongkang Pechah	MY
Tongle	CN
Tongliao	CN
Tongling	CN
Tongqiao	CN
Tongren	CN
Tongshan	CN
Tongxi	CN
Tongyangdao	CN
Tongyeong	KR
Tongzhou	CN
Tonj	SS
Tonk	IN
Tono	JP
Tonosho	JP
Tonota	BW
Tonsberg	NO
Tonya	TR
Tonypandy	GB
Tooele	US
Toon	JP
Toongabbie	AU
Toongabbie West	AU
Toorak	AU
Tooting	GB
Toowong	AU
Toowoomba	AU
Topeka	US
Topi	PK
Topki	RU
Toplita	RO
Topolcany	SK
Topoloveni	RO
Tor Lupara	IT
Tor Tre Teste	IT
Torbali	TR
Torbat-e Heydariyeh	IR
Torbat-e Jam	IR
Torcy	FR
Tordera	ES
Tordher	PK
Torello	ES
Toretsk	UA
Torgau	DE
Torgelow	DE
Torhout	BE
Tori	EE
Tori-Bossito	BJ
Tori-Fatehpur	IN
Toride	JP
Torit	SS
Toritama	BR
Tornesch	DE
Tornio	FI
Toro	CO
Torodi	NE
Torokszentmiklos	HU
Toronto	CA
Toropets	RU
Tororo	UG
Torquay	GB
Torrance	US
Torre Annunziata	IT
Torre del Campo	ES
Torre del Greco	IT
Torre del Lago Puccini	IT
Torre del Mar	ES
Torre-Pacheco	ES
Torredembarra	ES
Torredonjimeno	ES
Torrejon de Ardoz	ES
Torrelavega	ES
Torrelodones	ES
Torremaggiore	IT
Torremolinos	ES
Torrent	ES
Torreon	MX
Torres	BR
Torres Novas	PT
Torres Vedras	PT
Torresdale	US
Torrevieja	ES
Torrijos	ES
Torrington	US
Torrington Park	JM
Torroella de Montgri	ES
Torrox	ES
Torshavn	FO
Torslanda	SE
Tortiya	CI
Tortona	IT
Tortosa	ES
Tortuguitas	AR
Torun	PL
Torur	IN
Torvaianica	IT
Torzhok	RU
Tosa	JP
Tosagua	EC
Tosashimizu	JP
Tosayamadacho-nakano	JP
Tosham	IN
Toshbuloq	UZ
Toshima	JP
Toshloq	UZ
Tosmur	TR
Tosno	RU
Tostado	AR
Tostedt	DE
Tosu	JP
Tosya	TR
Tot'ma	RU
Totana	ES
Totonicapan	GT
Tototlan	MX
Totowa	US
Tottakkurichchi	IN
Tottenham	GB
Tottenham Hale	GB
Totteridge	GB
Totton	GB
Tottori-shi	JP
Touagui	CI
Touba	SN
Toubakoura	ML
Touboro	CM
Toufen	TW
Tougan	BF
Touggourt	DZ
Tougue	GN
Touih	CI
Toukountouna	BJ
Toul	FR
Toulepleu Guere	CI
Toulon	FR
Toulouse	FR
Toumodi	CI
Toumoukro	CI
Toungo	NG
Tourcoing	FR
Tourlaville	FR
Tournai	BE
Tournefeuille	FR
Tournon-sur-Rhone	FR
Touros	BR
Tours	FR
Tovar	VE
Tovarkovo	RU
Toviklin	BJ
Tovuz	AZ
Towada	JP
Tower Hill	JM
Town 'n' Country	US
Town and Country	US
Townline	CA
Townsville	AU
Towson	US
Toyama	JP
Toyo	JP
Toyoake	JP
Toyoda	JP
Toyohama	JP
Toyohashi	JP
Toyokawa	JP
Toyonaka	JP
Toyooka	JP
Toyoshina	JP
Toyosu	JP
Toyota	JP
Toyoyama	JP
Tozeur	TN
Tra Mhor	IE
Tra Que Vegetable Village	VN
Tra Vinh	VN
Trabzon	TR
Tracuateua	BR
Tracunhaem	BR
Tracy	US
Tradate	IT
Trafalgar	ES
Trahe	CI
Trai Khoai	VN
Traiguen	CL
Traipu	BR
Trairao	BR
Trairi	BR
Trajano de Morais	BR
Trajpar	IN
Tral	IN
Tralee	IE
Tram Chim	VN
Tramandai	BR
Tran Van Thoi	VN
Tranas	SE
Trancoso	MX
Tranekaer	DK
Tranent	GB
Trang	TH
Trang Bang	VN
Trang Bom	VN
Trani	IT
Tranovaho	MG
Trapani	IT
Trapiche	PH
Trappes	FR
Traralgon	AU
Trastevere	IT
Trat	TH
Trau Quy	VN
Traun	AT
Traunreut	DE
Traunstein	DE
Travagliato	IT
Travemuende	DE
Traverse City	US
Travilah	US
Travnik	BA
Trbovlje	SI
Trebic	CZ
Trebinje	BA
Trebisov	SK
Trebur	DE
Trecastagni	IT
Trecate	IT
Tredegar	GB
Treharris	GB
Treinta y Tres	UY
Trekhgornyy	RU
Trelaze	FR
Trelew	AR
Trelleborg	SE
Tremblay-en-France	FR
Tremedal	BR
Tremelo	BE
Tremembe	BR
Tremestieri Etneo	IT
Tremont	US
Trencin	SK
Trenggalek	ID
Trento	IT
Trentola-Ducenta	IT
Trenton	US
Treptow	DE
Trepuzzi	IT
Tres Arroyos	AR
Tres Barras	BR
Tres Barras do Parana	BR
Tres Cachoeiras	BR
Tres Cantos	ES
Tres Coracoes	BR
Tres Coroas	BR
Tres Isletas	AR
Tres Lagoas	BR
Tres Marias	BR
Tres Passos	BR
Tres Pontas	BR
Tres Rios	BR
Tres Valles	MX
Tres de Maio	BR
Tres de Mayo	MX
Tretiy Zanasyp	UA
Treuchtlingen	DE
Treviglio	IT
Treviso	IT
Trezzano sul Naviglio	IT
Trezzo sull'Adda	IT
Tri-Cities	US
Tricase	IT
Trichardt	ZA
Triel-sur-Seine	FR
Trier	DE
Trieste	IT
Triggiano	IT
Trikala	GR
Trikarpur North	IN
Trikarpur South	IN
Trikonavattam	IN
Trikur	IN
Trimbak	IN
Trincomalee	LK
Trindade	BR
Trinec	CZ
Tring	GB
Trinidad	BO
Trinitapoli	IT
Trinity	US
Trinity-Bellwoods	CA
Triolet	MU
Triparappu	IN
Tripoli	LY
Triprangod	IN
Tripunittura	IN
Trittala	IN
Triunfo	BR
Triyuga	NP
Trizidela do Vale	BR
Trnava	SK
Trofa	PT
Trofarello	IT
Trogir	HR
Trois-Rivieres	CA
Troisdorf	DE
Troitsk	RU
Troitskaya	RU
Troitskiy	RU
Troitskoye	RU
Troja	CZ
Trollhaettan	SE
Tromsdalen	NO
Tromso	NO
Trondheim	NO
Troon	GB
Troparevo	RU
Trophy Club	US
Tropicana Indah	MY
Trossingen	DE
Trostberg an der Alz	DE
Trostyanets	UA
Trotwood	US
Trou aux Biches	MU
Trou du Nord	HT
Troutdale	US
Trowbridge	GB
Troy	US
Troyan	BG
Troyes	FR
Trstenik	RS
Trubchevsk	RU
Truckee	US
Trucuk	ID
Trudovoye	RU
Truganina	AU
Trujillo	PE
Trujillo Alto	PR
Trumbull	US
Trung Phung	VN
Truro	GB
Truskavets	UA
Trussville	US
Trutnov	CZ
Tryavna	BG
Trzcianka	PL
Trzebiatow	PL
Trzebinia	PL
Trzebnica	PL
Ts'khinvali	GE
Tsaratanana	MG
Tsaritsyno	RU
Tsawwassen	CA
Tselina	RU
Tsentralno-Miskyi	UA
Tsentralnyi	UA
Tsetserleg	MN
Tseung Kwan O	HK
Tsevie	TG
Tshabong	BW
Tshela	CD
Tshiame	ZA
Tshikapa	CD
Tshilenge	CD
Tshitereke	ZA
Tsim Sha Tsui	HK
Tsimbeo	KM
Tsimlyansk	RU
Tsing Yi Town	HK
Tsiombe	MG
Tsirang	BT
Tsiroanomandidy	MG
Tsivil'sk	RU
Tsogni	GA
Tsotsin-Yurt	RU
Tsrar Sharif	IN
Tsu	JP
Tsubame	JP
Tsubata	JP
Tsuchiura	JP
Tsuen Wan	HK
Tsugaru	JP
Tsui Chuk Garden	HK
Tsuiki	JP
Tsukawaki	JP
Tsukuba	JP
Tsukubamirai	JP
Tsukumiura	JP
Tsuma	JP
Tsumeb	NA
Tsuno	JP
Tsuru	JP
Tsuruda	JP
Tsuruga	JP
Tsurugashima	JP
Tsurugi-asahimachi	JP
Tsuruoka	JP
Tsurusaki	JP
Tsuruta	JP
Tsushima	JP
Tsuyama	JP
Tsz Ching Estate	HK
Tsz Wan Shan	HK
Tu Bong	VN
Tual	ID
Tualatin	US
Tuanbao	CN
Tuantian	CN
Tuapse	RU
Tuban	ID
Tubarao	BR
Tubarjal	SA
Tubas	PS
Tubbergen	NL
Tubize	BE
Tubmanburg	LR
Tubod	PH
Tucacas	VE
Tucani	VE
Tucano	BR
Tucapel	CL
Tuchang	CN
Tuchkovo	RU
Tuchola	PL
Tuckahoe	US
Tucker	US
Tucson	US
Tucson Estates	US
Tucuma	BR
Tucupido	VE
Tucupita	VE
Tucuran	PH
Tucurui	BR
Tucuruvi	BR
Tud	EG
Tudela	ES
Tudiyalur	IN
Tuebingen	DE
Tuen Mun	HK
Tuen Mun San Hui	HK
Tuensang	IN
Tuerkmenbasy	TM
Tuerkmengala	TM
Tufanganj	IN
Tuggeranong Administrative District	AU
Tuguegarao	PH
Tui	ES
Tuineje	ES
Tujunga	US
Tukakgomo	ZA
Tukh	EG
Tukrah	LY
Tukums	LV
Tukuyu	TZ
Tukwila	US
Tukzar	AF
Tula	RU
Tula de Allende	MX
Tulancingo	MX
Tulangan Utara	ID
Tulantongo	MX
Tulare	US
Tulbagh	ZA
Tulcan	EC
Tulcea	RO
Tulchyn	UA
Tuljapur	IN
Tulkarm	PS
Tullahoma	US
Tullamore	IE
Tulle	FR
Tullinge	SE
Tulln	AT
Tullus	SD
Tulsa	US
Tulsipur	NP
Tultepec	MX
Tultitlan de Mariano Escobedo	MX
Tulu Bolo	ET
Tulua	CO
Tulum	MX
Tulun	RU
Tulungagung	ID
Tumaco	CO
Tumba	SE
Tumbes	PE
Tumbi	TZ
Tumen	CN
Tumeremo	VE
Tumkur	IN
Tumpat	MY
Tumsar	IN
Tumwater	US
Tumxuk	CN
Tunapuna	TT
Tunasan	PH
Tunceli	TR
Tundhul	IN
Tundla	IN
Tunduma	TZ
Tunduru	TZ
Tuneri	IN
Tung Chung	HK
Tung Tau Estate	HK
Tung Tau Tsuen	HK
Tungi	BD
Tungipara	BD
Tuni	IN
Tunis	TN
Tunja	CO
Tuntum	BR
Tuogerigaizi	CN
Tuohula	CN
Tuomuwusitang	CN
Tupa	BR
Tupac Amaru	PE
Tupaciguara	BR
Tupanatinga	BR
Tupancireta	BR
Tupelo	US
Tupi	PH
Tupi Paulista	BR
Tupiza	BO
Tuqiang	CN
Tuqiao	CN
Tuquerres	CO
Tura	IN
Turabah	SA
Turaif	SA
Turaiyur	IN
Turar Ryskulov	KZ
Turaru	BR
Turayf	SA
Turbaco	CO
Turbana	CO
Turbat	PK
Turbo	CO
Turda	RO
Turek	PL
Turgen	KZ
Turgun	CN
Turgutlu	TR
Turgutreis	TR
Turhal	TR
Turi	IT
Turiacu	BR
Turilandia	BR
Turin	IT
Turinsk	RU
Turkestan	KZ
Turkeve	HU
Turkmenabat	TM
Turku	FI
Turlock	US
Turmalina	BR
Turmero	VE
Turnhout	BE
Turnov	CZ
Turnu Magurele	RO
Turpan	CN
Turpanyuezi	CN
Turramurra	AU
Turrialba	CR
Tursunzoda	TJ
Turtle Rock	US
Turubah	SA
Turuvekere	IN
Turvo	BR
Tuscaloosa	US
Tuscany	CA
Tushan	CN
Tushi	CN
Tustin	US
Tustin Legacy	US
Tutayev	RU
Tutoia	BR
Tutong	BN
Tuttlingen	DE
Tutume	BW
Tuusula	FI
Tuvagudi	IN
Tuwaite	CN
Tuxiang	CN
Tuxpam de Rodriguez Cano	MX
Tuxpan	MX
Tuxtepec	MX
Tuxtla	MX
Tuy Hoa	VN
Tuyen Quang	VN
Tuymazy	RU
Tuytepa	UZ
Tuyum	PH
Tuz Khurmatu	IQ
Tuzantla	MX
Tuzla	BA
Tver	RU
Twante	MM
Twello	NL
Twentynine Palms	US
Twifu Praso	GH
Twimoraet'o	KP
Twin Falls	US
Twinsburg	US
Twistringen	DE
Two Rivers	US
Twon-Brass	NG
Tyagadurgam	IN
Tyazhinskiy	RU
Tychy	PL
Tyldesley	GB
Tyler	US
Tynda	RU
Tynemouth	GB
Tyngsboro	US
Tyoply Stan	RU
Tyre	LB
Tyrnavos	GR
Tyrnyauz	RU
Tysons	US
Tyukalinsk	RU
Tyul'gan	RU
Tyul'kubas	KZ
Tyumen	RU
Tyup	KG
Tzaneen	ZA
UC Irvine	US
UEbach-Palenberg	DE
UEllo	HU
UEnye	TR
UErguep	TR
UEruemqi	CN
UEskuedar	TR
Uacu Cungo	AO
Ualog	PH
Uarini	BR
Uaua	BR
Uba	BR
Ubagai	JP
Ubai	BR
Ubaidullahganj	IN
Ubaira	BR
Ubaitaba	BR
Ubajara	BR
Ubaporanga	BR
Ubari	LY
Ubata	BR
Ubatuba	BR
Ubauro	PK
Ube	JP
Ubeda	ES
Uberaba	BR
Uberherrn	DE
Uberlandia	BR
Uberlingen	DE
Ubiaja	NG
Ubirata	BR
Ubon Ratchathani	TH
Ubrique	ES
Ubstadt-Weiher	DE
Ubud	ID
Uccle	BE
Uch-Korgon	KG
Uchaly	RU
Uchiko	JP
Uchiza	PE
Uchkeken	RU
Uchkuduk	UZ
Uchoa	BR
Uchqurghon Shahri	UZ
Uckfield	GB
Ucu Seles	AO
Ucuma	AO
Udachny	RU
Udaipur	IN
Udaipura	IN
Udaipurwati	IN
Udaiyarpalaiyam	IN
Udala	IN
Udalguri	IN
Udangudi	IN
Udayagiri	IN
Udayendram	IN
Uddevalla	SE
Udel'naya	RU
Uden	NL
Udgir	IN
Udhampur	IN
Udi	NG
Udine	IT
Udiyavara	IN
Udomlya	RU
Udon Thani	TH
Udono	JP
Udpura	IN
Udumalaippettai	IN
Udupi	IN
Ueckermuende	DE
Ueda	JP
Uekimachi-mono	JP
Uelzen	DE
Ueno-ebisumachi	JP
Uenohara	JP
Uerdingen	DE
Uetake	JP
Uetersen	DE
Ufa	RU
Uga	NG
Ugbokpo	NG
Ugep	NG
Ughelli	NG
Ugie	ZA
Uglegorsk	RU
Uglich	RU
Uglovoye	RU
Ugrakheri	IN
Uherske Hradiste	CZ
Uhersky Brod	CZ
Uhingen	DE
Uhrineves	CZ
Uibai	BR
Uige	AO
Uijeongbu-si	KR
Uiju	KP
Uiramuta	BR
Uirauna	BR
Uitgeest	NL
Uithoorn	NL
Uiwang	KR
Ujar	AZ
Ujescisko-Lostowice	PL
Ujezd nad Lesy	CZ
Ujfeherto	HU
Ujhani	IN
Ujhegy	HU
Uji	JP
Ujiie	JP
Ujjain	IN
Ujlipotvaros	HU
Ujpalota	HU
Ujpest	HU
Ujpeteritelep	HU
Ujszeged	HU
Ukhrul	IN
Ukhta	RU
Uki	JP
Ukiah	US
Ukiha	JP
Ukima	JP
Uklana	IN
Ukmerge	LT
Ukrainian Village	US
Ukrayinka	UA
Ukrayinsk	UA
Ukunda	KE
Ulaangom	MN
Ulan Bator	MN
Ulan-Ude	RU
Ulanhot	CN
Ulanqab	CN
Ulcinj	ME
Ulenje	TZ
Ulft	NL
Ulhasnagar	IN
Ulianopolis	BR
Uliastay	MN
Uliyazhathura	IN
Ullagaram	IN
Ullal	IN
Ullanlinna	FI
Ulliyeri	IN
Ullur	IN
Ullyul	KP
Ulm	DE
Ulongue	MZ
Ulricehamn	SE
Ulsan	KR
Ulu Bedok	SG
Ulu Kelang	MY
Ulu Tiram	MY
Uluberiya	IN
Uluborlu	TR
Ulundi	ZA
Ulundurpet	IN
Ulverston	GB
Ulvila	FI
Ulyanovsk	RU
Uman	UA
Umarga	IN
Umargam	IN
Umaria	IN
Umarizal	BR
Umarkhed	IN
Umarkot	PK
Umarsera	IN
Umbauba	BR
Umbertide	IT
Umbri	IN
Umburanas	BR
Umea	SE
Umejima	JP
Umeki	JP
Umi	JP
Umina Beach	AU
Umirim	BR
Umluj	SA
Umm Al Quwain City	AE
Umm Ghuwaylinah	QA
Umm Hajar	TD
Umm Kaddadah	SD
Umm Lakhba	QA
Umm Qasr	IQ
Umm Ruwaba	SD
Umm Salal Muhammad	QA
Umm Shawkah	SD
Umm Suqaym	AE
Umm al Aranib	LY
Umm as Sahik	SA
Umm as Summaq	JO
Umm el Fahm	IL
Umrala	IN
Umrangso	IN
Umraniye	TR
Umred	IN
Umreth	IN
Umri	IN
Umuahia	NG
Umuarama	BR
Umurlu	TR
Umutara	RW
Un	IN
Un Chau Estate	HK
Una	IN
Unai	BR
Unaizah	SA
Unamaucheri	IN
Unch'on-up	KP
Unchagao	IN
Unchahra	IN
Undera	IN
Undok	KP
Undurkhaan	MN
Unecha	RU
Ungaran	ID
Unggi	KP
Ungheni	MD
Ungsang	KR
Unguia	CO
Unhel	IN
Unhos	PT
Uniao	BR
Uniao da Vitoria	BR
Uniao dos Palmares	BR
Uniara	IN
Unicov	CZ
Unidad Habitacional Jose Maria Morelos y Pavon	MX
Union	US
Union City	US
Union Hidalgo	MX
Union Hill-Novelty Hill	US
Union Market	US
Union Square	US
Union de Reyes	CU
Uniondale	US
Unionport	US
Universal City	US
Universidad	ES
Universidade Rural	BR
Universitats- und Hansestadt Greifswald	DE
University	US
University City	US
University Endowment Lands	CA
University Heights	CA
University Park	US
University Place	US
University of Texas	US
Unjha	IN
Unna	DE
Unnamalaikadai	IN
Unnan	JP
Unnao	IN
Unquillo	AR
Unterfoehring	DE
Unterhaching	DE
Unterkrozingen	DE
Unterschleissheim	DE
Untolovo	RU
Unzen	JP
Uonuma	JP
Uozu	JP
Upanema	BR
Upata	VE
Upington	ZA
Upland	US
Upleta	IN
Upminster	GB
Uppal Kalan	IN
Uppala	IN
Uppby	FI
Upper Alton	US
Upper Arlington	US
Upper Bicutan	PH
Upper Coomera	AU
Upper Dir	PK
Upper Gilgil	KE
Upper Grand Lagoon	US
Upper Hutt	NZ
Upper Montclair	US
Upper Norwood	GB
Upper Roxborough	US
Upper Saint Clair	US
Upper West Side	US
Upper Wong Tai Sin Estate	HK
Uppermill	GB
Uppidamangalam	IN
Upplands Vaesby	SE
Uppsala	SE
Uptown	US
Urachiche	VE
Urai	BR
Urakam	IN
Urakawa	JP
Urambo	TZ
Uran	IN
Urandi	BR
Urangan	AU
Urasoe	JP
Uravakonda	IN
Uray	RU
Urayasu	JP
Urbana	US
Urbandale	US
Urbano Santos	BR
Urbiztondo	PH
Urdaneta	PH
Uren'	RU
Urena	VE
Ureshinomachi-shimojuku	JP
Urganch	UZ
Urgut Shahri	UZ
Uriangato	MX
Uritsk	RU
Urk	NL
Urla	TR
Urlati	RO
Urmar	IN
Urmston	GB
Uromi	NG
Urrao	CO
Ursus	PL
Ursynow	PL
Urtaowul	UZ
Uruacu	BR
Uruana	BR
Uruapan	MX
Uruara	BR
Urubici	BR
Uruburetama	BR
Urucania	BR
Urucara	BR
Urucuca	BR
Urucui	BR
Urucuia	BR
Urucurituba	BR
Uruguaiana	BR
Uruma	JP
Urun-Islampur	IN
Urunda	TZ
Uruobo-Okija	NG
Uruoca	BR
Urupa	BR
Urupes	BR
Urus-Martan	RU
Urussanga	BR
Urussu	RU
Uruzgan	AF
Uryupinsk	RU
Urzhar	KZ
Urzhum	RU
Urziceni	RO
Usa River	TZ
Usagara	TZ
Usak	TR
Usangi	TZ
Usehat	IN
Usera	ES
Usevia	TZ
Usgao	IN
Ushibukamachi	JP
Ushigome	JP
Ushiku	JP
Ushirombo	TZ
Ushitsu	JP
Ushtobe	KZ
Ushuaia	AR
Usilampatti	IN
Usingen	DE
Usinsk	RU
Uslar	DE
Usman'	RU
Usol'ye-Sibirskoye	RU
Uspenskoye	RU
Ussel	FR
Ussuriysk	RU
Ust'-Abakan	RU
Ust'-Donetskiy	RU
Ust'-Dzheguta	RU
Ust'-Ilimsk	RU
Ust'-Katav	RU
Ust'-Kinel'skiy	RU
Ust'-Kut	RU
Ust'-Labinsk	RU
Ust'-Ordynskiy	RU
Ust-Kamenogorsk	KZ
Usta Muhammad	PK
Uster	CH
Uster / Kirch-Uster	CH
Usti nad Labem	CZ
Usti nad Orlici	CZ
Ustka	PL
Ustron	PL
Ustyuzhna	RU
Usuki	JP
Usulutan	SV
Utan	ID
Utazu	JP
Utebo	ES
Utekhol	IN
Utena	LT
Utengule	TZ
Utete	TZ
Uthai Thani	TH
Uthal	PK
Uthukkottai	IN
Utica	US
Utiel	ES
Utinga	BR
Utmanzai	PK
Utnur	IN
Uto	JP
Utran	IN
Utraula	IN
Utrecht	NL
Utrera	ES
Utsunomiya	JP
Uttamapalaiyam	IN
Uttangarai	IN
Uttar Champamura	IN
Uttar Char Fasson	BD
Uttaradit	TH
Uttarkashi	IN
Uttiramerur	IN
Uttoxeter	GB
Uttukkuli	IN
Uttukuli	IN
Uusikaupunki	FI
Uva	RU
Uvalde	US
Uvarovo	RU
Uvel'skiy	RU
Uvinza	TZ
Uvira	CD
Uwa	JP
Uwajima	JP
Uxbridge	GB
Uyar	RU
Uychi	UZ
Uyo	NG
Uyovu	TZ
Uyuni	BO
Uzda	BY
Uzgen	KG
Uzhhorod	UA
Uzhur	RU
Uzice	RS
Uzlovaya	RU
Uzunkoeprue	TR
Uzwil	CH
Uzyn	UA
V.S.K.Valasai (Dindigul-Dist.)	IN
Vaalbank	ZA
Vaalwater	ZA
Vaasa	FI
Vaassen	NL
Vac	HU
Vacaria	BR
Vacaville	US
Vacoas	MU
Vada	IN
Vadakakarai	IN
Vadakancheri	IN
Vadakarai Kil Pidagai	IN
Vadakkanandal	IN
Vadakkekkad	IN
Vadakku Valliyur	IN
Vadakku Viravanallur	IN
Vadakkumbagam	IN
Vadakkumkara	IN
Vadali	IN
Vadamadurai	IN
Vadanappally	IN
Vadapadam	IN
Vadasinor	IN
Vadavalli	IN
Vaddu	IN
Vadgaon	IN
Vadipatti	IN
Vadlapudi	IN
Vadnagar	IN
Vadnais Heights	US
Vadodara	IN
Vadugappatti	IN
Vaenersborg	SE
Vaerlose	DK
Vaernamo	SE
Vaestaboland	FI
Vaesteras	SE
Vaestervik	SE
Vaestra Froelunda	SE
Vaexjoe	SE
Vagator	IN
Vaghapur	IN
Vagharshapat	AM
Vaghodia	IN
Vagholi	IN
Vagonoremont	RU
Vahdat	TJ
Vaihingen an der Enz	DE
Vaijapur	IN
Vaikam	IN
Vail	US
Vaires-sur-Marne	FR
Vakarai	LK
Vakfikebir	TR
Vakhrusheve	UA
Vakhrushi	RU
Vakhsh	TJ
Vakkam	IN
Val Dor	MY
Val-d'Or	CA
Val-de-Reuil	FR
Val-des-Arbres	CA
Valabhipur	IN
Valadares	PT
Valaiyampattu	IN
Valangaiman	IN
Valasaravakkam	IN
Valasske Mezirici	CZ
Valavanur	IN
Valavilcheleri	IN
Valayam	IN
Valbom	PT
Valbonne	FR
Valby	DK
Valdagno	IT
Valday	RU
Valdeacederas	ES
Valdebernardo	ES
Valdefuentes	ES
Valdemorillo	ES
Valdemoro	ES
Valdepenas	ES
Valdes	ES
Valdez	EC
Valdezarza	ES
Valdivia	CL
Valdosta	US
Vale da Amoreira	PT
Vale do Anari	BR
Vale of Leven	GB
Valea Calugareasca	RO
Valea lui Mihai	RO
Valenca	BR
Valenca do Piaui	BR
Valence	FR
Valencia	VE
Valenciennes	FR
Valenii de Munte	RO
Valente	BR
Valente Diaz	MX
Valentigney	FR
Valentim Gentil	BR
Valenton	FR
Valenza	IT
Valenzano	IT
Valenzuela	PH
Valera	VE
Valfin-les-Saint-Claude	FR
Valga	EE
Valinda	US
Valinhos	BR
Valjevo	RS
Valkeakoski	FI
Valkenswaard	NL
Valky	UA
Vallabh Vidyanagar	IN
Vallachira	IN
Valladolid	ES
Vallam	IN
Vallauris	FR
Vallcarca	ES
Valle Hermoso	MX
Valle Vista	US
Valle de Bravo	MX
Valle de Guanape	VE
Valle de La Pascua	VE
Valle de Santiago	MX
Vallecas	ES
Valledupar	CO
Vallehermoso	ES
Vallejo	US
Vallenar	CL
Vallensbaek	DK
Vallentuna	SE
Valley East	CA
Valley Falls	US
Valley Glen	US
Valley Station	US
Valley Stream	US
Vallila	FI
Vallirana	ES
Valls	ES
Valmadrera-Caserta	IT
Valmiera	LV
Valmontone	IT
Valongo	PT
Valparai	IN
Valparaiso	CL
Valparaiso de Goias	BR
Valreas	FR
Valrico	US
Valsad	IN
Valtierrilla	MX
Valuyki	RU
Valvachatottam	IN
Valvedditturai	LK
Valverde	ES
Valverde del Camino	ES
Vammala	FI
Van	TR
Van Buren	US
Van Ness	US
Van Nest	US
Van Nuys	US
Van Wert	US
Vanadzor	AM
Vanchiglia	IT
Vanchiglietta	IT
Vancouver	CA
Vandalia	US
Vandalur	IN
Vandavasi	IN
Vanderbijlpark	ZA
Vandiyur	IN
Vandoeuvre-les-Nancy	FR
Vang Vieng	LA
Vangaindrano	MG
Vangani	IN
Vanier	CA
Vanimo	PG
Vanino	RU
Vaniyambadi	IN
Vaniyamkulam	IN
Vanlose	DK
Vannes	FR
Vansada	IN
Vantaa	FI
Vanthli	IN
Vanves	FR
Vaou	CI
Vapi	IN
Vapi INA	IN
Varadero	CU
Varam	IN
Varamin	IR
Varanasi	IN
Varangaon	IN
Varappuzha	IN
Varash	UA
Varazdin	HR
Varazze	IT
Varberg	SE
Varby	SE
Varde	DK
Vardenis	AM
Varedo	IT
Varel	DE
Varenikovskaya	RU
Varennes	CA
Varennes-Vauzelles	FR
Varese	IT
Vargem	BR
Vargem Alta	BR
Vargem Grande	BR
Vargem Grande Paulista	BR
Vargem Grande do Sul	BR
Varginha	BR
Vari	GR
Varjota	BR
Varkala	IN
Varkaus	FI
Varna	BG
Varnamkhvast	IR
Varnsdorf	CZ
Varpalota	HU
Varre-Sai	BR
Varsak	TR
Varsity	CA
Varsity Lakes	AU
Varsoli	IN
Vartej	IN
Vartiokylae	FI
Varto	TR
Varzea Alegre	BR
Varzea Grande	BR
Varzea Nova	BR
Varzea Paulista	BR
Varzea da Palma	BR
Varzea da Roca	BR
Varzelandia	BR
Vasastaden	SE
Vasco da Gama	IN
Vashon	US
Vasil'yevo	RU
Vasilevo	MK
Vasind	IN
Vaskelovo	RU
Vaslui	RO
Vaso	IN
Vassala	MR
Vassouras	BR
Vasto	IT
Vasudevanallur	IN
Vasyl'evsky Ostrov	RU
Vasylivka	UA
Vasylkiv	UA
Vasyurinskaya	RU
Vaterstetten	DE
Vathirairuppu	IN
Vatomandry	MG
Vatra Dornei	RO
Vattalkundu	IN
Vattiyurkavu	IN
Vatutino	RU
Vaudreuil-Dorion	CA
Vaughan	CA
Vaulx-en-Velin	FR
Vaureal	FR
Vauvert	FR
Vaux-le-Penil	FR
Vav	IN
Vavaea	SB
Vavatenina	MG
Vavol	IN
Vavoua	CI
Vavuniya	LK
Vayalar	IN
Vayilathur	IN
Vazante	BR
Vazhakkala	IN
Vazhakulam	IN
Vazhapadi	IN
Vazhayur	IN
Veal Sbov	KH
Vechelde	DE
Vechta	DE
Vecindario	ES
Vecses	HU
Vedado	CU
Vedado del Cotorro	CU
Vedappatti	IN
Vedaraniyam	IN
Vedasandur	IN
Vedder Crossing	CA
Vedi	AM
Veendam	NL
Veenendaal	NL
Veeraganur	IN
Vega Alta	PR
Vega Baja	PR
Vegesack	DE
Veghel	NL
Veglie	IT
Veillyachi	IN
Veinticinco de Mayo	AR
Veintidos de Febrero	MX
Veitshochheim	DE
Vejalpur	IN
Vejer de la Frontera	ES
Vejle	DK
Vel'sk	RU
Velampalaiyam	IN
Velankanni	IN
Velbert	DE
Velddrif	ZA
Veldhuizen	NL
Velen	DE
Velenje	SI
Veles	MK
Velez	CO
Velez-Malaga	ES
Velika Gorica	HR
Velika Kladusa	BA
Velikiy Novgorod	RU
Velikiy Ustyug	RU
Velikiye Luki	RU
Veliko Turnovo	BG
Velilla de San Antonio	ES
Velingara	SN
Velingrad	BG
Velizy-Villacoublay	FR
Velke Mezirici	CZ
Velky Krtis	SK
Vellakkinar	IN
Vellakkovil	IN
Vellalur	IN
Velletri	IT
Vellmar	DE
Velloorkunnam	IN
Vellore	IN
Vellur	IN
Velp	NL
Velsen-Zuid	NL
Velserbroek	NL
Velten	DE
Velur	IN
Veluthur	IN
Velyka Kokhnivka	UA
Velykodolynske	UA
Vemalwada	IN
Venadillo	CO
Venado Tuerto	AR
Venancio Aires	BR
Venaria Reale	IT
Vence	FR
Venceremos	MX
Venda do Pinheiro	PT
Vendas Novas	PT
Vendome	FR
Venecia	CO
Venev	RU
Venezuela	CU
Venganoor	IN
Vengara	IN
Vengattur	IN
Vengavasal	IN
Vengikkal	IN
Vengola Kizhakkumbagam	IN
Vengurla	IN
Venice	IT
Venilale	TL
Venissieux	FR
Venkatagiri	IN
Venkidanga	IN
Venlo	NL
Vennandur	IN
Vennesla	NO
Venosa	IT
Venray	NL
Ventanas	EC
Ventas	ES
Ventersburg	ZA
Ventersdorp	ZA
Ventimiglia	IT
Ventnor City	US
Ventspils	LV
Ventura	US
Venturosa	BR
Venustiano Carranza	MX
Vepagunta	IN
Vera	AR
Vera Cruz	BR
Veracruz	MX
Veranopolis	BR
Veraval	IN
Verbania	IT
Vercelli	IT
Verde Village	US
Verden	DE
Verdun	CA
Vereeniging	ZA
Verena	ZA
Veresegyhaz	HU
Vereshchagino	RU
Verhunskyi	UA
Verin	ES
Verkhivtseve	UA
Verkhnedneprovskiy	RU
Verkhneural'sk	RU
Verkhniy Tagil	RU
Verkhniy Ufaley	RU
Verkhnodniprovsk	UA
Verkhnyaya Pyshma	RU
Verkhnyaya Salda	RU
Verkhnyaya Sinyachikha	RU
Verkhnyaya Tura	RU
Verl	DE
Vermilion	US
Vermilion-on-the-Lake	US
Vermillion	US
Vermoim	PT
Vermont	AU
Vermont South	AU
Vermont Square	US
Vernal	US
Verneuil-sur-Seine	FR
Vernier	CH
Vernon	CA
Vernon Hills	US
Vernouillet	FR
Vero Beach	US
Vero Beach South	US
Veroia	GR
Verona	IT
Verrettes	HT
Verrieres-le-Buisson	FR
Versailles	FR
Versmold	DE
Versoix	CH
Vertentes	BR
Vertientes	CU
Vertou	FR
Veruela	PH
Verukulambu	IN
Verviers	BE
Verwood	GB
Veseli nad Moravou	CZ
Veshnyaki	RU
Vesoul	FR
Vespasiano	BR
Vestal	US
Vestavia Hills	US
Veszprem	HU
Vetapalem	IN
Veternik	RS
Vetlanda	SE
Vetluzhskiy	RU
Vetralla	IT
Vettaikkaranpudur	IN
Vettanad	IN
Vettavalam	IN
Vettur	IN
Veurne	BE
Vevey	CH
Vezirkoeprue	TR
Vi Thanh	VN
Viacha	BO
Viadana	IT
Vialonga	PT
Viamao	BR
Viana	BR
Viana do Castelo	PT
Vianen	NL
Vianopolis	BR
Viareggio	IT
Vibo Valentia	IT
Vibora	CU
Vibora Park	CU
Viborg	DK
Viby	DK
Vic	ES
Vicalvaro	ES
Vicar	ES
Vicaria	IT
Vice	PE
Vicencia	BR
Vicente Guerrero	MX
Vicente Noble	DO
Vicente Pires	BR
Vicenza	IT
Vichuga	RU
Vichy	FR
Vicksburg	US
Vico Equense	IT
Vicosa	BR
Vicosa do Ceara	BR
Vicovu de Sus	RO
Victor Rosales	MX
Victoria	HK
Victoria Falls	ZW
Victoria Hills	CA
Victoria Park	HK
Victoria Point	AU
Victoria Village	CA
Victoria de Durango	MX
Victoria-Downtown	CA
Victoria-Fraserview	CA
Victorias	PH
Victoriaville	CA
Victorville	US
Vicuna	CL
Vidalia	US
Videira	BR
Videle	RO
Vidigal	BR
Vidin	BG
Vidisha	IN
Vidnoye	RU
Vidor	US
Vidradnyi	UA
Vidyavihar	IN
Viedma	AR
Vienenburg	DE
Vienna	AT
Vienne	FR
Vientiane	LA
Viera East	US
Viernheim	DE
Viersen	DE
Vierzon	FR
Vieste	IT
Viet Tri	VN
Viet Yen	VN
Vieux-Conde	FR
View Park-Windsor Hills	US
View Royal	CA
Viewpark	GB
Vigan	PH
Vigevano	IT
Vigia	BR
Vigneux-sur-Seine	FR
Vignola	IT
Vigo	ES
Vigonza	IT
Vihari	PK
Vihti	FI
Viikki	FI
Vijalpor	IN
Vijapur	IN
Vijayapura	IN
Vijayapuram	IN
Vijayapuri North	IN
Vijayawada	IN
Vikarabad	IN
Vikasnagar	IN
Vikhorevka	RU
Vikindu	TZ
Vikramasingapuram	IN
Vikravandi	IN
Vila Andrade	BR
Vila Bela da Santissima Trindade	BR
Vila Curuca	BR
Vila Formosa	BR
Vila Franca de Xira	PT
Vila Galvao	BR
Vila Guilherme	BR
Vila Jacui	BR
Vila Leopoldina	BR
Vila Maria	BR
Vila Mariana	BR
Vila Matilde	BR
Vila Medeiros	BR
Vila Nova de Gaia	PT
Vila Nova dos Martirios	BR
Vila Prudente	BR
Vila Real	PT
Vila Real de Santo Antonio	PT
Vila Rica	BR
Vila Valerio	BR
Vila Velha	BR
Vila do Conde	PT
Vila-real	ES
Vila-seca	ES
Viladecans	ES
Vilafranca del Penedes	ES
Vilagarcia de Arousa	ES
Vilalba	ES
Vilangudi	IN
Vilankulo	MZ
Vilankurichi	IN
Vilanova de Arousa	ES
Vilanova del Cami	ES
Vilanova i la Geltru	ES
Vilapicina i la Torre Llobeta	ES
Vilappil	IN
Vilar	PT
Vilar de Andorinho	PT
Vilar do Paraiso	PT
Vilaseca	ES
Vilassar de Mar	ES
Vilattikulam	IN
Vilavoorkkal	IN
Vilavur	IN
Vilcun	CL
Vileyka	BY
Vilhena	BR
Viljandi	EE
Viljoenskroon	ZA
Vilkhivskyi	UA
Vilkpede	LT
Villa Adriana	IT
Villa Alegre	CL
Villa Alemana	CL
Villa Allende	AR
Villa Altagracia	DO
Villa Angela	AR
Villa Berthet	AR
Villa Bisono	DO
Villa Bruzual	VE
Villa Canales	GT
Villa Carcina	IT
Villa Carlos Paz	AR
Villa Constitucion	AR
Villa Consuelo	DO
Villa Corzo	MX
Villa Cuauhtemoc	MX
Villa Dolores	AR
Villa Elisa	PY
Villa Francisca	DO
Villa General San Martin	AR
Villa Gesell	AR
Villa Gonzalez	DO
Villa Hayes	PY
Villa Hidalgo	MX
Villa Independencia	MX
Villa Juarez	MX
Villa La Tesoriera	IT
Villa Lazaro Cardenas	MX
Villa Literno	IT
Villa Lugano	AR
Villa Maria	AR
Villa Mercedes	CL
Villa Nueva	GT
Villa Ocampo	AR
Villa Ortuzar	AR
Villa Park	US
Villa Paula de Sarmiento	AR
Villa Poeta Jose Galvez Barrenechea	PE
Villa Presidente Frei	CL
Villa Regina	AR
Villa Rica	CO
Villa San Giovanni	IT
Villa Santa Rita	AR
Villa Sarmiento	AR
Villa Unida	PA
Villa Union	MX
Villa Vasquez	DO
Villa Vicente Guerrero	MX
Villa Yapacani	BO
Villa de Cura	VE
Villa de El Carmen Tequexquitla	MX
Villa de Mayo	AR
Villa de Reyes	MX
Villa de San Diego de Ubate	CO
Villa de Vallecas	ES
Villa de Zaachila	MX
Villa del Campo	MX
Villa del Prado 2da Seccion	MX
Villa del Rosario	CO
Villabate	IT
Villacanas	ES
Villacarrillo	ES
Villach	AT
Villacidro	IT
Villaflores	MX
Villafranca de los Barros	ES
Villafranca di Verona	IT
Village Park	US
Village of Campton Hills	US
Villagran	MX
Villaguay	AR
Villahermosa	MX
Villajoyosa	ES
Villamaria	CO
Villamartin	ES
Villamontes	BO
Villanova	IT
Villanueva	CO
Villanueva de Cordoba	ES
Villanueva de la Canada	ES
Villanueva de la Serena	ES
Villanueva del Pardillo	ES
Villaquilambre	ES
Villaricca	IT
Villarrica	CL
Villarrobledo	ES
Villarrubia de los Ojos	ES
Villars-sur-Glane	CH
Villas	US
Villas de la Hacienda [Fraccionamiento]	MX
Villasanta	IT
Villasis	PH
Villaverde	ES
Villavicencio	CO
Villaviciosa	ES
Villaviciosa de Odon	ES
Villazon	BO
Ville-Emard	CA
Ville-Marie	CA
Ville-d'Avray	FR
Villefontaine	FR
Villefranche-de-Rouergue	FR
Villefranche-sur-Saone	FR
Villejuif	FR
Villemomble	FR
Villena	ES
Villenave-d'Ornon	FR
Villeneuve-Loubet	FR
Villeneuve-Saint-Georges	FR
Villeneuve-d'Ascq	FR
Villeneuve-la-Garenne	FR
Villeneuve-le-Roi	FR
Villeneuve-les-Avignon	FR
Villeneuve-sur-Lot	FR
Villeparisis	FR
Villepinte	FR
Villeray-Saint-Michel-Parc-Extension	CA
Villers-Cotterets	FR
Villers-les-Nancy	FR
Villeta	CO
Villetaneuse	FR
Villeurbanne	FR
Villianur	IN
Villiappally	IN
Villiers	ZA
Villiers-le-Bel	FR
Villiers-sur-Marne	FR
Villiersdorp	ZA
Villingen-Schwenningen	DE
Villukuri	IN
Villupuram	IN
Vilnius	LT
Vilnohirsk	UA
Vilnyansk	UA
Vilsbiburg	DE
Vilshofen	DE
Vilvoorde	BE
Vilyuchinsk	RU
Vimercate	IT
Vimodrone	IT
Vina del Mar	CL
Vinales	CU
Vinaros	ES
Vinateros	ES
Vincennes	FR
Vincent	US
Vincent Square	GB
Vincentown	US
Vinces	EC
Vinchia	IN
Vineland	US
Vineyard	US
Vinh	VN
Vinh Chau	VN
Vinh Long	VN
Vinh Thanh	VN
Vinh Tuy	VN
Vinh Yen	VN
Vinhedo	BR
Vinhomes Ocean Park	VN
Vinhomes Royal City	VN
Vinhomes Smart City	VN
Vinhomes Times City	VN
Vinica	MK
Vinkovci	HR
Vinnamala	IN
Vinnytsya	UA
Vinohrady	CZ
Vinovo	IT
Vinto	BO
Vinukonda	IN
Vinzili	RU
Vinzons	PH
Viota	CO
Vipingo	KE
Virac	PH
Viradouro	BR
Viraganur	IN
Virajpet	IN
Virakeralam	IN
Viralimalai	IN
Viramgam	IN
Viransehir	TR
Virapandi	IN
Virappanchathiram	IN
Virar	IN
Viraraghavapuram	IN
Viratnagar	IN
Vire	FR
Virei	AO
Virgem da Lapa	BR
Virginia	ZA
Virginia Beach	US
Virginopolis	BR
Virnur	IN
Viroflay	FR
Virovitica	HR
Virpur	IN
Virton	BE
Viru	PE
Virudhachalam	IN
Virudunagar	IN
Virugambakkam	IN
Viry-Chatillon	FR
Visaginas	LT
Visakhapatnam	IN
Visalia	US
Visavadar	IN
Visby	SE
Visconde do Rio Branco	BR
Vise	BE
Viseu	PT
Viseu de Sus	RO
Visharam	IN
Visitacion Valley	US
Visnagar	IN
Visoko	BA
Visselhoevede	DE
Vista	US
Vista Alegre	ES
Vista Hermosa de Negrete	MX
Viswanatham	IN
Vite	IN
Vitebsk	BY
Viterbo	IT
Vitina	XK
Vitoria	BR
Vitoria da Conquista	BR
Vitoria de Santo Antao	BR
Vitoria do Jari	BR
Vitoria do Mearim	BR
Vitoria do Xingu	BR
Vitorino Freire	BR
Vitre	FR
Vitrolles	FR
Vitry-le-Francois	FR
Vitry-sur-Seine	FR
Vittal	IN
Vittoria	IT
Vittorio Veneto	IT
Viveiro	ES
Vize	TR
Vizianagaram	IN
Vlaardingen	NL
Vladikavkaz	RU
Vladimir	RU
Vladimirescu	RO
Vladivostok	RU
Vlasim	CZ
Vlissingen	NL
Vlore	AL
Vlotho	DE
Vnukovo	RU
Vobkent Shahri	UZ
Voelklingen	DE
Voerde	DE
Vogan	TG
Voghera	IT
Vohibinany	MG
Vohipaho	MG
Vohipeno	MG
Vohringen	DE
Voi	KE
Voinjama	LR
Voiron	FR
Voisins-le-Bretonneux	FR
Vokovice	CZ
Vol'sk	RU
Volcan	PA
Volchansk	RU
Volchikha	RU
Volda	NO
Volendam	NL
Volgodonsk	RU
Volgograd	RU
Volgorechensk	RU
Volkhov	RU
Volkovysk	BY
Volksdorf	DE
Volksrust	ZA
Volla	IT
Volnovakha	UA
Volochysk	UA
Volodarsk	RU
Volodymyr-Volynskyi	UA
Vologda	RU
Volokolamsk	RU
Volokonovka	RU
Volos	GR
Volosovo	RU
Volozhin	BY
Volpiano	IT
Volta Redonda	BR
Voluntari	RO
Volzhsk	RU
Volzhsky	RU
Vom	NG
Vomero	IT
Vondrozo	MG
Voorburg	NL
Voorschoten	NL
Vordingborg	DK
Voreppe	FR
Vorgashor	RU
Vorkuta	RU
Vorob'yovo	RU
Voronezh	RU
Vorotynsk	RU
Vorsma	RU
Voru	EE
Voskresenka	UA
Voskresensk	RU
Vosselaar	BE
Vostochnoe Degunino	RU
Vostochnyy	RU
Vostryakovo	RU
Votkinsk	RU
Votorantim	BR
Votuporanga	BR
Voula	GR
Vovchansk	UA
Voznesenivka	UA
Voznesensk	UA
Voznesenskyi	UA
Vrakuna	SK
Vrangel'	RU
Vranje	RS
Vranov nad Toplou	SK
Vratsa	BG
Vrbas	RS
Vrchlabi	CZ
Vrede	ZA
Vredefort	ZA
Vreden	DE
Vredenburg	ZA
Vredendal	ZA
Vreewijk	NL
Vriddhachalam	IN
Vriezenveen	NL
Vrilissia	GR
Vrindavan	IN
Vrnjacka Banja	RS
Vrouo	CI
Vrsac	RS
Vrsovice	CZ
Vryburg	ZA
Vryheid	ZA
Vsetin	CZ
Vsevolozhsk	RU
Vubatalai	IN
Vught	NL
Vuhledar	UA
Vukovar	HR
Vuktyl	RU
Vulcan	RO
Vulcanesti	MD
Vung Tau	VN
Vuosaari	FI
Vura	SB
Vurnary	RU
Vushtrri	XK
Vuyyuru	IN
Vwawa	TZ
Vyanda	BI
Vyara	IN
Vyatskiye Polyany	RU
Vyaz'ma	RU
Vyazemskiy	RU
Vyazniki	RU
Vyborg	RU
Vychegodskiy	RU
Vyhurivshchyna-Troyeshchyna	UA
Vykhino-Zhulebino	RU
Vyksa	RU
Vynnyky	UA
Vynohradar	UA
Vynohradiv	UA
Vypin	IN
Vyritsa	RU
Vyronas	GR
Vyselki	RU
Vyshhorod	UA
Vyshhorodskyi Masyv	UA
Vyshneve	UA
Vyshniy Volochek	RU
Vyskov	CZ
Vysocany	CZ
Vysoke Myto	CZ
Vysokovsk	RU
Vysokyi	UA
Vytegra	RU
Wa	GH
Waal	ET
Waalwijk	NL
Waasmunster	BE
Wabash	US
Wabrzezno	PL
Wabu	KR
Wacha	ET
Wacheng Neighborhood	CN
Wachtberg	DE
Waco	US
Waconia	US
Wad Medani	SD
Wad Rawah	SD
Wadayama	JP
Waddan	LY
Waddinxveen	NL
Wade Hampton	US
Wadern	DE
Wadersloh	DE
Wadgaon	IN
Wadgaon Kolhati	IN
Wadgassen	DE
Wadi	IN
Wadi 'Utbah	LY
Wadi Musa	JO
Wadi al Jawz	PS
Wadi as Sir	JO
Wadowice	PL
Wadsworth	US
Waechtersbach	DE
Waedenswil	CH
Waegwan	KR
Waehring	AT
Waeng	TH
Wafangdian	CN
Wagar	SD
Wageningen	NL
Waggaman	US
Waghausel	DE
Wagrowiec	PL
Wah Cantt	PK
Wah Fu	HK
Wah Kwai	HK
Wahiawa	US
Wahroonga	AU
Wai	IN
Waianae	US
Waiblingen	DE
Waidmannslust	DE
Waikanae	NZ
Waikiki	US
Wailuku	US
Waimalu	US
Waina	CN
Waingapu	ID
Wainuiomata	NZ
Waipahu	US
Waipio	US
Waisai	ID
Wajima	JP
Wajir	KE
Waka	ET
Wakabayashi	JP
Wakaf Baharu	MY
Wakasu	JP
Wakasugi	JP
Wakayama	JP
Wake	JP
Wake Forest	US
Wakefield	GB
Wakema	MM
Wakimachi	JP
Wakiso	UG
Wakkanai	JP
Wako	JP
Wakuya	JP
Walajabad	IN
Walajapet	IN
Walbrzych	PL
Walcourt	BE
Walcz	PL
Wald-Michelbach	DE
Waldbroel	DE
Waldkirch	DE
Waldkirchen	DE
Waldkraiburg	DE
Waldorf	US
Waldshut-Tiengen	DE
Waldwick	US
Walebo	CI
Walin	NP
Waliso	ET
Walkden	GB
Walker	US
Walker Mill	US
Walla Walla	US
Wallan	AU
Wallasey	GB
Walldorf	DE
Walldurn	DE
Wallenhorst	DE
Wallingford	US
Wallingford Center	US
Wallington	GB
Wallisellen	CH
Wallsend	GB
Walnut	US
Walnut Creek	US
Walnut Grove	CA
Walnut Park	US
Walsall	GB
Walsh Acres-Lakeridge-Garden Ridge	CA
Walsrode	DE
Waltendorf	AT
Waltershausen	DE
Waltham	US
Waltham Abbey	GB
Waltham Cross	GB
Walthamstow	GB
Walton-on-Thames	GB
Walton-on-the-Naze	GB
Waltrop	DE
Waluj Buzurg	IN
Walvis Bay	NA
Walwadi	IN
Wamba	NG
Wamena	ID
Wan Chai	HK
Wanadongri	IN
Wanaka	NZ
Wanaque	US
Wanaraja	ID
Wanchao	CN
Wanchaq	PE
Wanderlandia	BR
Wanderley	BR
Wandlitz	DE
Wandsbek	DE
Wanfeng	CN
Wang Nam Yen	TH
Wang Noi	TH
Wang Saphung	TH
Wang Tau Hom	HK
Wang Tau Hom Estate	HK
Wang Thonglang	TH
Wangaratta	AU
Wangba	CN
Wangchang	CN
Wangen	DE
Wangfen	CN
Wanggou	CN
Wanghe	CN
Wanghong	CN
Wangji	CN
Wangjia	CN
Wangkui	CN
Wangoi	IN
Wangon	ID
Wangpu	CN
Wangqi	CN
Wangqing	CN
Wangsa Maju	MY
Wangu	CN
Wanguru	KE
Wangwu	CN
Wangyao	CN
Wangyin	CN
Wangyuan	CN
Wani	IN
Wanju	KR
Wankaner	IN
Wankyi	GH
Wanlaweyn	SO
Wanling	CN
Wanmu	CN
Wanneroo	AU
Wanning	CN
Wannsee	DE
Wanparti	IN
Wanqiao Zhen	CN
Wanseko	UG
Wansheng	CN
Wanshui	CN
Wanshun	CN
Wanstead	GB
Wantage	GB
Wantagh	US
Wantirna	AU
Wantirna South	AU
Wanxian	CN
Wanze	BE
Wanzhou	CN
Wao	PH
Wapi Pathum	TH
Warabi	JP
Warah	PK
Warangal	IN
Waraseoni	IN
Warburg	DE
Wardamah	LY
Warden	ZA
Wardenburg	DE
Warder	ET
Wardha	IN
Ware	GB
Waregem	BE
Waremme	BE
Waren	DE
Warendorf	DE
Wari	IN
Warichaphum	TH
Warin Chamrap	TH
Waris Aliganj	IN
Warisan	AE
Warka	PL
Warman	CA
Warminster	GB
Warnbro	AU
Warner	AU
Warner Robins	US
Warnes	BO
Warora	IN
Warr Acres	US
Warragul	AU
Warren	US
Warren Township	US
Warrensburg	US
Warrensville Heights	US
Warrenton	ZA
Warrenville	US
Warri	NG
Warrington	GB
Warrnambool	AU
Warsaw	PL
Warstein	DE
Warud	IN
Warwick	US
Wasaga Beach	CA
Wasco	US
Washim	IN
Washington	US
Washington Court House	US
Washington Heights	US
Washington Square	US
Washinomiya	JP
Washougal	US
Washuk	PK
Washwood Heath	GB
Wasmes	BE
Wasquehal	FR
Wassenaar	NL
Wassenberg	DE
Wasserburg am Inn	DE
Wat Arun	TH
Wat Tha Phra	TH
Watampone	ID
Watamu	KE
Watari	JP
Watauga	US
Waterbury	US
Waterdown	CA
Waterford	US
Waterfront Communities-The Island	CA
Waterloo	CA
Waterlooville	GB
Watermael-Boitsfort	BE
Watertown	US
Waterville	US
Watervliet	US
Watford	GB
Wath upon Dearne	GB
Watsa	CD
Watsonville	US
Wattala	LK
Watte	CI
Watthana	TH
Wattignies	FR
Wattrelos	FR
Wau	SS
Wauconda	US
Waukee	US
Waukegan	US
Waukesha	US
Waunakee	US
Waupun	US
Wausau	US
Wauwatosa	US
Waverly	US
Wavertree	GB
Wavre	BE
Waw	MM
Wawa	NG
Wawarsing	US
Wawer	PL
Waxahachie	US
Waxhaw	US
Wayao	CN
Wayaobu	CN
Waycross	US
Wayland	US
Wayne	US
Waynesboro	US
Wazirabad	PK
Wazirganj	IN
We	NC
Wealdstone	GB
Weatherford	US
Webb City	US
Webster	US
Webster Groves	US
Webuye	KE
Wedding	DE
Weddington	US
Wedel	DE
Wedi	ID
Wednesbury	GB
Wednesfield	GB
Weehawken	US
Weener	DE
Weert	NL
Weesp	NL
Weeze	DE
Weg naar Zee	SR
Wegberg	DE
Wegeda	ET
Wegorzewo	PL
Wegrow	PL
Wehr	DE
Weiden	DE
Weidian	CN
Weifang	CN
Weigelstown	US
Weihai	CN
Weiji	CN
Weil am Rhein	DE
Weil der Stadt	DE
Weil im Schonbuch	DE
Weilburg	DE
Weilerswist	DE
Weilheim	DE
Weilong	CN
Weimar	DE
Weimiao	CN
Weinan	CN
Weinbohla	DE
Weingarten	DE
Weinheim	DE
Weining	CN
Weinsberg	DE
Weinstadt-Endersbach	DE
Weir	IN
Weirton	US
Weirton Heights	US
Weissenburg in Bayern	DE
Weissenfels	DE
Weissenhorn	DE
Weissensee	DE
Weisswasser	DE
Weiterstadt	DE
Weituo	CN
Weiwu'eryuqiwen	CN
Weixin	CN
Weixinghu	CN
Wejherowo	PL
Wekerletelep	HU
Wekiwa Springs	US
Welahan	ID
Welby	US
Weldiya	ET
Welench'iti	ET
Weleri	ID
Welgelegen	SR
Weligama	LK
Welingara	GM
Welisara	LK
Welk'it'e	ET
Welkom	ZA
Welland	CA
Wellawaya	LK
Wellesley	US
Welling	GB
Wellingborough	GB
Wellingsbuettel	DE
Wellington	NZ
Wellington Point	AU
Wells	GB
Wells Beach Station	US
Wells Branch	US
Wels	AT
Welver	DE
Welwyn Garden City	GB
Welzheim	DE
Wembesi	ZA
Wembley	GB
Wemmel	BE
Wenago	ET
Wenatchee	US
Wenceslau Braz	BR
Wenceslau Guimaraes	BR
Wenchang	CN
Wendeburg	DE
Wendelstein	DE
Wenden	DE
Wendlingen am Neckar	DE
Wendo	ET
Wendong	CN
Wendou Borou	GN
Wendouree	AU
Wenfeng	CN
Wenheng	CN
Wenhua	CN
Wenji	ET
Wenjiang	CN
Wenling	CN
Wennigsen	DE
Weno	FM
Wenquan	CN
Wenshan City	CN
Wenshang	CN
Wensu	CN
Wentorf bei Hamburg	DE
Wentworthville	AU
Wentzville	US
Wenxian Chengguanzhen	CN
Wenxing	CN
Wenzhou	CN
Wepener	ZA
Werdau	DE
Werder	DE
Werdohl	DE
Were Ilu	ET
Werkendam	NL
Werl	DE
Wermelskirchen	DE
Wernau	DE
Werne	DE
Werneck	DE
Wernigerode	DE
Werota	ET
Werribee	AU
Wersten	DE
Wertheim	DE
Werther	DE
Weru	ID
Wervik	BE
Wesel	DE
Weslaco	US
Wesley Chapel	US
Wesola	PL
Wesseling	DE
Wesselsbron	ZA
West Albany	US
West Allis	US
West Babylon	US
West Bay	KY
West Bend	US
West Bloomfield Township	US
West Bridgford	GB
West Bromwich	GB
West Cambie	CA
West Carrollton City	US
West Carson	US
West Chester	US
West Chicago	US
West Clayton	CA
West Columbia	US
West Coon Rapids	US
West Covina	US
West Derby	GB
West Des Moines	US
West Drayton	GB
West Ealing	GB
West Elkridge	US
West Elsdon	US
West End	CA
West End of London	GB
West Englewood	US
West Falls Church	US
West Fargo	US
West Footscray	AU
West Freehold	US
West Garfield Park	US
West Gulfport	US
West Ham	GB
West Harbour	NZ
West Hartford	US
West Haven	US
West Haverstraw	US
West Hempstead	US
West Henrietta	US
West Hill	CA
West Hills	US
West Hollywood	US
West Humber-Clairville	CA
West Islip	US
West Jerusalem	IL
West Jordan	US
West Kelowna	CA
West Kensington	US
West Lafayette	US
West Lake Sammamish	US
West Lake Stevens	US
West Lawn	US
West Linn	US
West Little River	US
West Lynchburg	US
West Melbourne	US
West Memphis	US
West Mifflin	US
West Milford	US
West Molesey	GB
West Monroe	US
West Mount Airy	US
West New York	US
West Nipissing	CA
West Norriton	US
West Oak Lane	US
West Odessa	US
West Orange	US
West Palm Beach	US
West Park	US
West Pennant Hills	AU
West Pensacola	US
West Perrine	US
West Plains	US
West Point	US
West Point Grey	CA
West Puente Valley	US
West Raleigh	US
West Richland	US
West Ridge	US
West Roxbury	US
West Ryde	AU
West Sacramento	US
West Saint Paul	US
West Scarborough	US
West Sedona	US
West Seneca	US
West Springfield	US
West Springs	CA
West Torrington	US
West Town	US
West University Place	US
West Valley	US
West Valley City	US
West Vancouver	CA
West Village	US
West Warwick	US
West Watford	GB
West Whittier-Los Nietos	US
West Wickham	GB
West Wodonga	AU
West and East Lealman	US
Westbourne	GB
Westbrook	US
Westbury	GB
Westchase	US
Westchester	US
Westend	DE
Westerkappeln	DE
Westerland	DE
Westerlo	BE
Westerly	US
Western Springs	US
Westerstede	DE
Westerville	US
Westfield	US
Westford	US
Westhill	GB
Westhoughton	GB
Westlake	US
Westland	US
Westmead	AU
Westminster	US
Westminster-Branson	CA
Westmont	US
Westmount	CA
Weston	US
Weston-Pellam Park	CA
Weston-super-Mare	GB
Westonaria	ZA
Westpark	US
Westport	US
Weststadt	DE
Westsyde	CA
Westwood	US
Westwood Lake	US
Westwood Plateau	CA
Wetaskiwin	CA
Wete	TZ
Wetherby	GB
Wethersfield	US
Wettbergen	DE
Wetter	DE
Wetteren	BE
Wettingen	CH
Wetzelsdorf	AT
Wetzikon	CH
Wetzlar	DE
Wevelgem	BE
Wewak	PG
Wexford	IE
Wexford/Maryvale	CA
Weybridge	GB
Weyburn	CA
Weymouth	US
Wezembeek-Oppem	BE
Whakatane	NZ
Whalley	CA
Whampoa	HK
Whampoa Garden	HK
Whanganui	NZ
Whangarei	NZ
Wharton	US
Whatcom	CA
Wheat Ridge	US
Wheaton	US
Wheelers Hill	AU
Wheeling	US
Whickham	GB
Whiston	GB
Whitburn	GB
Whitby	CA
Whitchurch	GB
Whitchurch-Stouffville	CA
White Bear Lake	US
White Center	US
White House	US
White Oak	US
White Plains	US
White River	ZA
White Rock	CA
White Settlement	US
Whitechapel	GB
Whitefield	GB
Whitefish Bay	US
Whitehall	US
Whitehall Estates	KY
Whitehall Township	US
Whitehaven	GB
Whitehorn	CA
Whitehorse	CA
Whitestone	US
Whitewater	US
Whitley Bay	GB
Whitman	US
Whitney	US
Whitstable	GB
Whittier	US
Whittlesea	ZA
Whittlesey	GB
Wiang Sa	TH
Wichelen	BE
Wichian Buri	TH
Wichit	TH
Wichita	US
Wichita Falls	US
Wickede	DE
Wickford	GB
Wickliffe	US
Wicklow	IE
Widnes	GB
Wiefelstede	DE
Wiehl	DE
Wieliczka	PL
Wielki Kack	PL
Wielun	PL
Wiener Neustadt	AT
Wierden	NL
Wiesbaden	DE
Wieseck	DE
Wiesloch	DE
Wiesmoor	DE
Wietmarschen	DE
Wigan	GB
Wigram	NZ
Wigston Magna	GB
Wihkwentowin	CA
Wijchen	NL
Wijk bij Duurstede	NL
Wik'ro	ET
Wil	CH
Wilanow	PL
Wildberg	DE
Wildeshausen	DE
Wildomar	US
Wildwood	US
Wiley Park	AU
Wilhelmsburg	DE
Wilhelmshaven	DE
Wilhelmstadt	DE
Wilkau-Hasslau	DE
Wilkes-Barre	US
Wilkinsburg	US
Willebroek	BE
Willemstad	CW
Willenhall	GB
Willesden	GB
Willetton	AU
Williamnagar	IN
Williams Lake	CA
Williamsburg	US
Williamsport	US
Williamstown	US
Willich	DE
Willimantic	US
Willingboro	US
Willingdon Heights	CA
Williston	US
Willmar	US
Willoughby	CA
Willow Grove	US
Willowbrook	US
Willowdale	CA
Willowdale East	CA
Willowdale West	CA
Willowick	US
Willowridge-Martingrove-Richview	CA
Wilmersdorf	DE
Wilmette	US
Wilmington	US
Wilmington Island	US
Wilmslow	GB
Wilnsdorf	DE
Wilrijk	BE
Wilsdruff	DE
Wilson	US
Wilsonville	US
Wilten	AT
Wilton	US
Wilton Manors	US
Wimbledon	GB
Wimbledon Park	GB
Wimborne Minster	GB
Winburg	ZA
Winchester	GB
Winchester Center	US
Winder	US
Windham	US
Windhoek	NA
Windsor	CA
Windsor Locks	US
Winejok	SS
Winfield	US
Wingene	BE
Winkler	CA
Winneba	GH
Winnenden	DE
Winnetka	US
Winnie Mandela	ZA
Winnipeg	CA
Winona	US
Winschoten	NL
Winsen	DE
Winsford	GB
Winston Hills	AU
Winston-Salem	US
Winter Garden	US
Winter Gardens	US
Winter Haven	US
Winter Hill	US
Winter Park	US
Winter Springs	US
Winterberg	DE
Winterhude	DE
Winterswijk	NL
Winterthur	CH
Winthrop	US
Winton	US
Wipperfuerth	DE
Wiradesa	ID
Wisbech	GB
Wisch	NL
Wisconsin Rapids	US
Wiset Chaichan	TH
Wishart	AU
Wishaw	GB
Wisla	PL
Wismar	DE
Wissinoming	US
Witham	GB
Witney	GB
Wittelsheim	FR
Witten	DE
Wittenau	DE
Wittenberg	DE
Wittenberge	DE
Wittenheim	FR
Wittingen	DE
Wittlich	DE
Wittmund	DE
Wittstock	DE
Witzenhausen	DE
Wixom	US
Wladyslawowo	PL
Wlochy	PL
Wloclawek	PL
Wlodawa	PL
Wloszczowa	PL
Wo Che	HK
Wobulenzi	UG
Woburn	CA
Wodonga	AU
Wodzislaw Slaski	PL
Woerden	NL
Woergl	AT
Woerth am Rhein	DE
Wofo	CN
Wohlen	CH
Woippy	FR
Wokha	IN
Woking	GB
Wokingham	GB
Wola	PL
Wolcott	US
Wolf Trap	US
Wolfen	DE
Wolfenbuettel	DE
Wolfhagen	DE
Wolfratshausen	DE
Wolfsberg	AT
Wolfsburg	DE
Wolgast	DE
Wolin	PL
Wollert	AU
Wollongong	AU
Wollongong city centre	AU
Wolmaransstad	ZA
Wolmirstedt	DE
Wolnzach	DE
Wolomin	PL
Wolow	PL
Wolseley	ZA
Wolsztyn	PL
Woluwe-Saint-Lambert	BE
Wolvega	NL
Wolverhampton	GB
Wombourne	GB
Wombwell	GB
Wommelgem	BE
Wondelgem	BE
Wong Chuk Hang	HK
Wong Sawang	TH
Wong Tai Sin	HK
Wongsorejo	ID
Wonji	ET
Wonju	KR
Wonopringgo	ID
Wonosari	ID
Wonosobo	ID
Wonsan	KP
Wood Dale	US
Wood Green	GB
Wood River	US
Woodbine Corridor	CA
Woodbridge	US
Woodburn	US
Woodbury	US
Woodcrest	US
Woodcroft	AU
Woodford Green	GB
Woodhaven	US
Woodinville	US
Woodland	US
Woodland Hills	US
Woodland Park	US
Woodlands	SG
Woodlands North Coast	SG
Woodlawn	US
Woodmere	US
Woodridge	US
Woodrow	US
Woods Cross	US
Woodside	US
Woodstock	CA
Woodward	US
Woolston	GB
Woolton	GB
Woonona	AU
Woonsocket	US
Wooster	US
Worabe	ET
Worb	CH
Worcester	US
Worcester Park	GB
Workington	GB
Worksop	GB
World's End	GB
Worms	DE
Worringen	DE
Worth	US
Worthi	IN
Worthing	GB
Worthington	US
Wote	KE
Woudenberg	NL
Woy Woy	AU
Wrentham	US
Wrexham	GB
Wright	US
Wroclaw	PL
Wronki	PL
Wrzesnia	PL
Wrzeszcz	PL
Wrzeszcz Dolny	PL
Wrzeszcz Gorny	PL
Wschowa	PL
Wu Kai Sha	HK
Wu King	HK
Wu'erqi	CN
Wuchang	CN
Wucheng	CN
Wuchuan	CN
Wuda	CN
Wudalike	CN
Wudil	NG
Wudong	CN
Wuduan	CN
Wuelflingen (Kreis 6)	CH
Wuelfrath	DE
Wuerselen	DE
Wuerzburg	DE
Wufeng	TW
Wugang	CN
Wuhai	CN
Wuhan	CN
Wuhe	CN
Wuhu	CN
Wujia	CN
Wujiahe	CN
Wujian	CN
Wujiaqu	CN
Wujing	CN
Wukari	NG
Wuku	CN
Wuling	CN
Wulingyuan	CN
Wulong	CN
Wum	CM
Wuma	CN
Wundanyi	KE
Wundwin	MM
Wunsiedel	DE
Wunstorf	DE
Wuping	CN
Wuppertal	DE
Wuqiao	CN
Wurno	NG
Wurzen	DE
Wushan	CN
Wushipai	CN
Wusu	CN
Wutan	CN
Wutongshu	CN
Wuustwezel	BE
Wuwei	CN
Wuxi	CN
Wuxue	CN
Wuyang	CN
Wuying	CN
Wuyishan	CN
Wuzhen	CN
Wuzhishan	CN
Wuzhong	CN
Wuzhou	CN
Wyandanch	US
Wyandotte	US
Wychwood	CA
Wyckoff	US
Wykagyl	US
Wylie	US
Wyndham Vale	AU
Wynnum	AU
Wynnum West	AU
Wyoming	US
Wyomissing	US
Wyszkow	PL
Xa Long Hai	VN
Xacmaz	AZ
Xai-Xai	MZ
Xalapa de Enriquez	MX
Xalatlaco	MX
Xalisco	MX
Xaloztoc	MX
Xam Nua	LA
Xambabazar	CN
Xambioa	BR
Xangongo	AO
Xangri-la	BR
Xanten	DE
Xanthi	GR
Xanxere	BR
Xapuri	BR
Xativa	ES
Xaxim	BR
Xenia	US
Xexeu	BR
Xhafzotaj	AL
Xi'an	CN
Xiaba	CN
Xiabao	CN
Xiagezhuang	CN
Xialu	CN
Xiamen	CN
Xianfeng	CN
Xiangcheng	CN
Xiangcheng Chengguanzhen	CN
Xianglong	CN
Xiangshui	CN
Xiangtan	CN
Xiangxiang	CN
Xiangyang	CN
Xiangzhou	CN
Xianju	CN
Xianlong	CN
Xianning	CN
Xiannue	CN
Xiannueshan	CN
Xianshuigu	CN
Xiantao	CN
Xianyang	CN
Xiaochangshan	CN
Xiaochuan	CN
Xiaodu	CN
Xiaogan	CN
Xiaohe	CN
Xiaojia	CN
Xiaolingwei	CN
Xiaomian	CN
Xiaoshan	CN
Xiaoshi	CN
Xiaoweizhai	CN
Xiasi	CN
Xiayang	CN
Xiaying	CN
Xiazhen	CN
Xiazhuang	CN
Xichang	CN
Xichuan	CN
Xico	MX
Xicohtzinco	MX
Xicotepec de Juarez	MX
Xiejiawan	CN
Xiema	CN
Xifeng	CN
Xigang	CN
Xigaoshan	CN
Xihai	CN
Xihe	CN
Xihu	TW
Xikhusese	ZA
Xikou	CN
Xilembene	MZ
Xili	CN
Xilin Hot	CN
Xilinhot	CN
Xilinji	CN
Xiluo	TW
Ximeicun	CN
Xinavane	MZ
Xincheng	CN
Xindi	CN
Xindian	CN
Xingang	TW
Xingcheng	CN
Xingdaohu	CN
Xingfeng	CN
Xingguo	CN
Xinghua	CN
Xinglong	CN
Xinglongshan	CN
Xinglou	CN
Xingning	CN
Xingqiao	CN
Xingren	CN
Xingtai	CN
Xinguara	BR
Xingyi	CN
Xinhe	CN
Xinhua	CN
Xining	CN
Xininglu	CN
Xinji	CN
Xinle	CN
Xinlin	CN
Xinmiao	CN
Xinmin	CN
Xinqing	CN
Xinsheng	CN
Xinshi	CN
Xintai	CN
Xintian	CN
Xinxiang	CN
Xinxing	CN
Xinyang	CN
Xinye	CN
Xinyi	CN
Xinying	TW
Xinyingpan	CN
Xinyu	CN
Xinyuan	CN
Xinzhai	CN
Xinzhi	CN
Xinzhou	CN
Xinzo de Limia	ES
Xiongjia	CN
Xiongzhou	CN
Xiping	CN
Xique-Xique	BR
Xirivella	ES
Xishan	CN
Xitole	GW
Xituo	CN
Xiugu	CN
Xiulin	CN
Xiuqi	CN
Xiuyan	CN
Xiuying	CN
Xiva	UZ
Xixiang	CN
Xiyu	CN
Xizhi	TW
Xizhou	TW
Xo'jaobod	UZ
Xo'jayli Shahri	UZ
Xochimilco	MX
Xochitepec	MX
Xom Cai Nuoc	VN
Xom My Xuan	VN
Xonacatlan	MX
Xonobod	UZ
Xoxocotla	MX
Xuan Loc	VN
Xuan Mai	VN
Xuan Trung	VN
Xuancheng	CN
Xuanhua	CN
Xuantan	CN
Xuchang	CN
Xucheng	CN
Xudat	AZ
Xuddur	SO
Xuelin	CN
Xuhui	CN
Xujia	CN
Xujiang	CN
Xumingsi	CN
Xunchang	CN
Xunsi	CN
Xunyang	CN
Xuyong	CN
Xuzhou	CN
Xuzhuang	CN
Ya'an	CN
Ya'bad	PS
Yabase	JP
Yabayo	CI
Yabe	JP
Yabelo	ET
Yablonovskiy	RU
Yabrud	SY
Yabu	JP
Yabuki	JP
Yacheng	CN
Yachi	JP
Yachimata	JP
Yachiyo	JP
Yacopi	CO
Yacuanquer	CO
Yacuiba	BO
Yadagirigutta	IN
Yadgir	IN
Yadrin	RU
Yae	JP
Yaese	JP
Yafa	IL
Yafran	LY
Yagoona	AU
Yagoori	SO
Yagoua	CM
Yagry	RU
Yagtyyol	TM
Yaguachi Nuevo	EC
Yaguajay	CU
Yaguaraparo	VE
Yahaba	JP
Yahotyn	UA
Yahualica de Gonzalez Gallo	MX
Yahyali	TR
Yaita	JP
Yaiza	ES
Yaizu	JP
Yajalon	MX
Yajiang	CN
Yak'airike	CN
Yakage	JP
Yakakent	TR
Yakami	JP
Yakasse-Attobrou	CI
Yakasseme	CI
Yakeshi	CN
Yakhroma	RU
Yakima	US
Yakinca	TR
Yako	BF
Yakumo	JP
Yakuplu	TR
Yakutsk	RU
Yakymivka	UA
Yala	TH
Yaletown	CA
Yalgo	BF
Yalikavak	TR
Yaloke	CF
Yalova	TR
Yalta	UA
Yalutorovsk	RU
Yalvac	TR
Yamabuki	JP
Yamada	JP
Yamaga	JP
Yamagata	JP
Yamaguchi	JP
Yamaguma	JP
Yamakiya	JP
Yamanashi	JP
Yamanobe	JP
Yamarugley	ET
Yamasa	DO
Yamashita	JP
Yamata	JP
Yamato	JP
Yamato-Takada	JP
Yamatokoriyama	JP
Yamazakicho-nakabirose	JP
Yambio	SS
Yambol	BG
Yamchi	IR
Yame	JP
Yamethin	MM
Yamjal	IN
Yamoto	JP
Yamoussoukro	CI
Yampil	UA
Yamuna Nagar	IN
Yamuna Vihar	IN
Yan Besar	MY
Yan Nawa	TH
Yan'an	CN
Yan'anxiang	CN
Yanacancha	PE
Yanagawa	JP
Yanagawamachi-saiwaicho	JP
Yanai	JP
Yanam	IN
Yanamalakuduru	IN
Yanaul	RU
Yanbu	SA
Yancheng	CN
Yandong	CN
Yanfolila	ML
Yang Talat	TH
Yangambi	CD
Yangba	CN
Yangcheng	CN
Yangchun	CN
Yangcun	CN
Yanggu	CN
Yanghe	CN
Yangi Marg`ilon	UZ
Yangi Qal'ah	AF
Yangiobod	UZ
Yangiqo`rg`on	UZ
Yangirabot	UZ
Yangiyer	UZ
Yangiyul	UZ
Yangjiang	CN
Yangjiao	CN
Yangjiaying	CN
Yangju	KR
Yangliujie	CN
Yangliuqing	CN
Yangon	MM
Yangp'yong	KR
Yangpu	CN
Yangquan	CN
Yangri	CN
Yangsan	KR
Yangshi	CN
Yangshuo	CN
Yangtun	CN
Yanguan	CN
Yangzhou	CN
Yanji	CN
Yanjia	CN
Yanjing	CN
Yankton	US
Yanliang	CN
Yanqul	OM
Yanta	CN
Yantai	CN
Yantongshan	CN
Yanwo	CN
Yanxi	CN
Yany Kapu	UA
Yanzhou	CN
Yanzibu	CN
Yao	JP
Yaoji	CN
Yaotsu	JP
Yaoude	CI
Yaounde	CM
Yaowan	CN
Yara	CU
Yaransk	RU
Yarim	YE
Yaring	TH
Yaripur	IN
Yaritagua	VE
Yarm	GB
Yarmouth	US
Yaroslavl	RU
Yaroslavskiy	RU
Yarovoye	RU
Yarraville	AU
Yartsevo	RU
Yarumal	CO
Yasenevo	RU
Yashan	CN
Yashikira	NG
Yashio	JP
Yashiro	JP
Yashkino	RU
Yasnogorsk	RU
Yasnyy	RU
Yasothon	TH
Yasu	JP
Yasugicho	JP
Yasuj	IR
Yasynuvata	UA
Yatagan	TR
Yate	GB
Yateley	GB
Yatomi	JP
Yatou	CN
Yatsuomachi-higashikumisaka	JP
Yatta	PS
Yatton	GB
Yau Ma Tei	HK
Yau Tong	HK
Yau Yat Chuen	HK
Yauco	PR
Yauri	PE
Yautepec	MX
Yaval	IN
Yavatmal	IN
Yavne	IL
Yavoriv	UA
Yawa	CN
Yawata	JP
Yawatahama	JP
Yawnghwe	MM
Yaxing	CN
Yaya	RU
Yaypan	UZ
Yayva	RU
Yazd	IR
Yazman	PK
Yazoo City	US
Yby Yau	PY
Ye	MM
Ye-u	MM
Yeadon	GB
Yeang	KH
Yebaishou	CN
Yebao	CN
Yecapixtla	MX
Yecheon	KR
Yecla	ES
Yedashe	MM
Yefremov	RU
Yeghvard	AM
Yegor'yevsk	RU
Yegorlykskaya	RU
Yegyi	GH
Yehud	IL
Yehud-Monosson	IL
Yei	SS
Yekaterinburg	RU
Yekaterinoslavka	RU
Yel'nya	RU
Yelabuga	RU
Yelahanka	IN
Yelan'	RU
Yelbarga	IN
Yelets	RU
Yeliguan	CN
Yelizavetinskaya	RU
Yelizovo	RU
Yellandu	IN
Yellapur	IN
Yellareddi	IN
Yellowknife	CA
Yelur	IN
Yelwa	NG
Yemanzhelinsk	RU
Yemel'yanovo	RU
Yemetsk	RU
Yemva	RU
Yen Bai	VN
Yen Hoa	VN
Yen Phu	VN
Yen Vien	VN
Yen Vinh	VN
Yenagoa	NG
Yenakiyeve	UA
Yenangyaung	MM
Yende Millimou	GN
Yendi	GH
Yengema	SL
Yengisar	CN
Yengitam	CN
Yeni Suraxani	AZ
Yenifakili	TR
Yenikoey	TR
Yenisehir	TR
Yeniseysk	RU
Yenugonda	IN
Yenumalapalle	IN
Yeoju	KR
Yeola	IN
Yeongam	KR
Yeongdong	KR
Yeonggwang	KR
Yeongju	KR
Yeonil	KR
Yeosu	KR
Yeovil	GB
Yepocapa	GT
Yerba Buena	AR
Yercaud	IN
Yerevan	AM
Yereymentau	KZ
Yerkhera	IN
Yerkoey	TR
Yermolino	RU
Yeroham	IL
Yerres	FR
Yershov	RU
Yesagyo	MM
Yesan	KR
Yesilhisar	TR
Yesilli	TR
Yesilova	TR
Yesilyurt	TR
Yessentuki	RU
Yessentukskaya	RU
Yeung Uk Tsuen	HK
Yevlakh	AZ
Yevpatoriya	UA
Yew Tee	SG
Yeysk	RU
Yeyuan	CN
Yezhou	CN
Yibin	CN
Yichang	CN
Yicheng	CN
Yichun	CN
Yidu	CN
Yigai'erqi	CN
Yigo Village	GU
Yigou	CN
Yihe	CN
Yiju	CN
Yilan	TW
Yildizli	TR
Yima	CN
Yinchuan	CN
Ying'airike	CN
Ying'awati	CN
Yingchuan	CN
Yingge	TW
Yinggen	CN
Yingjiang	CN
Yingkou	CN
Yingli	CN
Yingpan	CN
Yingqiu	CN
Yingshang Chengguanzhen	CN
Yingtan	CN
Yingwusitang	CN
Yingye'er	CN
Yinma	CN
Yinping	CN
Yinqiao Zhen	CN
Yintai	CN
Yinxingshu	CN
Yinzhu	CN
Yio Chu Kang	SG
Yirga 'Alem	ET
Yirga Ch'efe	ET
Yirka	IL
Yirol	SS
Yishan	CN
Yishikuli	CN
Yishui	CN
Yishun New Town	SG
Yisilamu'awati	CN
Yitang	CN
Yiu Tung Estate	HK
Yiwu	CN
Yixing	CN
Yizhou	CN
Yizhuang	CN
Ylivieska	FI
Yloejaervi	FI
Ymittos	GR
Yoch'im-dong	KP
Yoga	JP
Yogyakarta	ID
Yoichi	JP
Yokadouma	CM
Yokaichiba	JP
Yokine	AU
Yokkaichi	JP
Yokohama	JP
Yokoshiba	JP
Yokosuka	JP
Yokota	JP
Yokote	JP
Yol	IN
Yol Cantonment	IN
Yola	NG
Yoloeten	TM
Yomitan	JP
Yomra	TR
Yonabaru	JP
Yonago	JP
Yonan-up	KP
Yondo	CO
Yonezawa	JP
Yong Peng	MY
Yong'an	CN
Yongbei	CN
Yongcheng	CN
Yongchuan	CN
Yongcong	CN
Yonge-Eglinton	CA
Yonge-St.Clair	CA
Yongfeng	CN
Yonggwang-up	KP
Yongjia	CN
Yongjian	CN
Yongjing	TW
Yongkang	TW
Yongle	CN
Yongning	CN
Yongping	CN
Yongqing	CN
Yongrong	CN
Yongsan-dong	KR
Yongxi	CN
Yongxin	CN
Yongxing	CN
Yongzhou	CN
Yonkers	US
Yonmu	KR
Yono	JP
Yonsa-up	KP
Yopal	CO
Yoqne'am 'Illit	IL
Yorba Linda	US
Yorii	JP
York	GB
York Beach	US
York University Heights	CA
Yorkdale-Glen Park	CA
Yorkton	CA
Yorktown	US
Yorkville	US
Yoro	HN
Yorosso	ML
Yoshida-kasugacho	JP
Yoshii	JP
Yoshikawa	JP
Yoshinogawa	JP
Yoshioka	JP
Yoshkar-Ola	RU
Yotsukaido	JP
Yotsutsuji	JP
Yotsuya	JP
Youchou	CN
Youhao	CN
Youkaichi	JP
Young	UY
Youngstown	US
Youngsville	US
Youri Kourtere	NE
Youssoufia	MA
Yousuo	CN
Youting	CN
Youxi	CN
Yovon	TJ
Yoyogi	JP
Yozgat	TR
Ypenburg	NL
Ypsilanti	US
Ystad	SE
Ystalyfera	GB
Ytrebygda	NO
Yu Chui	HK
Yuanlin	TW
Yuanping	CN
Yuanshang	CN
Yuanyang	CN
Yuasa	JP
Yuba City	US
Yubileyny	RU
Yucaipa	US
Yucca Valley	US
Yucheng	CN
Yuchi	CN
Yuci	CN
Yudong	CN
Yueksekova	TR
Yuelai	CN
Yuen Long	HK
Yuen Long Kau Hui	HK
Yuen Long San Hui	HK
Yuet Wu	HK
Yuexi	CN
Yueyang	CN
Yufengshan	CN
Yufu	JP
Yugawara	JP
Yugorsk	RU
Yujia	CN
Yujing	TW
Yuki	JP
Yukon	US
Yuktae-dong	KP
Yukuhashi	JP
Yulee	US
Yulin	CN
Yulinshi	CN
Yulong	CN
Yuma	US
Yumare	VE
Yumbe	UG
Yumbel	CL
Yumbo	CO
Yumen	CN
Yunak	TR
Yuncheng	CN
Yundum	GM
Yunfu	CN
Yunguyo	PE
Yunji	CN
Yunjin	CN
Yunlong	CN
Yunmen	CN
Yunmeng Chengguanzhen	CN
Yunnanyi	CN
Yunoo	JP
Yunshan	CN
Yuntai	CN
Yunusobod	UZ
Yunyang	CN
Yupan	CN
Yuqunweng	CN
Yur'yev-Pol'skiy	RU
Yur'yevets	RU
Yura	JP
Yurecuaro	MX
Yurga	RU
Yurigaoka	JP
Yurihonjo	JP
Yurimaguas	PE
Yuriria	MX
Yuryuzan'	RU
Yushan	CN
Yushkovo	RU
Yushu	CN
Yusuf as-Siddiq	EG
Yutan	CN
Yutz	FR
Yuxi	CN
Yuxia	CN
Yuyao	CN
Yuye shequ	CN
Yuza	JP
Yuzawa	JP
Yuzha	RU
Yuzhno-Sakhalinsk	RU
Yuzhno-Sukhokumsk	RU
Yuzhnoural'sk	RU
Yuzhnyy	RU
Yuzivskyi	UA
Yverdon-les-Bains	CH
Yvetot	FR
Ywar Ma East	MM
Ywar Ma Middle	MM
Ywar Ma West	MM
Yylanly	TM
Yzeure	FR
Za Yat Kwin	MM
Zaafarana	EG
Zaandam	NL
Zaanstad	NL
Zabaykal'sk	RU
Zabbar	MT
Zabehlice	CZ
Zabianka-Wejhera-Jelitkowo-Tysiaclecia	PL
Zabid	YE
Zabki	PL
Zabkowice Slaskie	PL
Zabol	IR
Zabovresky	CZ
Zabrat	AZ
Zabre	BF
Zabreh	CZ
Zabrze	PL
Zacapa	GT
Zacapu	MX
Zacatecas	MX
Zacatecoluca	SV
Zacatelco	MX
Zacatepec	MX
Zacatlan	MX
Zachary	US
Zacoalco de Torres	MX
Zacualtipan	MX
Zadar	HR
Zadonsk	RU
Zafar	UZ
Zafarwal	PK
Zafra	ES
Zag	MA
Zagan	PL
Zagarolo	IT
Zagazig	EG
Zaghouan	TN
Zagne	CI
Zagor'ye	RU
Zagora	MA
Zagoreta	CI
Zagreb	HR
Zaguieta	CI
Zahedan	IR
Zahir Pir	PK
Zahirabad	IN
Zahle	LB
Zaibo	CI
Zaida	PK
Zaidpur	IN
Zainsk	RU
Zaio	MA
Zajas	MK
Zajecar	RS
Zakamensk	RU
Zaki Biam	NG
Zakiyah	SY
Zakopane	PL
Zakrzow	PL
Zakynthos	GR
Zalaegerszeg	HU
Zalanga	NG
Zalau	RO
Zalinjay	SD
Zaliohouan	CI
Zaltan	LY
Zaltbommel	NL
Zalun	MM
Zama	JP
Zamania	IN
Zambakro	CI
Zambezi	ZM
Zamboanga	PH
Zambrow	PL
Zamiin Uud	MN
Zamora	ES
Zamora de Hidalgo	MX
Zamosc	PL
Zamoskvorech'ye	RU
Zanandore	BI
Zandhoven	BE
Zandvoort	NL
Zanesville	US
Zangguy	CN
Zango	NG
Zanjan	IR
Zanzibar	TZ
Zaouia Ait Ishak	MA
Zaouiet Sousse	TN
Zaoyang	CN
Zaozersk	RU
Zaozhuang	CN
Zaozyornyy	RU
Zapala	AR
Zapolyarnyy	RU
Zapopan	MX
Zaporizhzhya	UA
Zapotiltic	MX
Zapotlanejo	MX
Zapresic	HR
Zaprudnya	RU
Zaqatala	AZ
Zara	TR
Zaragoza	ES
Zarand	IR
Zaranj	AF
Zaranou	CI
Zarate	AR
Zarautz	ES
Zaraysk	RU
Zaraza	VE
Zardob	AZ
Zarechnyy	RU
Zarghun Shahr	AF
Zarhalol	TJ
Zaria	NG
Zarichnyi	UA
Zarinsk	RU
Zarnesti	RO
Zarqa	JO
Zarrin Shahr	IR
Zaruma	EC
Zarumilla	PE
Zary	PL
Zarya	RU
Zarzal	CO
Zarzis	TN
Zaslawye	BY
Zaspa-Mlyniec	PL
Zaspa-Rozstaje	PL
Zastron	ZA
Zata	CI
Zatec	CZ
Zaventem	BE
Zavety Il'icha	RU
Zavidovici	BA
Zavitinsk	RU
Zavodoukovsk	RU
Zavodskoy	RU
Zavolzh'ye	RU
Zavolzhsk	RU
Zawiercie	PL
Zawiya	LY
Zawyat an Nwacer	MA
Zawyat ech Cheikh	MA
Zaxo	IQ
Zayed City	AE
Zaysan	KZ
Zayukovo	RU
Zbarazh	UA
Zdolbuniv	UA
Zdunska Wola	PL
Zdzieszowice	PL
Ze	BJ
Ze Doca	BR
Zeaglo	CI
Zedelgem	BE
Zee Kone	MM
Zeerust	ZA
Zeewolde	NL
Zefta	EG
Zega	CI
Zegban	CI
Zeghanghane	MA
Zegoua	ML
Zehak	IR
Zehdenick	DE
Zehlendorf	DE
Zeist	NL
Zeitz	DE
Zejtun	MT
Zekeriya	TR
Zele	BE
Zelenchukskaya	RU
Zelenodolsk	RU
Zelenogorsk	RU
Zelenograd	RU
Zelenogradsk	RU
Zelenokumsk	RU
Zelino	MK
Zella-Mehlis	DE
Zellik	BE
Zelzate	BE
Zemamra	MA
Zemetchino	RU
Zemio	CF
Zemoura	DZ
Zemst	BE
Zemun	RS
Zengfu	CN
Zenica	BA
Zentsujicho	JP
Zephyrhills	US
Zepu	CN
Zerakpur	IN
Zeralda	DZ
Zeramedine	TN
Zerbst	DE
Zeregbo	CI
Zeribet el Oued	DZ
Zernograd	RU
Zestaponi	GE
Zetel	DE
Zetland	AU
Zeulenroda	DE
Zeulenroda-Triebes	DE
Zeuthen	DE
Zeven	DE
Zevenaar	NL
Zevio	IT
Zeya	RU
Zeytinburnu	TR
Zgar nad Sazavou	CZ
Zgierz	PL
Zgorzelec	PL
Zgorzelisko	PL
Zhabei	CN
Zhabinka	BY
Zhakou	CN
Zhalagash	KZ
Zhalantun	CN
Zhanaozen	KZ
Zhancheng	CN
Zhangaarqa	KZ
Zhangaqorghan	KZ
Zhangatas	KZ
Zhangfeng	CN
Zhangji	CN
Zhangjiachuan	CN
Zhangjiagang	CN
Zhangjiajie	CN
Zhangjiakou	CN
Zhangye	CN
Zhangzhai	CN
Zhangzhou	CN
Zhangzhuang	CN
Zhangzi	CN
Zhanhe	CN
Zhanjiang	CN
Zhaobaoshan	CN
Zhaodong	CN
Zhaodun	CN
Zhaogezhuang	CN
Zhaojia	CN
Zhaoqing	CN
Zhaotong	CN
Zhaoxing	CN
Zhaoyuan	CN
Zhaozhou	CN
Zhaozhuang	CN
Zharkent	KZ
Zhashkiv	UA
Zhawa	CN
Zhdanivka	UA
Zhefang	CN
Zheleznodorozhnyy	RU
Zheleznogorsk	RU
Zheleznogorsk-Ilimskiy	RU
Zheleznovodsk	RU
Zhelou	CN
Zhen'an	CN
Zhendong	CN
Zhengding	CN
Zhengji	CN
Zhengxing	CN
Zhengyang	CN
Zhengzhou	CN
Zhenjiang	CN
Zhenlai	CN
Zhenping	CN
Zhenxi	CN
Zhenzhou	CN
Zherdevka	RU
Zheshan	CN
Zhetybay	KZ
Zhetysay	KZ
Zhezqazghan	KZ
Zhicheng	CN
Zhifang	CN
Zhifeng	CN
Zhigou	CN
Zhigulevsk	RU
Zhijiang	CN
Zhiping	CN
Zhirnovsk	RU
Zhisheng	CN
Zhitikara	KZ
Zhlobin	BY
Zhmerynka	UA
Zhob	PK
Zhong'ao	CN
Zhongba	CN
Zhongchao	CN
Zhongduo	CN
Zhongfeng	CN
Zhonggang	CN
Zhonggulou	CN
Zhonghe	CN
Zhongling	CN
Zhongmiao	CN
Zhongshan	CN
Zhongshu	CN
Zhongtang	CN
Zhongxiang	CN
Zhongxin	CN
Zhongxing	CN
Zhongxing New Village	TW
Zhongzhai	CN
Zhosaly	KZ
Zhoubai	CN
Zhoucheng	CN
Zhoucun	CN
Zhoujia	CN
Zhoujiaba	CN
Zhoukou	CN
Zhouqu Chengguanzhen	CN
Zhoushan	CN
Zhouxi	CN
Zhouzhuang	CN
Zhovkva	UA
Zhovti Vody	UA
Zhu Cheng City	CN
Zhuanghe	CN
Zhuangyuan	CN
Zhuantang	CN
Zhubei	TW
Zhucheng	CN
Zhudong	TW
Zhufo	CN
Zhuhai	CN
Zhuji	CN
Zhujiajiao	CN
Zhujing	CN
Zhukov	RU
Zhukovka	RU
Zhukovsky	RU
Zhulebino	RU
Zhulyany	UA
Zhumadian	CN
Zhuojiacun	MO
Zhuoshui	CN
Zhuravlivka	UA
Zhushan	TW
Zhutang	CN
Zhutuo	CN
Zhuxi	CN
Zhuyang	CN
Zhuyi	CN
Zhuyuan	CN
Zhuzhai	CN
Zhuzhou	CN
Zhuzilin	CN
Zhydachiv	UA
Zhytomyr	UA
Ziama Mansouria	DZ
Ziar nad Hronom	SK
Ziauddin Pur	IN
Zibashahr	IR
Zibihu	CN
Zibo	CN
Zidenice	CZ
Zielona Gora	PL
Zielonka	PL
Zierikzee	NL
Zighout Youcef	DZ
Zigon	MM
Zigong	CN
Ziguinchor	SN
Zikhron Ya'aqov	IL
Zile	TR
Zilina	SK
Zillah	LY
Zima	RU
Zimapan	MX
Zimatlan de Alvarez	MX
Zimnicea	RO
Zimovniki	RU
Zinacantepec	MX
Zinacatepec	MX
Zinapecuaro de Figueroa	MX
Zindah Jan	AF
Zinder	NE
Zinguedesse	BF
Ziniare	BF
Zinjibar	YE
Zintan	LY
Zinvie	BJ
Zion	US
Zionsville	US
Zipaquira	CO
Zir Ab	IR
Zira	IN
Zirefuxiati	CN
Zirndorf	DE
Ziro	IN
Zishui	CN
Zitong	CN
Zittau	DE
Zivinice	BA
Ziway	ET
Ziyang	CN
Ziyang Chengguanzhen	CN
Zizhuang	CN
Zizkov	CZ
Zizur Mayor	ES
Zlate Moravce	SK
Zlatopil	UA
Zlatoust	RU
Zlin	CZ
Zliten	LY
Zlocieniec	PL
Zlotoryja	PL
Zlotow	PL
Zmeinogorsk	RU
Zmiiv	UA
Znamenka	RU
Znamensk	RU
Znamenskoye	RU
Znamyanka	UA
Znin	PL
Znojmo	CZ
Zoersel	BE
Zoetermeer	NL
Zofingen	CH
Zofio	ES
Zografos	GR
Zola Predosa	IT
Zolder	BE
Zoliborz	PL
Zolochiv	UA
Zolote	UA
Zolotonosha	UA
Zomba	MW
Zomin Shaharchasi	UZ
Zongo	CD
Zonguldak	TR
Zonhoven	BE
Zonnebeke	BE
Zorgo	BF
Zoroyo	CI
Zorritos	PE
Zory	PL
Zossen	DE
Zottegem	BE
Zou	CI
Zoualet	MA
Zouan	CI
Zouan-Hounien	CI
Zoucheng	CN
Zouerat	MR
Zouila	TN
Zoukougbeu	CI
Zouma	CN
Zouzhuang	CN
Zrenjanin	RS
Zriba-Village	TN
Zschopau	DE
Zubia	ES
Zubin Potok	XK
Zubova Polyana	RU
Zuelpich	DE
Zuendorf	DE
Zuenoula	CI
Zuerich	CH
Zuerich (Kreis 10)	CH
Zuerich (Kreis 10) / Hoengg	CH
Zuerich (Kreis 10) / Wipkingen	CH
Zuerich (Kreis 11)	CH
Zuerich (Kreis 11) / Affoltern	CH
Zuerich (Kreis 11) / Oerlikon	CH
Zuerich (Kreis 11) / Seebach	CH
Zuerich (Kreis 12)	CH
Zuerich (Kreis 12) / Hirzenbach	CH
Zuerich (Kreis 12) / Schwamendingen-Mitte	CH
Zuerich (Kreis 2)	CH
Zuerich (Kreis 2) / Wollishofen	CH
Zuerich (Kreis 3)	CH
Zuerich (Kreis 3) / Alt-Wiedikon	CH
Zuerich (Kreis 3) / Sihlfeld	CH
Zuerich (Kreis 4) / Aussersihl	CH
Zuerich (Kreis 4) / Hard	CH
Zuerich (Kreis 4) / Langstrasse	CH
Zuerich (Kreis 5)	CH
Zuerich (Kreis 6)	CH
Zuerich (Kreis 6) / Unterstrass	CH
Zuerich (Kreis 7)	CH
Zuerich (Kreis 8)	CH
Zuerich (Kreis 9)	CH
Zuerich (Kreis 9) / Albisrieden	CH
Zuerich (Kreis 9) / Altstetten	CH
Zug	CH
Zugdidi	GE
Zuglo	HU
Zuhres	UA
Zuidwijk	NL
Zuitai	CN
Zulte	BE
Zumarraga	PH
Zumpango	MX
Zumpango del Rio	MX
Zungeru	NG
Zunheboto	IN
Zunil	GT
Zunyi	CN
Zurrieq	MT
Zuru	NG
Zushi	JP
Zutphen	NL
Zuunmod	MN
Zuwarah	LY
Zuyevka	RU
Zvecan	XK
Zvenigorod	RU
Zvenigovo	RU
Zvenyhorodka	UA
Zverevo	RU
Zvirynets	UA
Zvishavane	ZW
Zvolen	SK
Zvyahel	UA
Zwedru	LR
Zweibruecken	DE
Zwevegem	BE
Zwickau	DE
Zwiesel	DE
Zwijndrecht	NL
Zwoenitz	DE
Zwolle	NL
Zyablikovo	RU
Zymna Voda	UA
Zyrardow	PL
Zyrya	AZ
Zytkavicy	BY
Zyuzino	RU
Zywiec	PL
`Afrin	SY
`Anjarah	JO
`Irbin	SY
`Izbat al Burj	EG
`Izra	JO
al-Qasim	IQ
eMbalenhle	ZA
eMkhomazi	ZA
eMuziwezinto	ZA
eNduli	ZA
eSikhaleni	ZA
el Baix Guinardo	ES
el Besos i el Maresme	ES
el Bon Pastor	ES
el Camp d'en Grassot i Gracia Nova	ES
el Camp de l'Arpa del Clot	ES
el Clot	ES
el Congres i els Indians	ES
el Guinardo	ES
el Parc i la Llacuna del Poblenou	ES
el Poblenou	ES
el Putxet i el Farro	ES
el Raval	ES
el Turo de la Peira	ES
el hed	DZ
kankrabari Dovan	NP
koppana Agrahara	IN
l'Alcora	ES
l'Alfas del Pi	ES
l'Antiga Esquerra de l'Eixample	ES
l'Escala	ES
la Barceloneta	ES
la Bisbal d'Emporda	ES
la Font de la Guatlla	ES
la Garriga	ES
la Guineueta	ES
la Marina de Port	ES
la Maternitat i Sant Ramon	ES
la Nova Esquerra de l'Eixample	ES
la Nucia	ES
la Prosperitat	ES
la Salut	ES
la Teixonera	ES
la Trinitat Vella	ES
la Verneda i la Pau	ES
la Vila de Gracia	ES
les Escaldes	AD
les Roquetes	ES
maalot Tarshiha	IL
patamda	IN
s'Arenal	ES
sa Pobla	ES
thi xa Quang Tri	VN
vadlamuru	IN
